{
  "protocol": {
    "train0": 504,
    "refit_every": 21,
    "embargo": 5,
    "sigma_window": 63,
    "quantile_grid": [
      0.05,
      0.1,
      0.2,
      0.3,
      0.4,
      0.5,
      0.6,
      0.7,
      0.8,
      0.9,
      0.95
    ]
  },
  "models": {
    "har": {
      "n": 3267,
      "mean_crps": 0.2469199020263588,
      "crps_ci95": [
        0.2467945414510734,
        0.2470452626016442
      ],
      "features": [
        "har_d",
        "har_w",
        "har_m"
      ]
    },
    "har_vix": {
      "n": 3267,
      "mean_crps": 0.23148435248355193,
      "crps_ci95": [
        0.23136111246210986,
        0.231607592504994
      ],
      "features": [
        "har_d",
        "har_w",
        "har_m",
        "vix_l",
        "t_30_90",
        "vvix_l"
      ]
    },
    "mlp": {
      "n": 3267,
      "mean_crps": 0.2397768008544925,
      "crps_ci95": [
        0.23962334566763735,
        0.23993025604134763
      ],
      "features": [
        "har_d",
        "har_w",
        "har_m",
        "vix_l",
        "t_30_90",
        "vvix_l"
      ],
      "hidden_layer_sizes": [
        8
      ],
      "param_count": 65
    },
    "qgb": {
      "n": 3267,
      "mean_crps": 0.22481174103131832,
      "crps_ci95": [
        0.2246890982304225,
        0.22493438383221415
      ],
      "features": [
        "har_d",
        "har_w",
        "har_m",
        "vix_l",
        "t_30_90",
        "vvix_l"
      ],
      "n_estimators": 60,
      "max_depth": 2,
      "n_quantile_models": 11
    }
  },
  "comparisons": {
    "overall": {
      "har_vs_har_vix": {
        "n": 3267,
        "dcrps": 0.015435549542806893,
        "dm_stat": 6.445746770970981,
        "dm_p": 1.1503265007206664e-10,
        "cw_stat": 10.383107877701978,
        "cw_p": 0.0
      },
      "har_vix_vs_qgb": {
        "n": 3267,
        "dcrps": 0.006672611452233639,
        "dm_stat": 3.986089094618043,
        "dm_p": 6.717129781597109e-05
      },
      "har_vix_vs_mlp": {
        "n": 3267,
        "dcrps": -0.008292448370940578,
        "dm_stat": -3.72547465811549,
        "dm_p": 0.00019494803828812302
      }
    },
    "pre2020": {
      "har_vs_har_vix": {
        "n": 1657,
        "dcrps": 0.018688815273458524,
        "dm_stat": 7.368313662916512,
        "dm_p": 1.7275070263167436e-13,
        "cw_stat": 8.695210810455718,
        "cw_p": 0.0
      },
      "har_vix_vs_qgb": {
        "n": 1657,
        "dcrps": 0.006573784127217569,
        "dm_stat": 4.041729562410469,
        "dm_p": 5.3058403448602576e-05
      },
      "har_vix_vs_mlp": {
        "n": 1657,
        "dcrps": -0.003401475725808337,
        "dm_stat": -1.5846440937142223,
        "dm_p": 0.11304722066424033
      }
    },
    "2020-21": {
      "har_vs_har_vix": {
        "n": 505,
        "dcrps": 0.011554236412363422,
        "dm_stat": 1.09224503294264,
        "dm_p": 0.2747254134643222,
        "cw_stat": 3.8387250136892073,
        "cw_p": 6.18374225499485e-05
      },
      "har_vix_vs_qgb": {
        "n": 505,
        "dcrps": 0.003322101187946828,
        "dm_stat": 0.36253010156010335,
        "dm_p": 0.716955933388097
      },
      "har_vix_vs_mlp": {
        "n": 505,
        "dcrps": -0.030203160484564163,
        "dm_stat": -3.4288222278919585,
        "dm_p": 0.0006062064538909784
      }
    },
    "2022+": {
      "har_vs_har_vix": {
        "n": 1105,
        "dcrps": 0.012330935800892144,
        "dm_stat": 4.367068730962097,
        "dm_p": 1.2592511065001588e-05,
        "cw_stat": 8.740333190035246,
        "cw_p": 0.0
      },
      "har_vix_vs_qgb": {
        "n": 1105,
        "dcrps": 0.008352036394329989,
        "dm_stat": 6.0716239423504605,
        "dm_p": 1.2662317860900885e-09
      },
      "har_vix_vs_mlp": {
        "n": 1105,
        "dcrps": -0.005613201362437601,
        "dm_stat": -1.8537814331271403,
        "dm_p": 0.06377043581386044
      }
    }
  },
  "multiplicity": {
    "n_comparisons": 12,
    "note": "3 model-comparison pairs (HAR vs HAR+VIX nested-CW+DM, HAR+VIX vs QGB non-nested-DM, HAR+VIX vs MLP non-nested-DM), each run overall plus 3 regime blocks = 12 tests. No formal multiplicity correction (e.g. Bonferroni) is applied; p-values are reported raw and this count is stated so a reader can judge for themselves."
  },
  "models_by_era": {
    "overall": {
      "har": {
        "n": 3267,
        "mean_crps": 0.2469199020263588,
        "crps_ci95": [
          0.2467945414510734,
          0.2470452626016442
        ]
      },
      "har_vix": {
        "n": 3267,
        "mean_crps": 0.23148435248355193,
        "crps_ci95": [
          0.23136111246210986,
          0.231607592504994
        ]
      },
      "mlp": {
        "n": 3267,
        "mean_crps": 0.2397768008544925,
        "crps_ci95": [
          0.23962334566763735,
          0.23993025604134763
        ]
      },
      "qgb": {
        "n": 3267,
        "mean_crps": 0.22481174103131832,
        "crps_ci95": [
          0.2246890982304225,
          0.22493438383221415
        ]
      }
    },
    "pre2020": {
      "har": {
        "n": 1657,
        "mean_crps": 0.24339674044438303,
        "crps_ci95": [
          0.2431540804724295,
          0.24363940041633655
        ]
      },
      "har_vix": {
        "n": 1657,
        "mean_crps": 0.22470792517092456,
        "crps_ci95": [
          0.22449372823811126,
          0.22492212210373785
        ]
      },
      "mlp": {
        "n": 1657,
        "mean_crps": 0.22810940089673287,
        "crps_ci95": [
          0.22788236167383358,
          0.22833644011963217
        ]
      },
      "qgb": {
        "n": 1657,
        "mean_crps": 0.21813414104370693,
        "crps_ci95": [
          0.21791739319562636,
          0.2183508888917875
        ]
      }
    },
    "2020-21": {
      "har": {
        "n": 505,
        "mean_crps": 0.2721265336699243,
        "crps_ci95": [
          0.2712769430263011,
          0.27297612431354745
        ]
      },
      "har_vix": {
        "n": 505,
        "mean_crps": 0.2605722972575608,
        "crps_ci95": [
          0.2595312402378106,
          0.261613354277311
        ]
      },
      "mlp": {
        "n": 505,
        "mean_crps": 0.290775457742125,
        "crps_ci95": [
          0.28942041407974034,
          0.29213050140450963
        ]
      },
      "qgb": {
        "n": 505,
        "mean_crps": 0.25725019606961397,
        "crps_ci95": [
          0.25621731566615435,
          0.2582830764730736
        ]
      }
    },
    "2022+": {
      "har": {
        "n": 1105,
        "mean_crps": 0.24068327737598172,
        "crps_ci95": [
          0.24033756889849975,
          0.2410289858534637
        ]
      },
      "har_vix": {
        "n": 1105,
        "mean_crps": 0.22835234157508955,
        "crps_ci95": [
          0.22805120706245935,
          0.22865347608771974
        ]
      },
      "mlp": {
        "n": 1105,
        "mean_crps": 0.23396554293752714,
        "crps_ci95": [
          0.23362793523329778,
          0.2343031506417565
        ]
      },
      "qgb": {
        "n": 1105,
        "mean_crps": 0.22000030518075958,
        "crps_ci95": [
          0.2197107934269465,
          0.22028981693457267
        ]
      }
    }
  }
}