{
  "gamma_only": {
    "tag": "+ gamma only (gex_pct,gex_neg)",
    "dcrps": 0.0018206505124210386,
    "dm": 3.2210929733689864,
    "dm_p": 0.0012770271326207894,
    "cw": 6.486126350574969,
    "cw_p": 4.4035664004127284e-11,
    "dauc": 0.006946582366704757,
    "dauc_p": 0.001
  },
  "dix_only": {
    "tag": "+ DIX only (dix)",
    "dcrps": 1.3869855779588356e-05,
    "dm": 0.036237277670061685,
    "dm_p": 0.9710931622155152,
    "cw": 2.4340557318291403,
    "cw_p": 0.007465347998244498,
    "dauc": -0.0002811768805696113,
    "dauc_p": 0.778
  },
  "gamma_plus_dix": {
    "tag": "+ gamma + DIX (headline)",
    "dcrps": 0.0019699341047153328,
    "dm": 2.775251888747616,
    "dm_p": 0.005515896850835977,
    "cw": 6.849112914203536,
    "cw_p": 3.715472374210549e-12,
    "dauc": 0.007078807188728886,
    "dauc_p": 0.003
  },
  "gamma_only_rich_vix": {
    "tag": "+ gamma only, over VIX+dVIX",
    "dcrps": 0.0018335641645179826,
    "dm": 3.207606079184366,
    "dm_p": 0.0013384468937931437,
    "cw": 6.468029549571867,
    "cw_p": 4.9644510724533575e-11,
    "dauc": 0.006928262060038826,
    "dauc_p": 0.001
  },
  "gamma_plus_dix_rich_vix": {
    "tag": "+ gamma+DIX, over VIX+dVIX",
    "dcrps": 0.002009811494072463,
    "dm": 2.7585250544940094,
    "dm_p": 0.005806285408029632,
    "cw": 6.848163880310839,
    "cw_p": 3.74023034765969e-12,
    "dauc": 0.0072691790710411874,
    "dauc_p": 0.001
  },
  "vix_echo": {
    "r2_gamma_alone": 0.3074997249491169,
    "r2_vix_har": 0.5757177681537817,
    "r2_full": 0.5824329852694172,
    "incremental_r2": 0.006715217115635497,
    "vix_echo_fraction": 0.9781618760252657
  }
}