date,carry,constant,spy_total,carry_dd,spy_dd,inmkt,vix_over_vix3m
2011-05-03,0.995251012354802,0.995251012354802,0.996402859508671,0.0,0.0,1.0,0.8694943192331276
2011-05-04,0.9931194706488444,0.9931194706488444,0.9897955093235082,-0.002141712672981133,-0.006631203555980236,1.0,0.8738879888341758
2011-05-05,0.9872602121269763,0.9872602121269763,0.9808398496771222,-0.008028929514895977,-0.015619194267690983,1.0,0.8786007989082587
2011-05-06,0.991713326653259,0.991713326653259,0.9851707819121546,-0.003554566292952255,-0.011272626818890297,1.0,0.917338702622239
2011-05-09,0.9983155242229897,0.9983155242229897,0.9889879939710798,0.0,-0.007441634141081677,1.0,0.9241587212966061
2011-05-10,1.0053074676866625,1.0053074676866625,0.9974302998608854,0.0,0.0,1.0,0.8937499644855672
2011-05-11,1.0013130650914595,1.0013130650914595,0.9869328934149357,-0.0039733143576409224,-0.010524451129481194,1.0,0.8660859702314495
2011-05-12,1.003477982015489,1.003477982015489,0.9916307581637723,-0.00181982699818517,-0.005814483175337615,1.0,0.8897638151619904
2011-05-13,1.0007550640713039,1.0007550640713039,0.9839962607620165,-0.004528369440877866,-0.01346864948933535,1.0,0.8693058316562148
2011-05-16,0.9968252932411431,0.9968252932411431,0.9777566492136163,-0.00843739325346693,-0.01972433627694392,1.0,0.8951232445291
2011-05-17,1.0003427363666164,1.0003427363666164,0.9776094951317871,-0.004938520283222947,-0.01987186947485231,1.0,0.9179667453251962
2011-05-18,1.005843092483322,1.005843092483322,0.9863450832105769,0.0,-0.011113775721325658,1.0,0.9023135892848002
2011-05-19,1.0106063975015938,1.0106063975015938,0.9886947850660008,0.0,-0.008758020280818513,1.0,0.8758769238307094
2011-05-20,1.0081756196902423,1.0081756196902423,0.9808398496771223,-0.0024052665977187804,-0.016633192500846383,1.0,0.8541551972940633
2011-05-23,1.0014010378845917,1.0014010378845917,0.9694608378504924,-0.009108748608518069,-0.028041520309032064,1.0,0.9149606665648079
2011-05-24,1.0017307525341634,1.0017307525341634,0.9686534690658745,-0.008782494341390001,-0.02885096913440921,1.0,0.923193489378025
2011-05-25,1.0074471502984959,1.0074471502984959,0.971883164056062,-0.00312609064311109,-0.02561295341477643,1.0,0.9295774610891429
2011-05-26,1.0116569278154262,1.0116569278154262,0.9763613969407341,0.0,-0.021123183166873782,1.0,0.9046104526137094
2011-05-27,1.0151823185569877,1.0151823185569877,0.9801054716621765,0.0,-0.01736946250893434,1.0,0.8845519256513638
2011-05-31,1.020958804061908,1.020958804061908,0.9903097424869524,0.0,-0.007138902211940135,1.0,0.8814120650695225
2011-06-01,1.0080109901664387,1.0080109901664387,0.9680662451327579,-0.012682014047928347,-0.02943970594458889,1.0,0.8798405734558975
2011-06-02,1.0104474231661336,1.0104474231661336,0.9670382917932067,-0.010295597485378116,-0.03047030762141234,1.0,0.9452479040840116
2011-06-03,1.0102985577253645,1.0102985577253645,0.9574215380371683,-0.010441406934473263,-0.04011183721739475,1.0,0.9363354185169199
2011-06-06,1.006982388029516,1.006982388029516,0.9472908442533071,-0.013689500474246996,-0.050268630915434764,1.0,0.921931208682071
2011-06-07,1.0095685639168035,1.0095685639168035,0.9467036936040959,-0.011156415028489075,-0.05085729425290619,1.0,0.9263527479008652
2011-06-08,1.0061818081614007,1.0061818081614007,0.9427391808955309,-0.01447364559834996,-0.05483202081687555,1.0,0.9266666666666666
2011-06-09,1.0126144497617835,1.0126144497617835,0.9499337550138102,-0.008173056803982948,-0.0476189111697326,1.0,0.9418546005725296
2011-06-10,1.005522925439495,1.005522925439495,0.936719640914727,-0.015119002413222615,-0.06086706906199446,1.0,0.9226375798974568
2011-06-13,1.0024130000522489,1.0024130000522489,0.9374539456457673,-0.018165085541036685,-0.060130872526614754,1.0,0.9378418412524498
2011-06-14,1.0084357737622234,1.0084357737622234,0.9493463845128831,-0.0122659506435141,-0.04820779492532834,1.0,0.9593933213125582
2011-06-15,0.9914537524293273,0.9914537524293273,0.9324621391527986,-0.028899355698970508,-0.06513553951303475,1.0,0.9397838246629304
2011-06-16,0.9808888610402291,0.9808888610402291,0.9345176794123746,-0.03924736518482397,-0.06307470352292821,1.0,0.9971936780579158
2011-06-17,0.9806926832680211,0.984663014134945,0.9373062052926957,-0.039439515711787054,-0.06027899350618826,0.0,1.0053073589743071
2011-06-20,0.9892200657917077,0.993421852339509,0.942101610919478,-0.031087187988317444,-0.05547123337753457,1.0,0.9737076417105177
2011-06-21,0.995517434539208,0.9997459696338744,0.9550121830828356,-0.02491909509128165,-0.042527399442312874,1.0,0.9420358457513986
2011-06-22,0.9934034371246376,0.9976229928564647,0.9492574911357622,-0.026989695203803232,-0.048296917320279964,1.0,0.9199999999999999
2011-06-23,0.9935352911520838,0.9977554069437984,0.9465278855152971,-0.026860547948378555,-0.05103355527969,1.0,0.8938224234430092
2011-06-24,0.985324735396568,0.9895099762358663,0.9355352264373743,-0.03490255289789268,-0.062054534970657826,1.0,0.9216435603792024
2011-06-27,0.9887467634112971,0.992946539571679,0.9438721500713677,-0.031550774157051764,-0.05369613274931351,1.0,0.9625912375255529
2011-06-28,0.9965179941660917,1.0007507792129433,0.9561927867971131,-0.023939075502927287,-0.041343754114471776,1.0,0.9562790697674418
2011-06-29,1.006459557935362,1.0107345705212156,0.9643813838067926,-0.014201597624566742,-0.03313406065436575,1.0,0.9342105054752617
2011-06-30,1.014666953335409,1.0189768274498314,0.9736035037328258,-0.00616268815300558,-0.023888181591618762,1.0,0.889289388885304
2011-07-01,1.0227629745210196,1.0271072370936676,0.9879892076258353,0.0,-0.009465415514614772,1.0,0.8736118526336641
2011-07-05,1.0218514049863994,1.0261917955989646,0.987178247929858,-0.0008912813206277681,-0.010278464502689877,1.0,0.8851087412094951
2011-07-06,1.0186677885221243,1.022994656484578,0.9883584119407037,-0.004004042090801407,-0.009095260011097506,1.0,0.8868028414543622
2011-07-07,1.0241951337822621,1.028545479558968,0.9986126623888898,0.0,0.0,1.0,0.8875611154498141
2011-07-08,1.0219079870283065,1.0262486179773456,0.9915301393618042,-0.0022331162085386103,-0.007092362528372753,1.0,0.8975801682116153
2011-07-11,1.004854924928417,1.0091231217150205,0.9736035037328257,-0.01888332429624362,-0.02504390300463144,1.0,0.8880846777876283
2011-07-12,0.9998473949204685,1.0040943218471563,0.9693980335436557,-0.023772558625502982,-0.029255215706304516,1.0,0.9204204415082603
2011-07-13,0.9999873140170338,1.004234835260596,0.9726442174125343,-0.023635944915917584,-0.026004522027823662,1.0,0.9493549789909151
2011-07-14,0.992697895290981,0.9969144541808632,0.9659305322807907,-0.03075316163138231,-0.032727534247279255,1.0,0.9549160496752247
2011-07-15,0.9946750834195488,0.9989000405645497,0.9715377037265086,-0.028822681722474486,-0.02711257295457503,1.0,0.9634089788325826
2011-07-18,0.9903926477164178,0.9945994148940379,0.9635701309751941,-0.03300395105473186,-0.035091214775773705,1.0,0.9326647326601383
2011-07-19,0.9999303839599328,1.0041776633888004,0.9792101621912063,-0.023691530082477263,-0.019429455411939855,1.0,0.9592490775471706
2011-07-20,1.0040544229889656,1.008319219583441,0.9786198603340676,-0.0196649155312022,-0.020020577354782687,1.0,0.9370731707317074
2011-07-21,1.0143057543400198,1.0186140942345732,0.9921941648276681,-0.009655757107263074,-0.0064274145551762585,1.0,0.9371624552529194
2011-07-22,1.0158961331637482,1.0202112283118376,0.9928584101452479,-0.008102948690906664,-0.005762246424831585,1.0,0.9145832969910582
2011-07-25,1.0081129595431149,1.0123949950765148,0.9873257684312136,-0.01570225605325537,-0.011302574444305158,1.0,0.9124999637405092
2011-07-26,1.0039255729489078,1.008189822243158,0.9836366566387413,-0.01979072167478535,-0.014996811390637466,1.0,0.9550838983908512
2011-07-27,0.9920100291963851,0.9962236663233528,0.9634964073664688,-0.03142477788096909,-0.03516504080612759,1.0,0.9684059641487838
2011-07-28,0.9918116271905459,0.9916009924440058,0.9606927117177521,-0.03161849292539276,-0.03797263153105357,0.0,1.0127809369377094
2011-07-29,0.9918116271905459,0.9952727282179757,0.9541269135068907,-0.03161849292539276,-0.044547551375505146,0.0,1.0344226235641902
2011-08-01,0.9918116271905459,1.00359449020329,0.9500691103868871,-0.03161849292539276,-0.048610991859322494,0.0,1.1021388113563089
2011-08-02,0.9918116271905459,0.9896172645383331,0.9257974809536964,-0.03161849292539276,-0.07291634101755162,0.0,1.0571939627896552
2011-08-03,0.9918116271905459,0.9884068081683832,0.930813984122749,-0.03161849292539276,-0.06789286859627064,0.0,1.0504237118345403
2011-08-04,0.9918116271905459,0.9494536150038141,0.8872132849649789,-0.03161849292539276,-0.11155414067894986,0.0,1.0112456380332564
2011-08-05,0.9918116271905459,0.939726796659072,0.8858853806010616,-0.03161849292539276,-0.11288388985391096,0.0,1.1085434380961507
2011-08-08,0.9918116271905459,0.9121458631351231,0.8281935788495616,-0.03161849292539276,-0.17065584080583374,0.0,1.0814464290295496
2011-08-09,0.9918116271905459,0.9301584935099041,0.866703831377838,-0.03161849292539276,-0.13209208733193745,0.0,1.2598425701408715
2011-08-10,0.9918116271905459,0.9076944819207522,0.8284148962435479,-0.03161849292539276,-0.17043421594334018,0.0,1.1284197085409196
2011-08-11,0.9918116271905459,0.9150656451821582,0.8655971711240017,-0.03161849292539276,-0.13320028503012094,0.0,1.1752323085862595
2011-08-12,0.9918116271905459,0.9137333975800982,0.8714255866798004,-0.03161849292539276,-0.12736377226063944,0.0,1.1531638188030062
2011-08-15,0.9918116271905459,0.9240322372863449,0.8898693868284349,-0.03161849292539276,-0.10889434878616333,0.0,1.1102290076335877
2011-08-16,0.9918116271905459,0.919805269861508,0.8822701389851252,-0.03161849292539276,-0.11650415399845726,0.0,1.0595079814107062
2011-08-17,0.9918116271905459,0.9161076274898466,0.8828605141261693,-0.03161849292539276,-0.11591295866989837,0.0,1.0791721229848854
2011-08-18,0.9918116271905459,0.8781553201150426,0.8447929696697706,-0.03161849292539276,-0.1540333890330916,0.0,1.0516150275695393
2011-08-19,0.9918116271905459,0.8692575318050997,0.8309970546465627,-0.03161849292539276,-0.1678484702380556,0.0,1.1658470431404757
2011-08-22,0.9918116271905459,0.8639398362598014,0.8316610801124267,-0.03161849292539276,-0.167183522264859,0.0,1.135883859281762
2011-08-23,0.9918116271905459,0.8721697629225647,0.8590312263453298,-0.03161849292539276,-0.13977535164600463,0.0,1.1092525316739033
2011-08-24,0.9918116271905459,0.875686888706444,0.8711303991092785,-0.03161849292539276,-0.12765936992491878,0.0,1.0425409326106718
2011-08-25,0.9918116271905459,0.8720517246105546,0.857851062334484,-0.03161849292539276,-0.14095715521739394,0.0,1.0316092180188325
2011-08-26,0.9918116271905459,0.874966129859523,0.8703189264259641,-0.03161849292539276,-0.12847196995882304,0.0,1.0860420469033745
2011-08-29,0.9918116271905459,0.885935098166772,0.8953282316498388,-0.03161849292539276,-0.10342792018275948,0.0,1.034292361459474
2011-08-30,0.9918116271905459,0.8837870837912913,0.8976892192266779,-0.03161849292539276,-0.10106365256853644,0.0,1.009380877487739
2011-08-31,0.9918116271905459,0.883448500499679,0.9016729323184298,-0.03161849292539276,-0.09707440504365317,0.0,1.0129349788576256
2011-09-01,0.9890749782119279,0.8811875413859589,0.8922300812696529,-0.03429049251643934,-0.10653037471480442,1.0,0.9984212164138462
2011-09-02,0.979075372134149,0.8722786836263219,0.8694335835661139,-0.04405387231385283,-0.1293585427945132,1.0,0.9946858464415606
2011-09-06,0.9788795570597222,0.8670793044611501,0.8630891027492388,-0.04424506153939001,-0.13571183777647122,0.0,1.00384726489939
2011-09-07,0.9788795570597222,0.8733500478324696,0.8874343092233441,-0.04424506153939001,-0.11133280935932044,0.0,1.045788549547126
2011-09-08,0.9788795570597222,0.8704790625736605,0.8782127022846481,-0.04424506153939001,-0.1205672275536942,0.0,1.012742746577478
2011-09-09,0.9788795570597222,0.853860728956568,0.8551951070388388,-0.04424506153939001,-0.14361680033874824,0.0,1.0180955482674077
2011-09-12,0.9788795570597222,0.8521713799849807,0.8607281151723997,-0.04424506153939001,-0.13807610539069426,0.0,1.0513100611809154
2011-09-13,0.9788795570597222,0.854002599251991,0.8686218910310838,-0.04424506153939001,-0.13017136298556542,0.0,1.0412843650840136
2011-09-14,0.9788795570597222,0.8584808318740687,0.8806471203345912,-0.04424506153939001,-0.11812942745198163,0.0,1.023571785755354
2011-09-15,0.988454981693106,0.8670502092929832,0.8958451030338735,-0.034895842511154074,-0.10291033072740619,1.0,0.9897025430806562
2011-09-16,0.9923875564855676,0.8704997743819503,0.9011469004462335,-0.031056169129833555,-0.09760116771351357,1.0,0.9537589368557221
2011-09-19,0.9856449077984158,0.8645852764395451,0.8921740190821034,-0.03763953246046359,-0.1065865147875884,1.0,0.9402124213254887
2011-09-20,0.9858354620157646,0.8647524262613314,0.891135805995811,-0.037453479811838886,-0.1076261702269744,1.0,0.9680567486121373
2011-09-21,0.9750969105139279,0.8553328133304293,0.8648847049967388,-0.047938348512767126,-0.13391374096163156,1.0,0.9773944391424715
2011-09-22,0.9749018911318251,0.8380297551139017,0.8369276279663403,-0.0481287608430645,-0.16190965778039013,0.0,1.0312241341854336
2011-09-23,0.9749018911318251,0.8362798986701148,0.8419702934895827,-0.0481287608430645,-0.15685998665847656,0.0,1.0561940839942714
2011-09-26,0.9749018911318251,0.8420714119091703,0.8619924091065222,-0.0481287608430645,-0.13681005501727117,0.0,1.0429835852271385
2011-09-27,0.9749018911318251,0.8452362252261694,0.8716328335639703,-0.0481287608430645,-0.12715623745562898,0.0,1.0260321128709073
2011-09-28,0.9749018911318251,0.8344059813820113,0.8538353241761187,-0.0481287608430645,-0.14497847230019445,0.0,1.0134372729865502
2011-09-29,0.9749018911318251,0.8373023960139134,0.8605836725950662,-0.0481287608430645,-0.1382207486370436,0.0,1.0394736721702102
2011-09-30,0.9749018911318251,0.824994754406706,0.8390783640188926,-0.0481287608430645,-0.15975593378553588,0.0,1.0172865293229123
2011-10-03,0.9749018911318251,0.814257347649626,0.8152001225893171,-0.0481287608430645,-0.18366734841996868,0.0,1.0417070381069187
2011-10-04,0.9749018911318251,0.8255752650823176,0.8330715021537044,-0.0481287608430645,-0.16577114077361732,0.0,1.0477178165264325
2011-10-05,0.9749018911318251,0.8339722584849932,0.8484960054042486,-0.0481287608430645,-0.15032520880070843,0.0,1.009147076145411
2011-10-06,0.9779397999696983,0.8367378084808519,0.8638464186265411,-0.04516261822270817,-0.13495346978673362,1.0,0.9869485420159864
2011-10-07,0.9743649258535082,0.8336791004359717,0.8580621932656344,-0.048653041090651716,-0.14074573096943255,1.0,0.9792116388635251
2011-10-10,0.9884638865416572,0.8457423516385764,0.8867606835658866,-0.034887148026814585,-0.11200737086132073,1.0,0.9702492272196584
2011-10-11,0.9907911698164793,0.8477336049929742,0.8876504967439596,-0.032614843464862875,-0.11111632149695116,1.0,0.949123286319393
2011-10-12,1.0041334284148387,0.8591494122033179,0.895436984965294,-0.01958777649463861,-0.10331901578013047,1.0,0.9647680174718951
2011-10-13,1.0045017039874387,0.8594645134964075,0.893657138757432,-0.019228200901616588,-0.10510133466601779,1.0,0.948134632775526
2011-10-14,1.0161568744897918,0.8694368265405354,0.9089333886675677,-0.007848367002863843,-0.0898038619966931,1.0,0.9385509281341803
2011-10-17,0.9946267240736225,0.851015354302626,0.8915806393009421,-0.02886989864855738,-0.10718071893050585,1.0,0.9292530624274781
2011-10-18,1.0024495290709654,0.8577086463742367,0.9090076985475352,-0.021231896143650064,-0.08972944888061085,1.0,0.9937500451292332
2011-10-19,0.9887367527301475,0.8459758194415773,0.8982546778399219,-0.034620727908723725,-0.10049740838343735,1.0,0.9868668058709121
2011-10-20,0.9885390053796015,0.8443345131187308,0.9021850402486202,-0.034813803763142026,-0.09656158565984385,0.0,1.0014539287943869
2011-10-21,0.9885390053796015,0.8535345166981392,0.9193150798270588,-0.034813803763142026,-0.0794077479171299,0.0,1.016959041640989
2011-10-24,1.0004109613107048,0.8639558299131891,0.9305870971519603,-0.02322230567892314,-0.0681200707731846,1.0,0.9796684602028448
2011-10-25,0.9873875591699878,0.8527088077993621,0.912492934515481,-0.035938048715723925,-0.0862393709963506,1.0,0.9602888303044966
2011-10-26,0.995552741281799,0.8597602666104089,0.9217626156960494,-0.02796575726218231,-0.07695681177224312,1.0,0.9956736524193148
2011-10-27,1.0216364926860186,0.8822862184074154,0.9538720320842801,-0.0024981968883162065,-0.04480278689595307,1.0,0.9650937131410585
2011-10-28,1.0232863396619583,0.8837110277792161,0.9536496887156197,-0.0008873251691284834,-0.04502543915847135,1.0,0.9419163652696027
2011-10-31,1.0015219115040979,0.8649152475259944,0.9306614803158332,-0.022137600082548725,-0.0680455842713863,1.0,0.9249622766435095
2011-11-01,0.971858104860169,0.8392975567183459,0.9047064462941466,-0.05110064205130238,-0.09403667671317117,1.0,0.9864998081032734
2011-11-02,0.971663733239197,0.8445169550385953,0.9194635530191835,-0.05129042192289213,-0.07925906845639741,0.0,1.0220458416268239
2011-11-03,0.9805833183875217,0.8524382738301027,0.936222409617311,-0.04258154911719403,-0.0624769293655143,1.0,0.9957420601104847
2011-11-04,0.9768793961632414,0.8492183892898901,0.9305131536915194,-0.04619797151768135,-0.06819411696068634,1.0,0.9645793545380389
2011-11-07,0.9786726626176826,0.8507773072648104,0.9362971592007103,-0.044447068398449696,-0.06240207593513558,1.0,0.965738086521928
2011-11-08,0.9877697653240544,0.8586855781709753,0.948310443227655,-0.0355648716311433,-0.05037210227326916,1.0,0.9512428552681573
2011-11-09,0.9507993440830307,0.8265465426861647,0.9133087309492077,-0.07166191995873605,-0.08542244120519893,1.0,0.9308942945078053
2011-11-10,0.9506091842142141,0.8366669977470246,0.9219107957525529,-0.0718475875747443,-0.07680842585437486,0.0,1.018878509153177
2011-11-11,0.9586994691239092,0.8439548960419235,0.9392633252674625,-0.06394842398487399,-0.059431789077710406,1.0,0.9721481481481482
2011-11-14,0.9538026022459055,0.8396441240950762,0.9303646072154894,-0.06872960944112594,-0.068342869807135,1.0,0.9506328999165293
2011-11-15,0.9557590502001527,0.8413664092146736,0.9349619264462634,-0.06681937974981489,-0.06373916368170274,1.0,0.9514058324760368
2011-11-16,0.9465852972033426,0.8332906419840813,0.9201308762607855,-0.07577641605493013,-0.07859081812597835,1.0,0.9600245867323376
2011-11-17,0.9371652898312371,0.8249980940079106,0.9055222427278732,-0.0849738893306703,-0.09321974692201973,1.0,0.9744111833304271
2011-11-18,0.9436402000447162,0.8306980368493218,0.9045581196698326,-0.07865193953818517,-0.09418520940247155,1.0,0.9770668261092053
2011-11-21,0.9412590173386745,0.828601852520597,0.8873538434953316,-0.08097687023498334,-0.1114133868755518,1.0,0.9356724937467409
2011-11-22,0.9454468445210498,0.8322884481307655,0.8838687540951964,-0.07688797443354556,-0.11490331798838005,1.0,0.946233500720822
2011-11-23,0.936637733198095,0.8245336794360671,0.8643654885277345,-0.08548898319876352,-0.13443367875989876,1.0,0.9337032252573054
2011-11-25,0.9341741996638344,0.8223650006636646,0.8627340422280918,-0.08789431930416258,-0.13606739157076975,1.0,0.9473097577874542
2011-11-28,0.9432109486399414,0.8303201615752032,0.8877250997595484,-0.07907105049723617,-0.11104161483800457,1.0,0.9456789925515552
2011-11-29,0.9470715599635656,0.8337187050533434,0.890246066101643,-0.07530164055152844,-0.10851714620562813,1.0,0.9466706334724301
2011-11-30,0.9638420904762066,0.8484820086653688,0.9268792979636383,-0.05892728964955829,-0.07183302107711143,1.0,0.9226136960155997
2011-12-01,0.9684162816067856,0.8525087251958489,0.9267308980554191,-0.054461157191296294,-0.07198162715212775,1.0,0.9090909113589971
2011-12-02,0.9683933777623979,0.85248856266084,0.9259151749055976,-0.054483519965373484,-0.07279848355756335,1.0,0.9127538918835045
2011-12-05,0.9689701965448289,0.8529963433066419,0.9360005792359876,-0.053920327695263004,-0.06269906792802038,1.0,0.9219430367941923
2011-12-06,0.9696161169616819,0.853564954968391,0.9362971592007101,-0.05328966621724196,-0.0624020759351358,1.0,0.9311036908089588
2011-12-07,0.9640721630597585,0.8486845443812915,0.9397824684525614,-0.058702652199171035,-0.058911924665159265,1.0,0.9326923124110594
2011-12-08,0.9550446759446567,0.8407375367995434,0.9191670463383662,-0.06751687794320882,-0.07955598706356581,1.0,0.936316107583679
2011-12-09,0.9682979212290856,0.8524045311042964,0.9347399494971298,-0.05457672147567527,-0.06396144901564049,1.0,0.9532564616561111
2011-12-12,0.9673126447941617,0.8515371801794349,0.9210948527510158,-0.0555387221749809,-0.07762550241695843,1.0,0.8933287973789297
2011-12-13,0.9682883542248351,0.852396109153166,0.9124929345154812,-0.05458606247324005,-0.08623937099635037,1.0,0.8508452083223621
2011-12-14,0.967526705167514,0.851725620150414,0.9027783467458762,-0.055329718669406835,-0.09596745490264258,1.0,0.8422273760604293
2011-12-15,0.9752168117402915,0.8584953152448637,0.9060413859129722,-0.04782127978005324,-0.09269988250946848,1.0,0.8560157769457981
2011-12-16,0.9760336899410844,0.859214423139707,0.9073846066130958,-0.04702369914932303,-0.09135479571985139,1.0,0.8523421853476774
2011-12-19,0.9778870683362721,0.8608459748628621,0.8976831366625382,-0.04521410414730087,-0.1010697435829695,1.0,0.8367206140361539
2011-12-20,0.98994226971691,0.8714583164314436,0.9248473551215667,-0.033443689523166675,-0.07386778682623663,1.0,0.8670842101064659
2011-12-21,1.0033360324839096,0.8832490099988063,0.9266384137669386,-0.020366335096049237,-0.07207423992579243,1.0,0.8641607471070873
2011-12-22,1.0026703445594496,0.882662996757767,0.934847237134479,-0.021016297102802506,-0.06385401232733279,1.0,0.8384194228389781
2011-12-23,0.9977814756939011,0.8783592655593373,0.9432052665331971,-0.025789673488115228,-0.05548437141097995,1.0,0.8370252937207414
2011-12-27,0.9995093433101806,0.8798803286050945,0.9439514432568952,-0.024102624253758198,-0.054737158050082835,1.0,0.8219667154797682
2011-12-28,0.9908870634993162,0.8722900299809885,0.9315637517578061,-0.03252121513206385,-0.06714205933528683,1.0,0.8578699770789576
2011-12-29,0.9957040499577791,0.8765304822152037,0.9411903255571539,-0.02781802303557923,-0.05750211167397945,1.0,0.8792523364485981
2011-12-30,0.9926336784388693,0.8738275965252601,0.9365636194803572,-0.0308158614529237,-0.062135245471550915,1.0,0.8628571428571428
2012-01-03,1.0030822643419008,0.8830256147922739,0.9514888394841372,-0.020614108331479142,-0.04718929038214137,1.0,0.8711838968083226
2012-01-04,1.0069967864436962,0.8864716165893683,0.9529814860671542,-0.016792061172028805,-0.045694570117483124,1.0,0.8817658607575417
2012-01-05,1.0114634799430775,0.8904037016372158,0.9555186481523187,-0.012430886868372237,-0.04315388324185798,1.0,0.8779138865609086
2012-01-06,1.014495578103718,0.893072894820655,0.9530557226632164,-0.009470417656374353,-0.04562023038711693,1.0,0.8696356006688539
2012-01-09,1.0175837582605922,0.8957914576729274,0.9553692222694253,-0.006455191304468255,-0.04330351671689914,1.0,0.8563719331393944
2012-01-10,1.0216446524567782,0.8993663126191926,0.9636528685042706,-0.002490229880379613,-0.03500836230234461,1.0,0.8735488916620479
2012-01-11,1.0182390992830468,0.8963683624092815,0.9641756026007288,-0.005815331769074339,-0.03448490198970677,1.0,0.8737330968478809
2012-01-12,1.0212162326874832,0.8989891694439825,0.9664891022069377,-0.0029085288501402573,-0.03216818831948898,1.0,0.8730816867321953
2012-01-13,1.0157862195008223,0.8942090622654081,0.9614890146326709,-0.008210265801973149,-0.03717522234037307,1.0,0.8514974717317296
2012-01-17,1.0174237676629383,0.8956506159883753,0.9652201181028764,-0.006611402354859686,-0.033438935378739765,1.0,0.8475881611404198
2012-01-18,1.024782586200695,0.9021286741641027,0.9758920135273298,0.0,-0.022752213863588944,1.0,0.888
2012-01-19,1.0302749371983388,0.9069636580819285,0.9810410872810582,0.0,-0.017595986681960052,1.0,0.863937127226936
2012-01-20,1.036576265018995,0.9125107942148688,0.9846978808712961,0.0,-0.013934112836409107,1.0,0.8401691467441478
2012-01-23,1.0417841466070514,0.917095356223924,0.9821602057987945,0.0,-0.016475313412046666,1.0,0.8010517197397715
2012-01-24,1.0407700098470776,0.916202599201102,0.9810410872810582,-0.000973461501863615,-0.017595986681960052,1.0,0.8364695454870184
2012-01-25,1.0497909710806004,0.9241438619692908,0.9892500572164094,0.0,-0.009375612312068182,1.0,0.8583749165047989
2012-01-26,1.0496181486172869,0.9239917242360836,0.9841755131943644,-0.00016462559507024466,-0.014457206220466645,1.0,0.8572097133333666
2012-01-27,1.0540634034253393,0.9279049365411223,0.9837277485330214,0.0,-0.014905592945577695,1.0,0.8565498034410399
2012-01-30,1.0478454393676941,0.9224311865507756,0.9803693670051384,-0.005899041781963987,-0.018268640155342686,1.0,0.8658878659023368
2012-01-31,1.0477476002439705,0.9223450575706829,0.9799964984950054,-0.0059918626914137185,-0.01864202667864301,1.0,0.8850364932699395
2012-02-01,1.0532849193461513,0.9272196274622282,0.9885782636565844,-0.0007385552677934282,-0.010048339171166765,1.0,0.8800362094032201
2012-02-02,1.0599112170810274,0.9330528385946915,0.9901455865390953,0.0,-0.008478838861846083,1.0,0.8611884499330746
2012-02-03,1.071156293608522,0.9429520173231597,1.004025851337296,0.0,0.0,1.0,0.8557829511721479
2012-02-06,1.0735206037053158,0.9450333484871104,1.0033544241969974,0.0,-0.000668734912954938,1.0,0.8528678628771342
2012-02-07,1.071579465630524,0.9433245408420922,1.0058921725534042,-0.0018081982479812853,0.0,1.0,0.8710152296039975
2012-02-08,1.0666253929461353,0.9389634099225579,1.008876952732101,-0.00642298874877778,0.0,1.0,0.8763654684652945
2012-02-09,1.0561471751552283,0.9297393063413691,1.0101449841453938,-0.01618360047317413,0.0,1.0,0.878143120503481
2012-02-10,1.0380122614609313,0.9137749194875974,1.0026827039210777,-0.033076535393755324,-0.007387335819549978,1.0,0.8730084286218127
2012-02-13,1.0540301144861255,0.9278756318798197,1.010144984145394,-0.01815567316725708,0.0,1.0,0.8930412107730783
2012-02-14,1.0474513955474845,0.9220843049449841,1.0088769527321013,-0.02428384519854765,-0.0012552964507025477,1.0,0.8607594610136488
2012-02-15,1.0354240826560048,0.9114965139553132,1.0041754970719052,-0.035487461458884595,-0.005909534935263916,1.0,0.8562664444045478
2012-02-16,1.04316484565544,0.9183108025231826,1.0152943510347434,-0.028276828544418375,0.0,1.0,0.8764510474483006
2012-02-17,1.0464426543707568,0.921196297720242,1.0179812321384223,-0.02522350222352321,0.0,1.0,0.8295209295085272
2012-02-21,1.046566342045703,0.9213051814968715,1.0184289967997653,-0.025108285361807314,0.0,1.0,0.7941045325896804
2012-02-22,1.052279533862974,0.9263345742956582,1.0151453648552817,-0.019786364387443522,-0.003224212934629489,1.0,0.8138702321938768
2012-02-23,1.0656871224278675,0.938137438882407,1.0196227916169958,-0.00729700133412492,0.0,1.0,0.8234495189837744
2012-02-24,1.0581510882107783,0.9315033755715512,1.0218616149237107,-0.014316926420870457,0.0,1.0,0.8084696556721821
2012-02-27,1.0557783831725123,0.9294146542377031,1.0235781438373992,-0.016527135549672,0.0,1.0,0.8172804414818603
2012-02-28,1.0583012124478655,0.9316355317779378,1.0265630705839066,-0.014177083518397082,0.0,1.0,0.8317329356187445
2012-02-29,1.061099677718902,0.9340990550643883,1.022533261915725,-0.011570272562578032,-0.003925534420295751,1.0,0.8314814667969904
2012-03-01,1.0657216760854737,0.9381678568908154,1.027831834836252,-0.007264814101307082,0.0,1.0,0.8454128736237998
2012-03-02,1.0641996411875134,0.9368279909104429,1.024698141761999,-0.008682611666353202,-0.0030488383099677163,1.0,0.8207322604112165
2012-03-05,1.0648744051712185,0.9374219939177055,1.0205184675074923,-0.00805405923673419,-0.00711533451376789,1.0,0.8132643374345515
2012-03-06,1.0484951587011484,0.923003142445382,1.0055933207876175,-0.023311564694511344,-0.021636335142487084,1.0,0.8208276574748768
2012-03-07,1.0587071528908252,0.931992886126585,1.012607909634496,-0.013798944112820122,-0.014811688727447758,1.0,0.8732217712597352
2012-03-08,1.0669432153283163,0.9392431928619998,1.022682614514713,-0.006126932593838674,-0.005009788709608776,1.0,0.8393486169161513
2012-03-09,1.0715445769141478,0.9432938278773404,1.026638113302927,-0.0018406975928990654,-0.0011613977042413959,1.0,0.8218864411442345
2012-03-12,1.081320100673116,0.9518993412873922,1.0267124231828946,0.0,-0.0010891000019821462,1.0,0.8063148234520476
2012-03-13,1.0908374089876922,0.9602775444761008,1.0452198337613237,0.0,0.0,1.0,0.7515617684467703
2012-03-14,1.0840496994992388,0.9543022405981031,1.0441005686757767,-0.0062224759001916485,-0.001070841797480182,1.0,0.7551020261199712
2012-03-15,1.0874618748442912,0.957306020386614,1.0501457580234335,-0.0030944429624333303,0.0,1.0,0.7378313253012049
2012-03-16,1.0878628890658213,0.9576590381221428,1.051599344284929,-0.002726822436930676,0.0,1.0,0.7507302489136285
2012-03-19,1.100461754804247,0.9687499740900494,1.0557222235128334,0.0,0.0,1.0,0.7103583408857906
2012-03-20,1.1108340525532714,0.9778808349598205,1.0526492827960683,0.0,-0.00291074739957653,1.0,0.7542627681635016
2012-03-21,1.121717096003266,0.987461311531747,1.0509246193688921,0.0,-0.004544381123263275,1.0,0.7805611580473489
2012-03-22,1.1193340191786394,0.9853634597872106,1.0433542453842681,-0.002124490063597717,-0.0117151821313487,1.0,0.785974025974026
2012-03-23,1.1348262898686599,0.9990014956062956,1.0467274302610203,0.0,-0.008520037801121205,1.0,0.7964194684204519
2012-03-26,1.155285122182381,1.0170116565113019,1.0614182150517666,0.0,0.0,1.0,0.7950644037161374
2012-03-27,1.1332463805795352,0.9976106820898584,1.0581204393135615,-0.019076452366333374,-0.0031069522752106282,1.0,0.8181296471788093
2012-03-28,1.131298197514572,0.9958956726536226,1.0528738979657928,-0.020762774666825745,-0.0080499062149193,1.0,0.8395261311902554
2012-03-29,1.1321290654511524,0.9966270958843897,1.051074631523028,-0.02004358602618006,-0.009745059376274345,1.0,0.8233102313058527
2012-03-30,1.1382532447366778,1.0020182859900655,1.0554219793528459,-0.01474257490092945,-0.0056492677569399685,1.0,0.8216560443007026
2012-04-02,1.1382904325521834,1.0020510228799666,1.0631425853433214,-0.014710385604286058,0.0,1.0,0.8328855180895767
2012-04-03,1.1343122246532036,0.9985489576948415,1.058795164229598,-0.018153871391989096,-0.004089217357725716,1.0,0.8472373117913827
2012-04-04,1.1287293167512404,0.9936342554239425,1.0483017883984396,-0.022986364942513493,-0.013959366457030109,1.0,0.8325359088050049
2012-04-05,1.1237910695773796,0.9892870558953419,1.0477767825009174,-0.027260848426324258,-0.014453190996428611,1.0,0.8452441827830266
2012-04-09,1.1101145245514792,0.9772474256386419,1.0360093659762322,-0.03909909057391192,-0.025521712459977364,1.0,0.842583262216751
2012-04-10,1.0919821296391616,0.9612852560995261,1.018619754805244,-0.05479425929387671,-0.04187851295948186,1.0,0.8868458657204922
2012-04-11,1.097400280814754,0.9660549210043322,1.0268646338541891,-0.0501043770548002,-0.034123317031287015,1.0,0.9014146438330117
2012-04-12,1.1162649386596974,0.9826617105803657,1.040281158099693,-0.03377537092226446,-0.021503632305581943,1.0,0.8909657593136464
2012-04-13,1.1037192318197788,0.9716175710425273,1.0279139128101809,-0.044634774024607915,-0.03313635726647535,1.0,0.8493827160493826
2012-04-16,1.10744876942499,0.9749007287194235,1.0272394810297651,-0.04140653405717387,-0.0337707329275706,1.0,0.8890404821957807
2012-04-17,1.1195247126495478,0.9855313295874967,1.042455345001939,-0.03095375232157438,-0.01945857557262831,1.0,0.88702355662004
2012-04-18,1.115918006080917,0.9823563015779744,1.0389321479710512,-0.034075671317482015,-0.022772521490569297,1.0,0.8853716864392089
2012-04-19,1.1141067489336218,0.980761829705733,1.0322613339239042,-0.03564347229796527,-0.02904713990874963,1.0,0.8825757225053493
2012-04-20,1.1213647210180624,0.9871511115122586,1.0339853377959325,-0.029361064652370428,-0.027425528757248574,1.0,0.8648139611813667
2012-04-23,1.1140973560367518,0.980753561023464,1.0252906421362964,-0.03565160266915224,-0.03560382560990294,1.0,0.8515625190339056
2012-04-24,1.119428833282203,0.9854469258049701,1.0291882466393285,-0.031036744273520878,-0.031937709176636964,1.0,0.8868630454089875
2012-04-25,1.1333093699867967,0.9976661324373014,1.043279495800869,-0.01902192954244164,-0.01868337306424228,1.0,0.8824963333989576
2012-04-26,1.1412644842050195,1.0046691170109523,1.0505500653289377,-0.012136084597779595,-0.011844620080115775,1.0,0.8643371424113201
2012-04-27,1.1415687222550472,1.0049369414962603,1.052274069200966,-0.011872740039638785,-0.01022300892861483,1.0,0.8754717341203194
2012-04-30,1.136363870764206,1.000355046918932,1.0483766845496498,-0.01637799280443597,-0.013888918567685038,1.0,0.8708644716822337
2012-05-01,1.1434293627730112,1.006574886155127,1.0548973398748505,-0.01026219344621504,-0.007755540585187126,1.0,0.8876811734419666
2012-05-02,1.1413220173827914,1.0047197641726846,1.0517495030068755,-0.012086284616227627,-0.010716419879622019,1.0,0.8677470323179453
2012-05-03,1.136448680692093,1.0004297061381953,1.043729239127655,-0.016304582417460023,-0.01826034107118124,1.0,0.8879536978834048
2012-05-04,1.1264522332484992,0.9916297109001084,1.0268646338541891,-0.024957379248003564,-0.034123317031287015,1.0,0.9005128205128204
2012-05-07,1.129983451975,0.9947382860367451,1.0276146213409625,-0.021900801561076988,-0.03341787309825972,1.0,0.9247104553546467
2012-05-08,1.1277642294426715,0.9927846772345239,1.0234918886808688,-0.023821732151904973,-0.037295746787951445,1.0,0.9261613346403412
2012-05-09,1.1190050199309163,0.985073837716006,1.017420463695117,-0.03140359168040707,-0.04300657529717833,1.0,0.9154252998024919
2012-05-10,1.1260033896952322,0.9912345884174782,1.0195190948910056,-0.02534589247703145,-0.041032586836156626,1.0,0.932652083585631
2012-05-11,1.1230883972649774,0.9886684848441794,1.0164460076064301,-0.02786907257715099,-0.043923156104043626,1.0,0.9022520001341632
2012-05-14,1.1098054015237213,0.9769753008475496,1.0052033038436459,-0.03936666350618856,-0.05449812875378812,1.0,0.922969870263115
2012-05-15,1.0983690074761503,0.9669077029606619,0.9994318298822602,-0.049265859668229606,-0.05992682104864333,1.0,0.9521114781786274
2012-05-16,1.0911649196153306,0.9605658560967942,0.9956089016787221,-0.055501625820234546,-0.06352269638676045,1.0,0.9184782579400363
2012-05-17,1.0803966726067484,0.9510864362396136,0.9808431474528606,-0.06482248246577016,-0.07741147709164875,1.0,0.8936597083394532
2012-05-18,1.0668052089694948,0.9391217041724121,0.9724481096819694,-0.07658707925342623,-0.0853079134555258,1.0,0.9273002704087387
2012-05-21,1.0900064210609675,0.9595460156165385,0.989162776085205,-0.05650440732595896,-0.06958597113690645,1.0,0.9074475827355573
2012-05-22,1.082470905208433,0.9529124086283552,0.9908869265250441,-0.06302705330126557,-0.06796422212260811,1.0,0.8907325299672193
2012-05-23,1.085894619453066,0.9559263462516306,0.9914115660030398,-0.06006353011647325,-0.06747074224020233,1.0,0.8910027906408525
2012-05-24,1.084107555997531,0.9543531723828534,0.9933603316126033,-0.06161038934734364,-0.06563771848926858,1.0,0.8892871149829636
2012-05-25,1.0863704880258511,0.9563452591902614,0.990137232173892,-0.05965162437680083,-0.06866939033004094,1.0,0.8692493705865143
2012-05-29,1.096621796959939,0.9653696121229567,1.002129850139544,-0.05077822270542576,-0.05738904267866818,1.0,0.87284395241192
2012-05-30,1.0817752068560222,0.952299976839672,0.987589224070744,-0.06362924088167565,-0.07106606612713096,1.0,0.8802846604136927
2012-05-31,1.0786350721705693,0.9495356777789447,0.9854154768719297,-0.06634730123332377,-0.07311070927169305,1.0,0.92172583076538
2012-06-01,1.0602871546090051,0.9333837810094533,0.9606058702899797,-0.0822290235971539,-0.09644681387702048,1.0,0.9176201613302731
2012-06-04,1.0692689314669113,0.9412905492913978,0.9601560536792885,-0.07445451262540426,-0.09686991480148022,1.0,0.9364243288722008
2012-06-05,1.0739640194069007,0.9454236927653611,0.9674266964912622,-0.0703905046590243,-0.09003109288595523,1.0,0.928876216943672
2012-06-06,1.0893853593671827,0.9589992873934674,0.989162776085205,-0.05704199037092328,-0.06958597113690645,1.0,0.9184964357710128
2012-06-07,1.0917498674158315,0.9610807928168627,0.9897627514178423,-0.05499530249859774,-0.06902162977676463,1.0,0.8968029470274229
2012-06-08,1.1035686765802752,0.9714850354194299,0.9976329298590219,-0.04476509271097617,-0.061618880089489125,1.0,0.8876175157122427
2012-06-11,1.0852693090709593,0.9553758778561419,0.9849655136934278,-0.06060479077161396,-0.07353394805894997,1.0,0.8980541687025705
2012-06-12,1.0887195664536289,0.9584131817292417,0.9962835533108535,-0.05761829218661363,-0.06288811393146954,1.0,0.9239215686274509
2012-06-13,1.0776218917205993,0.9486437626075435,0.9899126170041673,-0.06722429724973233,-0.06888066506667667,1.0,0.88572572281361
2012-06-14,1.0910942291408847,0.9605036264054958,1.000405992835326,-0.055562814589213305,-0.05901051596737228,1.0,0.9158490566037736
2012-06-15,1.1001881252853427,0.9685090946699412,1.0106373787050604,-0.04769125459952073,-0.04938679661797707,1.0,0.8672
2012-06-18,1.118853879550239,0.9849407869859599,1.0125962574935543,-0.031534416857478376,-0.04754426033403991,1.0,0.8918462159677876
2012-06-19,1.1237272283799362,0.9892308557065588,1.0223910178555504,-0.02731610854888411,-0.038331234257360736,1.0,0.827835548791109
2012-06-20,1.1330623919020784,0.9974487146014464,1.0207334824856231,-0.01923571060823759,-0.03989032463035336,1.0,0.8385036467165715
2012-06-21,1.1072447451131002,0.9747211236163896,0.9978291108734922,-0.041583134887542283,-0.061434350735501186,1.0,0.8272552722538801
2012-06-22,1.1300312636740404,0.9947803752615683,1.0055146138733324,-0.021859416366961426,-0.054205308172637245,1.0,0.8670120955222601
2012-06-25,1.1110258475958659,0.9780496744871673,0.9893911287340992,-0.038310261022757364,-0.06937118089894367,1.0,0.8419339752346167
2012-06-26,1.1175546542367476,0.9837970630143753,0.9943634417082599,-0.03265900964288282,-0.06469418550556005,1.0,0.8849326700983481
2012-06-27,1.116078598978417,0.9824976734744657,1.0033292878174818,-0.03393666416295682,-0.05626084247817431,1.0,0.8776146240591962
2012-06-28,1.1231681799817859,0.9887387185478991,1.0004662322054771,-0.027800013679674995,-0.0589538543577427,1.0,0.869856863554629
2012-06-29,1.1378057105148982,1.001624316127996,1.0254045986090277,-0.015129954789397382,-0.035496637285117316,1.0,0.8858426966292136
2012-07-02,1.1525476212678583,1.0146018008952957,1.0284936617849572,-0.002369545718161281,-0.03259104097234056,1.0,0.8405511937261745
2012-07-03,1.157625438598276,1.0190718657438023,1.0352744016900441,0.0,-0.026213025456296446,1.0,0.8489135534510576
2012-07-05,1.1492835150288712,1.0117283681561375,1.030603358850545,-0.0072060644931107865,-0.030606643870133787,1.0,0.8623188542007676
2012-07-06,1.1516569421109764,1.0138177251140292,1.0208087450563594,-0.005155809719011306,-0.039819532084015896,1.0,0.870213797556621
2012-07-09,1.153908868329052,1.015800123371751,1.0195283286630723,-0.0032105119197487486,-0.041023901479936176,1.0,0.8532933741909473
2012-07-10,1.147025191234794,1.009740338033829,1.0106373787050602,-0.009156888756969184,-0.04938679661797729,1.0,0.8826705576452326
2012-07-11,1.1547897964418095,1.0165756151893297,1.0107884168338699,-0.0024495333826631827,-0.049244729005512244,1.0,0.8969812768195187
2012-07-12,1.1524376890432422,1.0145050262102295,1.00589114657873,-0.004481371419511548,-0.05385113864675384,1.0,0.8864197530864197
2012-07-13,1.165705789718466,1.026185097897622,1.022767550560948,0.0,-0.03797706473147733,1.0,0.8859352115446858
2012-07-16,1.168139629630263,1.0283276370101349,1.0203563635089827,0.0,-0.04024504560742592,1.0,0.8633316414097894
2012-07-17,1.1769183124618388,1.0360556191308279,1.0273636972492373,0.0,-0.0336538942069845,1.0,0.8725139963008526
2012-07-18,1.1742755251739625,1.0337291410815193,1.0349730582714773,-0.0022455146290893957,-0.026496471367241203,1.0,0.8710359372909742
2012-07-19,1.180084842069295,1.0388431539649887,1.0376853688902934,0.0,-0.02394525137454362,1.0,0.8532206728791447
2012-07-20,1.1672007295963478,1.0275011117996422,1.028192464934201,-0.010917954382292372,-0.032874349020488136,1.0,0.8301987906118684
2012-07-23,1.1523688091293722,1.0144443903776021,1.0177949444511663,-0.023486474829489734,-0.04265433585045508,1.0,0.8284114310398274
2012-07-24,1.1424573995623637,1.0057192550248126,1.0090554723253957,-0.03188537058145002,-0.050874749787639506,1.0,0.879131243234676
2012-07-25,1.1450677614804112,1.0080171886235356,1.0092816997410365,-0.029673358508258585,-0.050661958560235365,1.0,0.9195866931501936
2012-07-26,1.1624197000973415,1.0232923129176583,1.0259316564558978,-0.014969382998749059,-0.035000882666558875,1.0,0.8839122825323907
2012-07-27,1.1689202329660524,1.0290148116965963,1.0448426415007779,-0.009460852902462014,-0.0172130663326161,1.0,0.8661067291618626
2012-07-30,1.1644930756755447,1.0251175308581224,1.0448426415007779,-0.01321241137748197,-0.0172130663326161,1.0,0.8494404948939132
2012-07-31,1.1575157064842199,1.018975267218515,1.0375344773292938,-0.01912501099963282,-0.02408718112421193,1.0,0.8956781297408347
2012-08-01,1.1625884522478291,1.023440867504584,1.0366303005057833,-0.014826382983435193,-0.024937656719842938,1.0,0.9109720584449051
2012-08-02,1.167553342072161,1.0278115208850254,1.0294728080435827,-0.010619151734175158,-0.031670048555966446,1.0,0.9172714044517536
2012-08-03,1.1834838082275758,1.0418353055444438,1.0498908766008226,0.0,-0.012464658010307605,1.0,0.8685121303793031
2012-08-06,1.1887568930852481,1.0464772667911146,1.0519250179600528,0.0,-0.010551329180032876,1.0,0.8372590869640688
2012-08-07,1.1825175194534576,1.0409846696901728,1.0571990407723064,-0.005248654008303655,-0.005590543218711885,1.0,0.8511206080472811
2012-08-08,1.1920484189551646,1.0493748373675365,1.05847982358512,0.0,-0.00438582916579866,1.0,0.8500797689522369
2012-08-09,1.1931686608957321,1.0503610000816532,1.0593841469764411,0.0,-0.003535215707370587,1.0,0.8245425222232294
2012-08-10,1.1976619117491027,1.054316463893803,1.0611166517814836,0.0,-0.001905608513634638,1.0,0.8381788471578621
2012-08-13,1.204031364980797,1.0599235716612776,1.060589300798992,0.0,-0.002401638857787769,1.0,0.8125689358298082
2012-08-14,1.1903491579481102,1.047878957070589,1.0607398259404646,-0.011363663298675775,-0.002260053765112735,1.0,0.7581627134129993
2012-08-15,1.1906070073581911,1.0481059450674408,1.061945639318163,-0.01114950823795191,-0.0011258565329427261,1.0,0.8022690338398266
2012-08-16,1.195437186425813,1.0523580109172364,1.0697806414848017,-0.007137836110374884,0.0,1.0,0.7757157755323788
2012-08-17,1.2020483493030067,1.058177898648933,1.0712126089942358,-0.0016469800832986659,0.0,1.0,0.7703504359962663
2012-08-20,1.2016159037651784,1.0577972115403282,1.0712876517132564,-0.002006144761567019,0.0,1.0,0.7329700120105792
2012-08-21,1.195224561062008,1.0521708342027547,1.0680478435441383,-0.00731443064934556,-0.0030242187184149616,1.0,0.754168901824796
2012-08-22,1.1936309677465589,1.0507679744701819,1.0685000052397988,-0.00863797865797622,-0.002602145622605967,1.0,0.7989362026351037
2012-08-23,1.1886504630796548,1.046383575152391,1.0597605331140283,-0.012774502681985767,-0.010760059243465903,1.0,0.7780638486425561
2012-08-24,1.198075526102065,1.054680573679506,1.0661643006102859,-0.004946581170522046,-0.004782423371329725,1.0,0.7944250810741839
2012-08-27,1.1960588041602949,1.0529052286297507,1.0663904547420213,-0.006621555760409348,-0.0045713184161164655,1.0,0.7889812983671252
2012-08-28,1.191698238242202,1.049066568992804,1.0653356062092274,-0.01024319390449746,-0.005555973220180532,1.0,0.820783129386507
2012-08-29,1.190803620453194,1.0482790259853907,1.0661643006102857,-0.010986212579116583,-0.004782423371329947,1.0,0.8319879038295942
2012-08-30,1.1855946792871481,1.0436935312168414,1.0584798235851198,-0.015312462972210783,-0.011955545373507848,1.0,0.8338221291977985
2012-08-31,1.1934959794548603,1.0506491426220832,1.063527692265638,-0.008750092258688613,-0.007243581530327781,1.0,0.8522944519586564
2012-09-04,1.1954115641666128,1.0523354553283413,1.0625481795874858,-0.007159116502186591,-0.008157913620859825,1.0,0.8472356590189882
2012-09-05,1.2018592880894272,1.0580114657447846,1.0616440760478805,-0.0018040035787643127,-0.00900185459055125,1.0,0.8694390587363761
2012-09-06,1.226570045908792,1.079764648799759,1.0831924755603668,0.0,0.0,1.0,0.8874437320219984
2012-09-07,1.2406155448288472,1.0921290736927491,1.0874109902846791,0.0,0.0,1.0,0.8378087699722288
2012-09-10,1.2268134072132344,1.0799788827395973,1.0812329372167253,-0.011125233496503406,-0.005681433352385468,1.0,0.8175099417429155
2012-09-11,1.2282929262561804,1.0812813214915689,1.084246664538013,-0.009932664977502559,-0.0029099629992130893,1.0,0.8896175234275578
2012-09-12,1.2351582100662377,1.0873249149959128,1.0878630054125291,-0.0043988927797631305,0.0,1.0,0.8972115461223782
2012-09-13,1.2531422977463798,1.1031565278603415,1.1044380659761803,0.0,0.0,1.0,0.8977272532695586
2012-09-14,1.2455538485016697,1.0964763229580783,1.109335922502563,-0.006055536756166435,0.0,1.0,0.8541033038523339
2012-09-17,1.2469295537200684,1.097687373127574,1.1055687633509532,-0.004957732284261884,-0.0033958687131588894,1.0,0.8585799010368189
2012-09-18,1.2529416554023016,1.1029798999450335,1.1046643666757268,-0.00016011138115679113,-0.004211128236339401,1.0,0.8517221666546227
2012-09-19,1.2535747035000586,1.1035371799464715,1.1052669069450496,0.0,-0.0036679742131977555,1.0,0.8526759299816066
2012-09-20,1.2562014552443468,1.1058495417101684,1.105342242799691,0.0,-0.003600063445040602,1.0,0.8417222675958119
2012-09-21,1.257651916978709,1.1071264009571595,1.1048806274802476,0.0,-0.00401618205265053,1.0,0.84
2012-09-24,1.2611443332684114,1.110200817832976,1.1032137850543482,0.0,-0.005518740828660551,1.0,0.8326384298806879
2012-09-25,1.2417854915602935,1.093158992143642,1.0914737767102427,-0.015350219001458054,-0.016101656342314086,1.0,0.8529234400153232
2012-09-26,1.2319067810663964,1.0844626421857932,1.0853380084556432,-0.023183351366486527,-0.02163268452785938,1.0,0.8767045264524865
2012-09-27,1.253998392504221,1.1039101585711373,1.0955641911681018,-0.005666235478115844,-0.012414392300028831,1.0,0.9086486486486486
2012-09-28,1.246017336713772,1.0968843373134198,1.0904890608748143,-0.01199465925952814,-0.01698931878563148,1.0,0.8693614683836007
2012-10-01,1.244041349797369,1.0951448518058948,1.0933675061069303,-0.013561479855932035,-0.014394572529130123,1.0,0.893242444906762
2012-10-02,1.2491444653755792,1.099637187012082,1.0945036264906947,-0.009515063086976694,-0.013370427938913187,1.0,0.9107142818369428
2012-10-03,1.2501679262863719,1.100538152199181,1.0989726256032997,-0.008703529558423129,-0.009341892468319846,1.0,0.8855693462621611
2012-10-04,1.256088336883002,1.1057499622298788,1.1068497660154821,-0.004009054516627808,-0.0022411214102507904,1.0,0.8777019378249911
2012-10-05,1.259461318766654,1.1087192395338186,1.1069256148574609,-0.0013345137882796454,-0.0021727482146838284,1.0,0.852872242408143
2012-10-08,1.256659539264293,1.1062527986889017,1.1031383026318955,-0.0035561306393023795,-0.005586783718935395,1.0,0.846426446644486
2012-10-09,1.245410416508521,1.0963500580160752,1.0922310193036395,-0.012475904894338363,-0.015419047424639731,1.0,0.8703916744674586
2012-10-10,1.2484899230738122,1.0990609853993414,1.0852624527492853,-0.010034069741885698,-0.021700793479192515,1.0,0.9089394665163946
2012-10-11,1.2517479345881213,1.1019290528776458,1.0858684373621568,-0.007450692543602977,-0.021154534586300677,1.0,0.8985107972454643
2012-10-12,1.2490413393962494,1.0995464039481837,1.0823088915142434,-0.009596834837132029,-0.02436325232067582,1.0,0.8873079266240689
2012-10-15,1.2581121019264356,1.1075315074083742,1.0913222255940953,-0.0024043491787473226,-0.01623827061133143,1.0,0.9098083544666633
2012-10-16,1.2637353434352228,1.1124817158478384,1.102380766902877,0.0,-0.006269656880844354,1.0,0.8924605175502822
2012-10-17,1.2665396209754762,1.1149503557461373,1.1073797552185642,0.0,-0.0017633678350429394,1.0,0.8968768777746895
2012-10-18,1.2673720047247985,1.1156831133654443,1.1045024092450275,0.0,-0.004357123175666611,1.0,0.9072847348728083
2012-10-19,1.2511565027555078,1.101408408184616,1.0860953976168504,-0.012794587468272,-0.020949943488068112,1.0,0.906513876306485
2012-10-22,1.2540712192164523,1.1039742688187477,1.0862470220169025,-0.010494776165767106,-0.0208132631579927,1.0,0.9415010601468469
2012-10-23,1.234453835802976,1.0867048456965418,1.0711742082278615,-0.02597356482477342,-0.03440050349096424,1.0,0.9300503200599166
2012-10-24,1.233059161457362,1.0854770967718026,1.068144578299125,-0.02707401073995419,-0.037131533711189935,1.0,0.9681233553408994
2012-10-25,1.2395549884156578,1.0911954528801089,1.0712496173664086,-0.02194858037374825,-0.03433252666174835,1.0,0.9512194895986649
2012-10-26,1.2402893254257839,1.0918418987528777,1.0706440724569688,-0.02136916327491034,-0.034878389188289116,1.0,0.9481946321961238
2012-10-31,1.2360406240601414,1.0881017148528795,1.0706440724569688,-0.02472153444123182,-0.034878389188289116,1.0,0.9363827324583597
2012-11-01,1.2556399767676503,1.1053552653235712,1.0818538717462762,-0.009256972627934679,-0.02477342543301908,1.0,0.963231512916682
2012-11-02,1.2486959790468737,1.0992423789986119,1.0722346996213632,-0.014736025104152617,-0.03344453391313851,1.0,0.9413423818901493
2012-11-05,1.2445178709978169,1.0955643392606573,1.0744312381147239,-0.018032695721367342,-0.03146448580615446,1.0,0.9482480174369716
2012-11-06,1.253129523466793,1.1031452825054109,1.08283880743342,-0.011237806425350327,-0.023885564806526594,1.0,0.9710068880726157
2012-11-07,1.2333879494268283,1.0857665328521668,1.0582980062160865,-0.02681458575010076,-0.04600762965589311,1.0,0.9638158015679785
2012-11-08,1.2317355576513098,1.0843119121143432,1.0455727690492158,-0.028118379560724827,-0.057478670040273405,1.0,0.9631499502462173
2012-11-09,1.231954398184043,1.0845045601182286,1.0464819291782865,-0.02794570687116138,-0.056659116548289035,1.0,0.9324256213382969
2012-11-12,1.24739973914976,1.0981012831256645,1.0473152404653785,-0.01575880286181275,-0.055907936251871626,1.0,0.9272546229683933
2012-11-13,1.2472370546624494,1.0979580699770213,1.0436790396525282,-0.01588716650461386,-0.05918575385345737,1.0,0.871018294113165
2012-11-14,1.2389013215908022,1.0906200219604265,1.0295909416989153,-0.022464345928312035,-0.07188533174311174,1.0,0.87770166592883
2012-11-15,1.2366829330220792,1.0886671473065914,1.0278486901344688,-0.02421473063024082,-0.07345586734833776,1.0,0.901862065582649
2012-11-16,1.2474612728155892,1.0981554519660786,1.0329231608726086,-0.01571025068802334,-0.06888153541226172,1.0,0.9090449301538407
2012-11-19,1.2691597194585122,1.1172568605623865,1.0538290071034817,0.0,-0.05003616512648634,1.0,0.866877957498671
2012-11-20,1.2742128127727208,1.1217051605563149,1.0542832207484907,0.0,-0.04962671868578661,1.0,0.8664013568958298
2012-11-21,1.272187740453248,1.1199224645666948,1.056252432567631,-0.0015892732353445238,-0.04785159198232791,1.0,0.8726851505077929
2012-11-23,1.283234073042158,1.129646686569485,1.0706440724569695,0.0,-0.03487838918828856,1.0,0.870875999228815
2012-11-26,1.2856047144757978,1.1317335912868813,1.0683718316894408,0.0,-0.03692667836872243,1.0,0.8612059195508986
2012-11-27,1.2802221492434682,1.1269952531242027,1.0629179701735971,-0.0041867964326222085,-0.04184300840474997,1.0,0.895436191693502
2012-11-28,1.2874543565237357,1.133361853857746,1.0714772371762509,0.0,-0.03412734101398818,1.0,0.9035186856831409
2012-11-29,1.2910192864488024,1.1365001053757693,1.0764762254919384,0.0,-0.02962105196818654,1.0,0.9017441460478962
2012-11-30,1.2863254607597119,1.1323680730767474,1.0767035521661588,-0.0036357517957781305,-0.02941613056466119,1.0,0.8953626797409635
2012-12-03,1.2804270847000165,1.1271756603190504,1.0714017547537988,-0.008204526345939933,-0.034195383904262355,1.0,0.9189345442585494
2012-12-04,1.2759551666469566,1.123238976032548,1.069886683295762,-0.011668392532912852,-0.03556113022807994,1.0,0.933782283107056
2012-12-05,1.2805769817787105,1.1273076165551186,1.0717799729890183,-0.008088418801872055,-0.03385444278124683,1.0,0.9411764429553355
2012-12-06,1.2775289012213344,1.1246243538718939,1.0754158073823423,-0.010449406425659058,-0.030576955484953428,1.0,0.923163212026459
2012-12-07,1.286563420731237,1.132577552157,1.078672763985299,-0.0034514323405826497,-0.027641003861202385,1.0,0.9293721893603731
2012-12-10,1.2827716162738412,1.1292395802067525,1.0791274173337395,-0.0063884949369331645,-0.02723116105415191,1.0,0.9196066603860589
2012-12-11,1.2915613847542853,1.1369773211600511,1.0864741288394077,0.0,-0.020608539937642223,1.0,0.9250720257702033
2012-12-12,1.2846593403941955,1.13090136689284,1.0870047043137323,-0.005343953792333989,-0.02013025787396605,1.0,0.9158823529411765
2012-12-13,1.2799197910136928,1.1267290834677088,1.0803393132755772,-0.009013581451110975,-0.026138709329426524,1.0,0.9150889111151478
2012-12-14,1.2783008134110398,1.1253038776359066,1.0763246743757913,-0.010267085637411077,-0.02975766623720366,1.0,0.9261745401161412
2012-12-17,1.2873962671476173,1.1333107170677903,1.0889747222558308,-0.003224870033924354,-0.01835440449886372,1.0,0.9428729535541055
2012-12-18,1.2967328129957385,1.141529792841184,1.1010931686868717,0.0,-0.0074303496790191215,1.0,0.9337142857142857
2012-12-19,1.2822387572011993,1.128770497832411,1.0929127061906796,-0.011177364873689588,-0.014804547458297401,1.0,0.9262344137217456
2012-12-20,1.2757576954857672,1.123065139748415,1.0991998057097099,-0.016175358022686326,-0.009137103186911077,1.0,0.9720044460658213
2012-12-21,1.2589791680373785,1.108294796335811,1.089222055436196,-0.029114436358821494,-0.01813144842636294,1.0,0.9740904407132097
2012-12-24,1.2631437633755351,1.1119609406686983,1.0858655792898506,-0.025902830007521138,-0.02115711096758266,1.0,0.9454159621926523
2012-12-26,1.249062818329003,1.0995653121160114,1.0812886329847482,-0.036761616725505264,-0.025282954377374378,1.0,0.9454159621926523
2012-12-27,1.2488953055598042,1.0994178485716286,1.0798392239058543,-0.0368907973612691,-0.02658950999275922,1.0,0.9774209584402808
2012-12-28,1.2361263284365167,1.0881771614661129,1.0681683955683459,-0.046737835236240755,-0.03711006386717097,1.0,0.977409634810721
2012-12-31,1.2358791031708294,1.1107137132706169,1.0863230174266922,-0.04692848766919355,-0.02074475784030838,0.0,1.0383912646916191
2013-01-02,1.2653565125100605,1.1374278993699178,1.114166064700454,-0.024196426720468178,0.0,1.0,0.9620929226060432
2013-01-03,1.2631254005377976,1.1354223547042204,1.1116489091214345,-0.02591699085665944,-0.002259228367089361,1.0,0.8795685758094489
2013-01-04,1.2682795796282689,1.1400554419313307,1.1165310828920842,-0.0219422483045959,0.0,1.0,0.8697730106974458
2013-01-07,1.268935747384109,1.1406452705723347,1.1134794677917597,-0.021436232146707423,-0.0027331214930623737,1.0,0.8463892209823289
2013-01-08,1.271829715898787,1.1432466564236339,1.110276008439667,-0.019204493668529832,-0.005602239425538502,1.0,0.8382978334607604
2013-01-09,1.2712756655615451,1.1427486210438782,1.1130980983486125,-0.01963176005038525,-0.0030746878399295907,1.0,0.8279634874355009
2013-01-10,1.277333845453485,1.1481943138271913,1.1219468367771754,-0.01495988020649952,0.0,1.0,0.836969696969697
2013-01-11,1.2785575608012354,1.1492943105187619,1.121870548231765,-0.014016189003896895,-6.799657783207458e-05,1.0,0.8368485916680343
2013-01-14,1.282490485217652,1.152829612951806,1.1211077360615653,-0.010983240059441068,-0.0007478970376354477,1.0,0.8344784390382912
2013-01-15,1.2828279004241177,1.153132915195649,1.1218705482317648,-0.010723035950249038,-6.799657783229662e-05,1.0,0.829956982206979
2013-01-16,1.2883130428561111,1.158063505090659,1.1217178978570386,-0.006493064766500245,-0.00020405505201526175,1.0,0.8297611796268067
2013-01-17,1.2865809246135593,1.1565065054667523,1.1289647966836973,-0.00782882046358191,0.0,1.0,0.8263546914493584
2013-01-18,1.3024619820585606,1.170781974578306,1.131481805694906,0.0,0.0,1.0,0.8439054766408507
2013-01-22,1.31091592194715,1.1783812139972452,1.1375841564886917,0.0,0.0,1.0,0.8149117090311586
2013-01-23,1.3176108982178019,1.1843993225070384,1.1394153014302593,0.0,0.0,1.0,0.8444293325076794
2013-01-24,1.316059054507856,1.1830043715080882,1.1397203090440906,-0.0011777708518082575,0.0,1.0,0.8593103448275863
2013-01-25,1.313870261793377,1.1810368675874363,1.1461281071551395,-0.002838953768130148,0.0,1.0,0.8650306703478798
2013-01-28,1.3067869476008112,1.1746696824479335,1.1447548400538454,-0.008214830821171248,-0.0011981794118134381,1.0,0.8792633106524512
2013-01-29,1.3148109160125454,1.181882420869823,1.149255204677916,-0.002125044813338861,0.0,1.0,0.9004645172395463
2013-01-30,1.2978016140053217,1.1665927736750992,1.1447548400538452,-0.015034244357931659,-0.003915896665729779,1.0,0.902985088648364
2013-01-31,1.2971735705525071,1.1660282259463086,1.1419322371575626,-0.015510897559316006,-0.00637192460869096,1.0,0.9286640680381683
2013-02-01,1.3104265986037176,1.1779413616575052,1.1536798670278186,-0.005452519878062501,0.0,1.0,0.9183279630124014
2013-02-04,1.2924090415510596,1.1617453948548138,1.1407120601344267,-0.019126933983947936,-0.011240385885211257,1.0,0.8722109555964982
2013-02-05,1.3027058529742448,1.1710011899382478,1.15223053123283,-0.011312175137377478,-0.0012562720702774532,1.0,0.9290690332768315
2013-02-06,1.3047213814564198,1.1728129467869584,1.1530695586645348,-0.009782491006120497,-0.0005290101532725577,1.0,0.8967320149648328
2013-02-07,1.3055171305636404,1.173528244986717,1.1515441541758515,-0.009178557699028977,-0.0018512179270919749,1.0,0.8857331371141123
2013-02-08,1.3102547944972907,1.1777869270914805,1.1579517324351845,-0.005582910501469751,0.0,1.0,0.8887426183628205
2013-02-11,1.3153109109478538,1.182331865894479,1.1577231599345743,-0.0017455739574248064,-0.00019739380684669072,1.0,0.879729718392221
2013-02-12,1.3178841320950943,1.1846449322083465,1.1596297872985941,0.0,0.0,1.0,0.8814713713212728
2013-02-13,1.316093045297416,1.1830349258000883,1.1606210986854986,-0.0013590624198736023,0.0,1.0,0.8699243105502308
2013-02-14,1.3202013441459146,1.1867278721618706,1.1616892116051507,0.0,0.0,1.0,0.8872180381726558
2013-02-15,1.3226128418730756,1.1888955654301487,1.1603163842072886,0.0,-0.0011817510089168204,1.0,0.8773388587842986
2013-02-19,1.3335818049677894,1.1987555570828865,1.1690125455450306,0.0,0.0,1.0,0.8737727769992485
2013-02-20,1.3098778818070524,1.177448120592865,1.1544424593463027,-0.017774630002026393,-0.012463584119993265,1.0,0.8799142388417718
2013-02-21,1.3055762227281307,1.173581362883421,1.147425085711023,-0.021000273200589392,-0.01846640561410129,1.0,0.9526281729629801
2013-02-22,1.314114495676873,1.1812564092188371,1.1586381094921634,-0.014597761620920191,-0.008874529270368359,1.0,0.9688096730135484
2013-02-25,1.277894769233221,1.1486985277385942,1.1365930649535037,-0.04175749513612592,-0.027732363279653227,1.0,0.9459279327778
2013-02-26,1.2776391902793744,1.1538533602994112,1.144373030907267,-0.04194914363709856,-0.021077202919388527,0.0,1.0585283965822099
2013-02-27,1.2948508932760203,1.169628254453479,1.1587906865829847,-0.029042771540141565,-0.008744011346157321,1.0,0.9779710144927537
2013-02-28,1.2869390534810796,1.1624815540751372,1.1565025432080074,-0.034975545791760765,-0.010701341388248964,1.0,0.9406130359850676
2013-03-01,1.282908034636773,1.158840367619601,1.160316384207289,-0.03799824663342677,-0.007438894792773376,1.0,0.9585908348245545
2013-03-04,1.2965935628279694,1.1712023936510654,1.1664953166821062,-0.027736012895521855,-0.0021532949945809454,1.0,0.9429097075960945
2013-03-05,1.3045136649808295,1.1783565573499495,1.1769452351574257,-0.02179704303003893,0.0,1.0,0.9085603067887386
2013-03-06,1.3033952414325523,1.17734629447775,1.1785480274500988,-0.022635704403575208,0.0,1.0,0.9016722523063768
2013-03-07,1.3087670315215791,1.182198588666792,1.1806834471664447,-0.01860761248674181,0.0,1.0,0.9001996167916987
2013-03-08,1.3122818485891081,1.1853734942661667,1.185718051460105,-0.015971990844008133,0.0,1.0,0.8860244370959905
2013-03-11,1.3232868080251514,1.1953141843968618,1.1902184160841756,-0.007719809091791485,0.0,1.0,0.8670798624712354
2013-03-12,1.3192163748112238,1.1916373952626083,1.1875486834143352,-0.010772065202938719,-0.0022430611337906914,1.0,0.8083915976091985
2013-03-13,1.3205826914395222,1.1928715779328185,1.189227104697271,-0.009747518659780408,-0.0008328819093270656,1.0,0.8415637904119493
2013-03-14,1.3257064630881517,1.197499839086844,1.1955581745594777,-0.005905405915333395,0.0,1.0,0.8152997803854369
2013-03-15,1.3254353933597443,1.1972549840113147,1.193979712523362,-0.006108670332557464,-0.0013202720450615768,1.0,0.801418418034265
2013-03-18,1.3117139877654214,1.1848605502141292,1.1873900970432802,-0.01639780710932559,-0.006832020130854044,1.0,0.7924263547424967
2013-03-19,1.3114574461053847,1.1846288182243059,1.1846320572675613,-0.01659017750541303,-0.00913892567038177,1.0,0.8680961469761429
2013-03-20,1.32561829467023,1.1974201972738079,1.192907129285487,-0.005971519908185785,-0.0022174121932356794,1.0,0.91597708243528
2013-03-21,1.3178655254459684,1.1904171840449937,1.182716855686622,-0.011785013460198446,-0.010740856569014023,1.0,0.8486269083067395
2013-03-22,1.3185325567742645,1.1910197080052678,1.192217601020581,-0.011284833174436182,-0.0027941539023206285,1.0,0.900837104993526
2013-03-25,1.3222347202591005,1.1943638420958849,1.1872373733846486,-0.00850872789837065,-0.00695976268816445,1.0,0.8892529355482409
2013-03-26,1.3293233693424498,1.2007669610162528,1.1967381187186075,-0.003193231648389583,0.0,1.0,0.8980392044910206
2013-03-27,1.326589048154453,1.1982970709811613,1.1967381187186075,-0.005243590447385538,0.0,1.0,0.8657627118644068
2013-03-28,1.3275271188463798,1.1991444225887091,1.2004158715057593,-0.004540168513738729,0.0,1.0,0.8807769411391969
2013-04-01,1.3265208530722294,1.1982354709194107,1.1956653156290167,-0.00529472722952351,-0.003957425080346355,1.0,0.8674863184543857
2013-04-02,1.3344831793463894,1.2054277753227947,1.201565329560287,0.0,0.0,1.0,0.888743471028803
2013-04-03,1.3251334498853216,1.196982240932736,1.189382393292588,-0.007006255010008622,-0.010139220871292487,1.0,0.8687967346606413
2013-04-04,1.3296832038892337,1.201091996628486,1.194209677418173,-0.0035968796995303753,-0.00612172468791683,1.0,0.9173660561632297
2013-04-05,1.328665237232094,1.2001724756469854,1.1888463948092718,-0.0043596968506901534,-0.010585304384298277,1.0,0.9078431259374291
2013-04-08,1.3359865333587768,1.206785742744731,1.196891282080671,0.0,-0.003889965334907375,1.0,0.9050715147218976
2013-04-09,1.339757022176869,1.2101915945517943,1.201028891373539,0.0,-0.00044644945518224066,1.0,0.8966689303735415
2013-04-10,1.3464295055413824,1.216218794371505,1.2157401956577674,0.0,0.0,1.0,0.887966802636705
2013-04-11,1.3471955159917348,1.2169107253657154,1.2197242018851404,0.0,0.0,1.0,0.875354114743366
2013-04-12,1.3519649573895387,1.221218922893168,1.2167364170663264,0.0,-0.0024495577067309426,1.0,0.8637967490541665
2013-04-15,1.3205181662073506,1.192813292816698,1.1885394085299972,-0.023260063813271836,-0.025567085827226887,1.0,0.8601996866071208
2013-04-16,1.3202540625741093,1.211097840670246,1.2060862136778399,-0.02345541180050914,-0.011181206527034915,0.0,1.0140927365635806
2013-04-17,1.2891465192351212,1.1828044324116034,1.1884631932684921,-0.046464546148970776,-0.025629571478808844,1.0,0.924503287902648
2013-04-18,1.2782473390856481,1.1728043289337629,1.1810307395936304,-0.05452627888094774,-0.03172312415520451,1.0,0.975191949344066
2013-04-19,1.277991689617831,1.189539284790912,1.1912981811447692,-0.05471537362517154,-0.023305285487028593,0.0,1.0022830788351151
2013-04-22,1.28302956727731,1.1944663885453122,1.196584955356544,-0.05098903616949779,-0.018970884149739464,1.0,0.9257884928489761
2013-04-23,1.2962890532098001,1.2068106171427546,1.2089210549863065,-0.041181469886054756,-0.008857040699968954,1.0,0.9189016692345637
2013-04-24,1.2954983507683258,1.2060744942085917,1.2096867985127178,-0.0417663241288756,-0.008229240148641237,1.0,0.9089683121610775
2013-04-25,1.2926895226924227,1.2034595500066523,1.2145904444676183,-0.04384391353720363,-0.004208949375266613,1.0,0.9091516203894673
2013-04-26,1.2926592572398923,1.2034313736756435,1.212445644411395,-0.04386629980717671,-0.005967379726085742,1.0,0.9104278051651026
2013-04-29,1.293872834563524,1.2045611818733257,1.22056689351211,-0.042968660177540974,0.0,1.0,0.9140362448751215
2013-04-30,1.296594820604591,1.2070952784515079,1.223479049340661,-0.040955304708385265,0.0,1.0,0.9189007995907127
2013-05-01,1.2851327110666353,1.1964243594531512,1.2127519711355217,-0.04943341612340857,-0.008767684424935807,1.0,0.9147496782316994
2013-05-02,1.2937641520368286,1.2044600013327749,1.2240153409595984,-0.043049048745381624,0.0,1.0,0.9282511414919755
2013-05-03,1.299749977668916,1.210032645726617,1.236428168838203,-0.03862154816604324,0.0,1.0,0.9139206526287773
2013-05-06,1.304102608568024,1.2140848292797686,1.2395689704512698,-0.03540206316732519,0.0,1.0,0.8892733681394764
2013-05-07,1.3064402227611027,1.2162610858947618,1.2458521859233198,-0.033673013771257865,0.0,1.0,0.8846959908292654
2013-05-08,1.304276185566018,1.2142464248463996,1.251521428836821,-0.03527367448606156,0.0,1.0,0.8940766312847966
2013-05-09,1.2994922303014145,1.2097926897855626,1.2479973523990697,-0.038812194651436815,-0.002815833877512275,1.0,0.8791666899566304
2013-05-10,1.3022973054909186,1.2124041401501207,1.2520584532948118,-0.03673738111860647,0.0,1.0,0.886563107898941
2013-05-13,1.3038339651522086,1.213834729407654,1.2530542349999394,-0.03560076906894427,0.0,1.0,0.8558803512814925
2013-05-14,1.3061712012580398,1.2160106340334795,1.2660029147940497,-0.03387199933045637,0.0,1.0,0.8338870326211741
2013-05-15,1.3040076096803885,1.213996387843091,1.2728222753172262,-0.03547233043802356,0.0,1.0,0.8524699859966482
2013-05-16,1.301336685526804,1.2115098285235106,1.2668464125439771,-0.03744791725999397,-0.00469497029485888,1.0,0.8511627799105371
2013-05-17,1.3083319256115125,1.2180222109144483,1.2791050510858444,-0.03227378900580069,0.0,1.0,0.8459547030001977
2013-05-20,1.3042583869619508,1.2142298548195944,1.2790288358243391,-0.035286839475264786,-5.95848335056548e-05,1.0,0.8206987434005045
2013-05-21,1.301846306295913,1.211984271899665,1.2808673824403412,-0.03707096905114915,0.0,1.0,0.8504245358032438
2013-05-22,1.2994601657528526,1.2097628385440182,1.2713668569580983,-0.03883591164823219,-0.007417259282645028,1.0,0.8472750460232474
2013-05-23,1.2973584671325737,1.2078062130501082,1.2676885911836093,-0.04039046275459879,-0.01028895843348221,1.0,0.8735777665357002
2013-05-24,1.2975838239018853,1.20801601420609,1.266616154513545,-0.040223774433219006,-0.011126232209648701,1.0,0.879375
2013-05-28,1.3044690014746851,1.2144259313269619,1.2742019181182807,-0.035131055472444994,-0.0052038676395688155,1.0,0.8787688400097524
2013-05-29,1.3001955061590114,1.210447420896364,1.265926846100355,-0.038292006717753346,-0.011664389729029612,1.0,0.91241336511767
2013-05-30,1.3006838969745238,1.2109020997506026,1.2706004538765394,-0.03793076154431674,-0.008015606224776262,1.0,0.9182662755598009
2013-05-31,1.2917892131001818,1.2026213857315302,1.2523641937476961,-0.04450984025913518,-0.022253036562099093,1.0,0.9075577634151476
2013-06-03,1.2925083815430762,1.203290912416377,1.2592609420748628,-0.04397789714998612,-0.01686860065427942,1.0,0.9515470401967342
2013-06-04,1.2889601865803686,1.1999876373157465,1.2532076914976238,-0.04660236973214438,-0.021594500197217426,1.0,0.9454123489641779
2013-06-05,1.2782993959322646,1.1900627248825117,1.2356614726210235,-0.05448777429816842,-0.03529320087235743,1.0,0.9426419341973571
2013-06-06,1.2808535372735728,1.1924405625111962,1.2468487004675006,-0.052598567534821616,-0.02655909771706988,1.0,0.9722222222222222
2013-06-07,1.2927130059708989,1.203481412314075,1.2627080704120563,-0.04382654379818196,-0.01417735534313258,1.0,0.9475783887717912
2013-06-10,1.2954009752324833,1.2059838401756704,1.2627080704120563,-0.041838349321030366,-0.01417735534313258,1.0,0.9055024295310512
2013-06-11,1.2789670727635634,1.1906843142470414,1.2496833219242514,-0.05399391768772199,-0.02434604935967466,1.0,0.9228930318270713
2013-06-12,1.2635625653715798,1.1763431277451053,1.2393390055564597,-0.06538807942822122,-0.03242207386432194,1.0,0.9530988355908063
2013-06-13,1.2757100409817945,1.1876521043206538,1.2581877725657458,-0.05640302730551694,-0.017706446573247603,1.0,0.9748295908492072
2013-06-14,1.268643033362083,1.1810729082642042,1.2502956822368836,-0.061630239431899936,-0.023867966834483334,1.0,0.9203589495354916
2013-06-17,1.2732333955157682,1.1853464132898621,1.2599505436236746,-0.05823491314877749,-0.016330214277777255,1.0,0.9371585090161311
2013-06-18,1.2770004125382934,1.1888534059058102,1.269911438598971,-0.055448585735529465,-0.008553534887036252,1.0,0.9338521519589659
2013-06-19,1.2769705144114125,1.1888255715452074,1.2523641937476966,-0.05547070030789136,-0.02225303656209865,1.0,0.9357746478873239
2013-06-20,1.2467914825791913,1.1607296959069524,1.2213334431614802,-0.07779304798951536,-0.046479393647635425,1.0,0.9358829784803239
2013-06-21,1.2465421242826755,1.1699404163035645,1.2252539855268691,-0.07797748937991733,-0.04341854408652046,0.0,1.0073746237112502
2013-06-24,1.2309211143939487,1.1555133267896154,1.2097717345589536,-0.08953179025387559,-0.055505861774647,1.0,0.9697280770627573
2013-06-25,1.2383907049885146,1.1625253207969917,1.2214028430197932,-0.08400680193687904,-0.04642521172430403,1.0,0.9700916760285927
2013-06-26,1.244239020341672,1.1680153609391408,1.2334966660586553,-0.07968101277999906,-0.036983310708899486,1.0,0.9389933873086166
2013-06-27,1.2535385692798031,1.1767452077225664,1.2407359433591634,-0.07280246989521355,-0.03133145525551473,1.0,0.9144527247114147
2013-06-28,1.25462382391545,1.1777639782837226,1.2356523854167674,-0.07199974595646419,-0.03530029544309965,1.0,0.9084051985528403
2013-07-01,1.2629320356711178,1.1855632184569573,1.242893274963192,-0.06585445963801562,-0.029647181275550882,1.0,0.916802640542247
2013-07-02,1.259393161473436,1.1822411401779878,1.2417380274801462,-0.06847203798450985,-0.03054910718832171,1.0,0.9135044603964922
2013-07-03,1.2624854262563288,1.1851439689009755,1.2422769573196741,-0.0661848006075415,-0.030128353371871808,1.0,0.9123196216633308
2013-07-05,1.274897715625773,1.196795865691635,1.2556797041909826,-0.057003875242870206,-0.019664548098156986,1.0,0.909601374833214
2013-07-08,1.2868961810038215,1.2080592898731148,1.2628427662299857,-0.04812904064566592,-0.014072195496160234,1.0,0.8821090485956976
2013-07-09,1.2923199106494145,1.213150754966288,1.2719318758679112,-0.04411730231180744,-0.0069761371824503815,1.0,0.9006703313486524
2013-07-10,1.2944417299249884,1.2151425889037308,1.2723941507425023,-0.04254786867820881,-0.006615229503069586,1.0,0.9019484687383038
2013-07-11,1.3019110516803956,1.222154330541376,1.2897253546409715,-0.03702307921189796,0.0,1.0,0.901077970039267
2013-07-12,1.2990590963094708,1.219477089571198,1.2902639913448783,-0.039132568333887896,0.0,1.0,0.9038709677419354
2013-07-15,1.3049187295643554,1.2249777542660696,1.2951936530861583,-0.03479840773093945,0.0,1.0,0.8843450694792889
2013-07-16,1.2975597485272072,1.2180695937344312,1.2903416722844894,-0.04024158212456963,-0.0037461431270202628,1.0,0.8828425160712745
2013-07-17,1.3068100007119192,1.2267531637460336,1.2936532253968898,-0.03339950228059729,-0.0011893415981448774,1.0,0.900687057704503
2013-07-18,1.3111646251659754,1.2308410183867458,1.3007394859031454,-0.030178542720769364,0.0,1.0,0.8856040892278749
2013-07-19,1.3166099773611788,1.2359527814047346,1.3030501274370478,-0.02615081096230898,0.0,1.0,0.8849614157233555
2013-07-22,1.3223162622861744,1.2413094920827683,1.3055921995438668,-0.021930076620189864,0.0,1.0,0.8337765978594449
2013-07-23,1.323401097837196,1.2423278692329545,1.3028191365675628,-0.02112766266331023,-0.0021239886216177783,1.0,0.8366235773356857
2013-07-24,1.3202464023162173,1.239366434358024,1.298044103866452,-0.023461077818589082,-0.005781357823715472,1.0,0.8508064450694173
2013-07-25,1.3263599216051958,1.2451054317067518,1.3012019073455467,-0.018939126820108454,-0.0033626826200814364,1.0,0.8676761266682944
2013-07-26,1.3276559538173418,1.2463220673429198,1.302587999130267,-0.01798049826611947,-0.002301025093937814,1.0,0.8646666666666667
2013-07-29,1.3243103002105192,1.243181372716515,1.2985834734094117,-0.0204551582700907,-0.00536823530111763,1.0,0.8594594483831838
2013-07-30,1.3291653957370284,1.2477390389374574,1.2985834734094117,-0.01686401820394312,-0.00536823530111763,1.0,0.8861681207307531
2013-07-31,1.3348351968874506,1.2530615008831896,1.299507290319541,-0.012670269601634754,-0.004660650719613413,1.0,0.8938585052854441
2013-08-01,1.3432187241006341,1.2609314425935538,1.3145277061162974,-0.006469275139935893,0.0,1.0,0.9014745262213775
2013-08-02,1.350154781046311,1.2674425878996016,1.3167612529818313,-0.001338922531485487,0.0,1.0,0.8893470673794164
2013-08-05,1.3534363497845596,1.270523123577706,1.3148356450863405,0.0,-0.0014623819550660944,1.0,0.8538845493949946
2013-08-06,1.3453007266760528,1.2628858990523588,1.3073639112382416,-0.006011086601746651,-0.007136708892602428,1.0,0.8542568754174475
2013-08-07,1.3419469313994123,1.2597375615251485,1.3031272221054166,-0.008489071825931171,-0.010354216336135424,1.0,0.8736263484486123
2013-08-08,1.3461338309121416,1.2636679662670232,1.3079031342133909,-0.005395539194422039,-0.0067272018738256945,1.0,0.8764348164911084
2013-08-09,1.3425574351379255,1.2603106650308546,1.304128719955157,-0.008037995025304223,-0.009593639695934075,1.0,0.867757323367101
2013-08-12,1.3441643226067475,1.2618191125366798,1.3025879991302676,-0.006850730128009408,-0.010763723354912047,1.0,0.888079447763217
2013-08-13,1.3468833838950773,1.2643716006841998,1.3064390683534384,-0.004841724467150144,-0.00783907075410839,1.0,0.8444297914024469
2013-08-14,1.3438513072820961,1.261525272927549,1.2997385743246477,-0.007082004635082573,-0.012927688006185933,1.0,0.8283984040651428
2013-08-15,1.3305304614875064,1.2490204790299024,1.2815600619131755,-0.016924244941920907,-0.02673316137526227,1.0,0.8556430574698919
2013-08-16,1.3348415956755606,1.25306750767343,1.2773236659159717,-0.013738920276493927,-0.02995044620013876,1.0,0.9070197172167697
2013-08-19,1.3273894449660117,1.2460718851616104,1.2691589594594177,-0.019245016452154595,-0.03615104364182753,1.0,0.9015056699050711
2013-08-20,1.3306839454132802,1.2491645603358494,1.2753979114526703,-0.016810841806414567,-0.03141293946453305,1.0,0.9207317287336146
2013-08-21,1.3257062590833852,1.244491813379515,1.2675414371017806,-0.020488655196521433,-0.0373794533888292,1.0,0.9141631200622794
2013-08-22,1.332216203869766,1.2506029506972232,1.279095377610346,-0.01567871730220005,-0.02860493903977679,1.0,0.9493745759869932
2013-08-23,1.3374195890545242,1.2554875699105088,1.283408721708108,-0.01183414405308758,-0.025329216817548184,1.0,0.9230769362899026
2013-08-26,1.3285217930161566,1.2471348641350035,1.278633102735755,-0.018408369756264475,-0.028956008661201516,1.0,0.899035358747435
2013-08-27,1.3071778320158167,1.227098461238045,1.258067440393254,-0.034178569074272525,-0.04457437706012701,1.0,0.9247378683912896
2013-08-28,1.3081447882443669,1.228006180502461,1.262534680692132,-0.03346412378195862,-0.04118178004319473,1.0,0.9485293953920702
2013-08-29,1.3020853800691559,1.2223179793520877,1.264537822959423,-0.03794117818956011,-0.03966051545346383,1.0,0.9358682868665196
2013-08-30,1.2991219116736017,1.2195360567865066,1.2605322712638936,-0.040130766489021585,-0.04270248808628452,1.0,0.9391061652648364
2013-09-03,1.3091094478674317,1.2289117438543544,1.2662322934176182,-0.03275137535960515,-0.038373668309110154,1.0,0.9423823113008668
2013-09-04,1.3097310690926396,1.2294952837754294,1.2767076414080747,-0.032292084292605994,-0.0304182793069393,1.0,0.941610009904373
2013-09-05,1.3155313241839457,1.2349402078882823,1.2783248706300905,-0.028006507736139663,-0.02919009217859425,1.0,0.9179191156252433
2013-09-06,1.3132330292614647,1.2327827094257369,1.2789413348414191,-0.029704625954145913,-0.02872192514380889,1.0,0.9200700444320997
2013-09-09,1.3234266039012021,1.2423518127631514,1.2911888342296818,-0.022173001255754943,-0.019420695053291026,1.0,0.9231217198352593
2013-09-10,1.3331021091103161,1.251434584259892,1.3007394859031456,-0.015024157343993538,-0.012167556603297824,1.0,0.9286987564381517
2013-09-11,1.3414961308723312,1.259314377609725,1.3048221322670437,-0.008822150309565013,-0.00906703526379693,1.0,0.9019242364685992
2013-09-12,1.336695873570772,1.2548081901545671,1.3013560966822846,-0.012368868485357676,-0.011699278259184376,1.0,0.8853299361917945
2013-09-13,1.3407814741787734,1.2586435016910094,1.3042829092918944,-0.009350181563987592,-0.009476542282573663,1.0,0.9015772653675436
2013-09-16,1.3435690741932,1.261260329795396,1.3118312981049303,-0.007290535379022578,-0.003744000566341943,1.0,0.9019108389825377
2013-09-17,1.3463227785918348,1.2638453387723751,1.3176856561632029,-0.005255933309207483,0.0,1.0,0.9229781816699388
2013-09-18,1.3563038569215564,1.2732149635930547,1.3329364765582017,0.0,0.0,1.0,0.9278416437788888
2013-09-19,1.3576735697180495,1.274500766047586,1.3307023434214256,0.0,-0.001676098730934994,1.0,0.895256898997976
2013-09-20,1.3530272390238478,1.270139075460724,1.3213990982122326,-0.003422273805600118,-0.008655610037591632,1.0,0.8761650864795908
2013-09-23,1.3494217318886015,1.2667544462623994,1.315284289154547,-0.006077924777722288,-0.01324308225792925,1.0,0.8563968839002342
2013-09-24,1.3506072792908326,1.2678673655281425,1.31218833729152,-0.00520470500776149,-0.015565737476294306,1.0,0.8988693424259869
2013-09-25,1.3512953718359377,1.2685133046518084,1.3083957486247733,-0.004697887639837028,-0.018411025855332164,1.0,0.900255734713665
2013-09-26,1.356608440977756,1.2735008884439252,1.3134266887231687,-0.000784524913830964,-0.014636697380665531,1.0,0.9003855798318235
2013-09-27,1.3453040695911431,1.2628890371762331,1.3073898537407154,-0.009110805721492587,-0.019165671633092907,1.0,0.9123945580285764
2013-09-30,1.3360927293735694,1.254241995335343,1.3004236322713305,-0.01589545589295216,-0.02439189328123359,1.0,0.9638403439886416
2013-10-01,1.3451268626067459,1.262722686116302,1.3107175293122801,-0.009241328247930225,-0.016669171889791334,1.0,0.9880952829676712
2013-10-02,1.3365431908799537,1.2546648609989068,1.3094796175840633,-0.015563666634892281,-0.017597882109661178,1.0,0.963422244794552
2013-10-03,1.326642341787905,1.2453705504711132,1.2974046285088614,-0.02285617737744494,-0.0266568202417925,1.0,0.9875074674233127
2013-10-04,1.328951115674791,1.2475378859434227,1.3072349315649248,-0.021155640563308098,-0.019281897858809738,1.0,0.9983050417148982
2013-10-07,1.3081763138490923,1.2280357748086832,1.295934406800864,-0.03645740550082033,-0.027759814820944362,1.0,0.9726903480839401
2013-10-08,1.3079146785863225,1.2167167623223079,1.2808407070988144,-0.03665011401972018,-0.0390834599964619,0.0,1.0178290671534758
2013-10-09,1.3079146785863225,1.224903795012262,1.2817695073145037,-0.03665011401972018,-0.03838665243509365,0.0,1.0252016050184802
2013-10-10,1.3079146785863225,1.2488324094518697,1.309401643508831,-0.03665011401972018,-0.017656380077571643,0.0,1.0160704546272534
2013-10-11,1.3125573551424499,1.2535151294320428,1.317839112660887,-0.03323053168440848,-0.011326394140175222,1.0,0.957582851638192
2013-10-14,1.3097610528480428,1.2508446120494905,1.3231023627390626,-0.03529015953367698,-0.007377781306226905,1.0,0.9487024918238398
2013-10-15,1.2937435225821539,1.2355475917358538,1.3135040765271582,-0.047087936718965606,-0.014578639247100678,1.0,0.9497635890980372
2013-10-16,1.2934847738776374,1.2642362028478924,1.331848357132404,-0.04727851913162184,-0.0008163325446740588,0.0,1.0135795847180864
2013-10-17,1.3074067013425543,1.2780961717724746,1.3407492737015358,-0.03702426672851433,0.0,1.0,0.9046740340059377
2013-10-18,1.3102961524130965,1.280920844728481,1.3498049658786473,-0.034896029768622494,0.0,1.0,0.8730570185459394
2013-10-21,1.309124284962156,1.2797752491755947,1.3498827933860689,-0.03575917351471736,0.0,1.0,0.8739946336005027
2013-10-22,1.3075043508807247,1.2781916321221751,1.3577002806993426,-0.03695234256327429,0.0,1.0,0.8692205879509111
2013-10-23,1.305971111767737,1.276692766437374,1.3511988257573289,-0.03808165607956082,-0.004788578918658581,1.0,0.8874833284781872
2013-10-24,1.3098851731313543,1.2805190791217014,1.3556881977956057,-0.03519873823324082,-0.00148197870497635,1.0,0.8881535608817556
2013-10-25,1.3103850032964415,1.2810077036789094,1.3618798083860386,-0.03483058628844671,0.0,1.0,0.885906062949419
2013-10-28,1.3092878972637754,1.279935193480714,1.3640475463046187,-0.03563866420727513,0.0,1.0,0.8802959045556067
2013-10-29,1.3112986745648783,1.28190089150581,1.3713234655577737,-0.03415761799266814,0.0,1.0,0.8950907937078018
2013-10-30,1.3077485150657382,1.2784303224316473,1.3645118731285582,-0.03677250243788677,-0.004967166828465985,1.0,0.8922155847137235
2013-10-31,1.3089946792224738,1.2796485490450555,1.360641750090011,-0.03585463515039555,-0.007789347835171823,1.0,0.9021810903340098
2013-11-01,1.3104749641377698,1.2810956477033608,1.363892477561018,-0.034764325264195595,-0.005418844046202742,1.0,0.9016393442622951
2013-11-04,1.3173672766332254,1.2878334426114453,1.368691107679633,-0.029687764410995077,-0.0019195747351045123,1.0,0.8818060843279841
2013-11-05,1.3181219775467625,1.2885712240129283,1.364357244088389,-0.02913188637788744,-0.005079925812070285,1.0,0.8807901724253522
2013-11-06,1.3221116886132829,1.2924714904222725,1.371323465557774,-0.026193248434637995,0.0,1.0,0.88941018311953
2013-11-07,1.3126631187027327,1.2832347464014577,1.3539856661078284,-0.033152631103118724,-0.012643114396714172,1.0,0.8642564892138523
2013-11-08,1.3239495728412067,1.2942681714347364,1.372251972637842,-0.024839547317582644,0.0,1.0,0.9055989785750479
2013-11-11,1.3248113451283394,1.2951106237948113,1.3724841360498117,-0.024204805427960663,0.0,1.0,0.8817498222208983
2013-11-12,1.32494360130452,1.2952399149421612,1.369697735402744,-0.024107391602479766,-0.002030187871669975,1.0,0.8506449687300993
2013-11-13,1.326299033640154,1.2965649600696576,1.3806890020864662,-0.02310904239257694,0.0,1.0,0.8615591331587622
2013-11-14,1.329140069183811,1.2993423029182822,1.3875773960484294,-0.02101646608629515,0.0,1.0,0.8442346638172619
2013-11-15,1.3326837463298387,1.30280653496611,1.3936151104377463,-0.01840635624467568,0.0,1.0,0.8313171979074796
2013-11-18,1.3324835888852096,1.302610864817357,1.3887380665404674,-0.01855378302611521,-0.0034995630147458545,1.0,0.8236486380338844
2013-11-19,1.3293216559896046,1.2995198187602088,1.3857197956170513,-0.02088271758456106,-0.005665348173653939,1.0,0.8774279793858158
2013-11-20,1.334618403806717,1.3046978196844383,1.3813853457545648,-0.016981376396772885,-0.008775568370050224,1.0,0.8780327868852459
2013-11-21,1.343542376192739,1.3134217270438435,1.3925313880462669,-0.010408388172604144,-0.0007776339273036781,1.0,0.8939292998401721
2013-11-22,1.3474200989601015,1.3172125158007557,1.3994976095156515,-0.007552235667427354,0.0,1.0,0.871900798958367
2013-11-25,1.3462106749491356,1.316030205662007,1.3981040427725913,-0.008443041850843769,-0.000995762146062229,1.0,0.8664311187644694
2013-11-26,1.3450975032324557,1.3149419899536487,1.3984911283603514,-0.009262953014696707,-0.0007191731864754081,1.0,0.8863478676027786
2013-11-27,1.3446176197237292,1.3144728648720883,1.4018964848715274,-0.009616413168470062,0.0,1.0,0.8804123595927608
2013-11-29,1.341362811999276,1.3112910261311612,1.4009678312236487,-0.012013755060548803,-0.0006624266897736764,1.0,0.8890410726614895
2013-12-02,1.3391247485442828,1.3091031374419926,1.3973298715970712,-0.013662209817945303,-0.003257453973054658,1.0,0.9115103289021634
2013-12-03,1.3324510246528205,1.3025790306369827,1.3912924503433757,-0.018577768344173462,-0.007564063853918168,1.0,0.9368005525409583
2013-12-04,1.3353830270630684,1.3054453009814115,1.3911381144388277,-0.016418190021634027,-0.007674154653212972,1.0,0.9393157014197743
2013-12-05,1.3332016825233008,1.3033128596357073,1.3850235985167634,-0.01802486823090388,-0.012035757658890422,1.0,0.9441233325705571
2013-12-06,1.342688085916514,1.31258658895674,1.4005039441031413,-0.011037619156604506,-0.00099332638565941,1.0,0.9556400668684049
2013-12-09,1.3448757194273255,1.314725178282111,1.4040639296544866,-0.00942630878008599,0.0,1.0,0.922408038524105
2013-12-10,1.3434067526445927,1.3132891440170704,1.3990328429882806,-0.010508282249627632,-0.0035832319027269133,1.0,0.9035498810621875
2013-12-11,1.330965448943639,1.301126759798205,1.3833204805577437,-0.01967197518616859,-0.014773863681440402,1.0,0.9139290247013548
2013-12-12,1.3296661968891006,1.29985663545559,1.3787537207154772,-0.0206289445811082,-0.018026393531267337,1.0,0.9643527342540853
2013-12-13,1.329130851964288,1.2993332923380443,1.3785987985396868,-0.021023255066892954,-0.0181367319371748,1.0,0.9640198009281877
2013-12-16,1.3286805541233382,1.2988930896481818,1.3871907501641014,-0.02135492377651016,-0.01201738691096299,1.0,0.9686539370980588
2013-12-17,1.3298188957679105,1.300005911004079,1.3827790590654356,-0.020516473599706098,-0.015159473966608328,1.0,0.9780354238526815
2013-12-18,1.3483427955678982,1.3181145266294612,1.4063860034776148,-0.006872619721166928,0.0,1.0,0.9824242424242424
2013-12-19,1.3453756397791945,1.3152138910042188,1.4047610061616378,-0.009058090407850328,-0.0011554418999896177,1.0,0.9206137565518191
2013-12-20,1.3440765992269255,1.3139439734222396,1.4129321616018573,-0.010014904019931548,0.0,1.0,0.926047136602177
2013-12-23,1.3534771732883621,1.3231337976047592,1.420480990118325,-0.003090872889687901,0.0,1.0,0.9187208387555954
2013-12-24,1.35897685941167,1.328510187195643,1.423594090415191,0.0,0.0,1.0,0.8980715970313669
2013-12-26,1.3638461178645065,1.3332702825673055,1.4308311691985405,0.0,0.0,1.0,0.8764045084686147
2013-12-27,1.3602702518914924,1.3297745833283559,1.4307530485554976,-0.0026218984137397205,-5.459808587104931e-05,1.0,0.8788310929916764
2013-12-30,1.3556827896794499,1.3252899666552567,1.4305200057366643,-0.005985519977751319,-0.00021747042458575283,1.0,0.8912732766804384
2013-12-31,1.3560304191536894,1.3256298026831463,1.4372901194754837,-0.0057306309036204706,0.0,1.0,0.9180771550262444
2014-01-02,1.3504787919974581,1.3202026365165656,1.4235161163399586,-0.009801198017837076,-0.00958331442544924,1.0,0.9289099238171147
2014-01-03,1.3522081783842046,1.3218932520825915,1.4232819009786406,-0.008533176381016139,-0.009746270642947974,1.0,0.9325032625535349
2014-01-06,1.3555389730327145,1.3251493742095848,1.4191580690599674,-0.006090969298500615,-0.012615442192097759,1.0,0.9118621511504889
2014-01-07,1.3614802711549034,1.330957475374686,1.4278737239165176,-0.0017346874244928978,-0.00655149258411547,1.0,0.914305012079875
2014-01-08,1.3609603487740407,1.3304492090456874,1.428185033946204,-0.0021159051982962973,-0.006334897461482858,1.0,0.8965995931166024
2014-01-09,1.3604413887085407,1.3299418834580663,1.4291185243318318,-0.0024964173827006775,-0.005685418018899324,1.0,0.9006298134609028
2014-01-10,1.3668084941637182,1.3361662458536219,1.4330097531351036,0.0,-0.0029780809610950865,1.0,0.9020293935906012
2014-01-13,1.3571766367185194,1.3267503233903781,1.4139431863592855,-0.007046969261843894,-0.016243716421510124,1.0,0.8708752055547905
2014-01-14,1.3681499089130083,1.3374775876526703,1.4293525931253395,0.0,-0.005522563776505285,1.0,0.8865153808954963
2014-01-15,1.3666058569790527,1.3359681515577047,1.43705693008884,-0.0011285692626931132,-0.0001622423917647664,1.0,0.8474810347807463
2014-01-16,1.3652720918479089,1.3346642878813078,1.4351892164785311,-0.0021034369452874735,-0.001461711152456302,1.0,0.8492392785341696
2014-01-17,1.3651405707763165,1.3345357153583606,1.4291185243318323,-0.002199567545257297,-0.005685418018898991,1.0,0.8529612224585957
2014-01-21,1.3683844802815806,1.3377069002054298,1.4333212097326011,0.0,-0.002761383863357336,1.0,0.8503075804982925
2014-01-22,1.3723810515403296,1.3416138730095142,1.4342548466860396,0.0,-0.0021118024456688866,1.0,0.8803009644830677
2014-01-23,1.365257717644895,1.3346502359311183,1.422504065607856,-0.005190492747943143,-0.010287452524215257,1.0,0.8873531280615862
2014-01-24,1.3402099029213888,1.3101639639267715,1.3921535362305737,-0.023441848444958224,-0.03140394735433227,1.0,0.9192256622688995
2014-01-27,1.3399418609408045,1.30610257055957,1.3853053018487114,-0.02363716007526928,-0.036168632151832636,0.0,1.0425287584881127
2014-01-28,1.3399418609408045,1.3171433757364002,1.3935541382285421,-0.02363716007526928,-0.030429473252694628,0.0,1.0169294135108657
2014-01-29,1.321484695660172,1.2992636791813321,1.3801688329266935,-0.0370861691969826,-0.039742349700167545,1.0,0.975308596043123
2014-01-30,1.32122039872104,1.3033248117568592,1.3947996714829096,-0.03727875196314323,-0.029562888811954235,0.0,1.0063805238017531
2014-01-31,1.2999087691614026,1.2825625076438514,1.3866282229070688,-0.05280769673815133,-0.03524820485574842,1.0,0.9953943099960766
2014-02-03,1.2996487874075704,1.2640992829435316,1.3554221772193906,-0.05299713519880367,-0.05695992837268615,0.0,1.0176893225380284
2014-02-04,1.2996487874075704,1.2690644616838744,1.3649153743111042,-0.05299713519880367,-0.05035500083364619,0.0,1.0645481951215816
2014-02-05,1.2996487874075704,1.2597317171365847,1.3632044882581233,-0.05299713519880367,-0.051545356232182815,0.0,1.0015723310489468
2014-02-06,1.2996487874075704,1.2848248366962287,1.3811807370909854,-0.05299713519880367,-0.039038313576506334,0.0,1.0142348715109313
2014-02-07,1.3147577579853131,1.300018437501869,1.398301469613452,-0.041987823637131494,-0.027126499607650567,1.0,0.9685215915284991
2014-02-10,1.31515844231972,1.3004146298948658,1.4008694842227452,-0.04169586074974163,-0.025339793796140264,1.0,0.9357405053376578
2014-02-11,1.3248066631919173,1.309954687709141,1.416200477210135,-0.03466558234319539,-0.014673197832212881,1.0,0.9350490370927892
2014-02-12,1.3304698168533065,1.3155543536015817,1.41690092477693,-0.03053906540022755,-0.014185858806289198,1.0,0.9212698412698412
2014-02-13,1.3326648402234629,1.3177247692805305,1.4242156844998903,-0.028939638355025554,-0.009096587250154275,1.0,0.9137380414417509
2014-02-14,1.3366625945759982,1.3216777061126839,1.432075676478234,-0.026026632271147876,-0.0036279683040975064,1.0,0.9122580645161291
2014-02-18,1.340257620305044,1.325232429180616,1.433788028209321,-0.02340707866756908,-0.002436593154512723,1.0,0.8945286705176585
2014-02-19,1.3218486187211167,1.307029804910287,1.4242939517107438,-0.03682099280115858,-0.009042132544181514,1.0,0.911300903853903
2014-02-20,1.3316670340212113,1.3167381491582288,1.4326987362410388,-0.02966670042071906,-0.003194472133517756,1.0,0.9515039367017881
2014-02-21,1.3289120319039553,1.3140140324713057,1.4310642120173738,-0.031674161915588694,-0.004331698502444303,1.0,0.9408396786748537
2014-02-24,1.3306395675737663,1.3157222013020702,1.439002471206571,-0.030415374738461787,0.0,1.0,0.9386189052270315
2014-02-25,1.3308883102988647,1.3159681554535922,1.4384572389511876,-0.030234125715226434,-0.0003788959826637184,1.0,0.9180645161290323
2014-02-26,1.3273925014612173,1.3125115369888436,1.438535506162041,-0.032781383879220805,-0.0003245060754748508,1.0,0.8819354838709678
2014-02-27,1.3281890807044312,1.3132991860419256,1.4460840415428875,-0.03220094797017081,0.0,1.0,0.9019484687383038
2014-02-28,1.3238086595694782,1.3089678723798652,1.4497413481204624,-0.03539278826120107,0.0,1.0,0.8982725462060693
2014-03-03,1.3088947389553613,1.294221146866337,1.4395472637585223,-0.04625997459941078,-0.0070316573195324805,1.0,0.8860759386705334
2014-03-04,1.3254757969651882,1.3106163200418839,1.459780950010044,-0.03417801092669992,0.0,1.0,0.9456264732774483
2014-03-05,1.3259031194081927,1.3110388519123293,1.4611037245005907,-0.03386663789912514,0.0,1.0,0.8986615919116259
2014-03-06,1.327341493293619,1.3124611006571785,1.4644500141841001,-0.03281855152121149,0.0,1.0,0.880786277540142
2014-03-07,1.3216574543020494,1.3068407835731835,1.4650727808112838,-0.03696028678139296,0.0,1.0,0.8976626701507409
2014-03-10,1.3228884430650754,1.3080579721226115,1.4642943591692568,-0.03606331377113148,-0.0005313194349265693,1.0,0.8890989352078953
2014-03-11,1.3194042917390696,1.3046128804809431,1.4570568406824758,-0.03860207756570244,-0.005471359671544218,1.0,0.8891671736109423
2014-03-12,1.319373400819588,1.3045823358694866,1.4574461247873944,-0.03862458656161638,-0.005205649933422429,1.0,0.9051987556387816
2014-03-13,1.3086066626872894,1.2939363001273654,1.4411030810679022,-0.04646988442565658,-0.016360756992637837,1.0,0.8998756261601407
2014-03-14,1.3011575152961137,1.286570662698432,1.4370569300888403,-0.05189778463078909,-0.019122497591505083,1.0,0.9468768706742962
2014-03-17,1.313382839818486,1.298658933094251,1.4500530978535808,-0.04298967233307793,-0.010251834007444893,1.0,0.993865013758866
2014-03-18,1.3235468021534467,1.3087089505619336,1.4604028372303643,-0.03558359344299644,-0.003187516444291272,1.0,0.9370880467070696
2014-03-19,1.318479124205828,1.3036980846992203,1.4526205261916316,-0.039276210695275426,-0.008499410256435636,1.0,0.8985148599692133
2014-03-20,1.3199666537781005,1.3051689380625402,1.461103724500591,-0.038192306505106854,-0.0027091188660914867,1.0,0.9264706055598279
2014-03-21,1.31804277399369,1.3032666262670172,1.455436386968627,-0.03959416190252085,-0.006577416473003139,1.0,0.9155107386075453
2014-03-24,1.3174757687514593,1.3027059775356573,1.449417579826876,-0.04000731628234433,-0.01068561315823413,1.0,0.9270704398690083
2014-03-25,1.3208247136104518,1.3060173784659237,1.45629615374553,-0.0375670721131075,-0.005990574107106017,1.0,0.9372670585379498
2014-03-26,1.3160854497219827,1.3013312449194385,1.44582241800099,-0.04102038698010435,-0.01313952662449569,1.0,0.9027688500363998
2014-03-27,1.3194148572414985,1.3046233275369699,1.4427741006764037,-0.038594378900366655,-0.015220185936791641,1.0,0.92848259147
2014-03-28,1.3223472986176485,1.3075228942691184,1.4498867433885647,-0.03645762440870515,-0.010365380902312427,1.0,0.9212350412997469
2014-03-31,1.3306905610086088,1.315772623066144,1.4617678232503601,-0.030378217831649845,-0.0022558316584746496,1.0,0.9320827920080118
2014-04-01,1.3393622627747563,1.3243471092116255,1.4714604991322824,-0.02405949042251332,0.0,1.0,0.9204244078397089
2014-04-02,1.337258447540433,1.322266879163842,1.47638459129676,-0.02559245769276386,0.0,1.0,0.9097222463216317
2014-04-03,1.3376169345459836,1.3226213472884756,1.4744311355172577,-0.025331242336323112,-0.001323134765167433,1.0,0.9058823648985016
2014-04-04,1.3322970692692715,1.3173611212865772,1.4569995326685363,-0.029207618559050186,-0.013130087338013352,1.0,0.9220689655172414
2014-04-07,1.3260481514783737,1.3111822580752666,1.4408978861330806,-0.03376095874389473,-0.024036220218547677,1.0,0.9331550778344224
2014-04-08,1.3310288547803526,1.31610712433673,1.4468387191995995,-0.03013171648906421,-0.020012314048339697,1.0,0.979245306512732
2014-04-09,1.3376447441822494,1.3226488451599778,1.4623936678015663,-0.025310978550084906,-0.009476476236388254,1.0,0.9587894562797429
2014-04-10,1.3213264714138024,1.3065135112261637,1.4316745203806578,-0.037201460971225675,-0.030283485197330373,1.0,0.9318948126161788
2014-04-11,1.3132556337432892,1.2985331530848816,1.4187766996168212,-0.04308236238811325,-0.039019569846187374,1.0,0.988799023133635
2014-04-14,1.3129929826165405,1.300675863116457,1.4299549868268524,-0.04327374591563571,-0.0314481773540638,0.0,1.0142941674440713
2014-04-15,1.3158019120323674,1.3037185772828255,1.439803317723618,-0.04122698972305039,-0.02477760455425193,1.0,0.9841172372691476
2014-04-16,1.325119782631767,1.3129508795694147,1.4548892493317067,-0.03443742454438403,-0.014559446157706879,1.0,0.9762351609407439
2014-04-17,1.3289371089636801,1.3167331504484554,1.4569212654576835,-0.031655889250211566,-0.013183100090458866,1.0,0.9310571520816902
2014-04-21,1.3337777470226482,1.3215293357295903,1.4620023317472997,-0.02812870701934711,-0.00974153999861771,1.0,0.9002695325222217
2014-04-22,1.3343323096191584,1.3220788056404675,1.4686468368724461,-0.027724619105215842,-0.005241015430483054,1.0,0.8983050847457628
2014-04-23,1.3331228528850851,1.3208804556470437,1.4652071834935927,-0.028605902574348363,-0.007570796843219374,1.0,0.9028063182720021
2014-04-24,1.32986913679613,1.3176566192385504,1.4681775267429467,-0.030976757290903434,-0.005558893395524178,1.0,0.8948078265858678
2014-04-25,1.3279130122357266,1.3157184582543198,1.4561394727560126,-0.032402108186128875,-0.013712631966014577,1.0,0.9018280018399393
2014-04-28,1.3337828100403721,1.3215343522523688,1.4607519617551825,-0.028125017797816176,-0.010588453465127712,1.0,0.9262186902068833
2014-04-29,1.3385422324081429,1.3262500676661078,1.4675519753273618,-0.024657014241202813,-0.005982598315822374,1.0,0.9356999138946449
2014-04-30,1.338009878248153,1.3257226022461797,1.471929809261782,-0.02504491974266121,-0.0030173587974560157,1.0,0.9244774154101166
2014-05-01,1.3381777283046552,1.3258889108940535,1.4720859039800571,-0.024922614019834644,-0.002911631117016089,1.0,0.912244909795708
2014-05-02,1.3392436747477927,1.3269450684870763,1.4699750343719846,-0.02414590084535506,-0.004341387035979305,1.0,0.9032038126169746
2014-05-05,1.3425211028406654,1.3301923991462838,1.472789869174306,-0.021757768125805987,-0.00243481416945468,1.0,0.8794277746335111
2014-05-06,1.340755093727973,1.3284426077325355,1.4599703156213228,-0.0230445893848944,-0.011117886065865723,1.0,0.9010169491525423
2014-05-07,1.3458740524112636,1.3335145577507879,1.4685682765259715,-0.019314605881008973,-0.005294226732563634,1.0,0.9126984196064845
2014-05-08,1.344909809892074,1.3325591701093975,1.4670051308260623,-0.02001721141327517,-0.006352992659222512,1.0,0.9165526747531553
2014-05-09,1.351157116122384,1.3387491057797674,1.4691932416703144,-0.015465045509134856,-0.004870918911534461,1.0,0.9211248333522803
2014-05-12,1.3590668271481365,1.3465861799707333,1.4834976737123535,-0.009701550729842467,0.0,1.0,0.8984700902071111
2014-05-13,1.3581547935489362,1.345682521801893,1.4848267506187554,-0.010366113679160849,0.0,1.0,0.8811239120434705
2014-05-14,1.3595437971684625,1.3470587698572654,1.477792228549637,-0.009354001468804052,-0.004737604616960822,1.0,0.8639601163075117
2014-05-15,1.3568654806133698,1.3444050489462467,1.4648162871427575,-0.011305585215961367,-0.013476631847896825,1.0,0.8582510393570217
2014-05-16,1.3631394547750049,1.3506214076497254,1.4698973534323736,-0.0067339874409896305,-0.010054639155820944,1.0,0.8862718912703437
2014-05-19,1.366238502477344,1.3536919960296925,1.4752910488619717,-0.004475833483777225,-0.006422097226366552,1.0,0.8681088671480426
2014-05-20,1.3688141733643644,1.3562440138932237,1.4659886830596423,-0.002599043590671757,-0.012687047530133055,1.0,0.8802268109285537
2014-05-21,1.3730257543456692,1.3604169188835935,1.4783392196187475,0.0,-0.004369217484332388,1.0,0.8993754432500904
2014-05-22,1.3728762472086744,1.3602687847076556,1.481934967715876,-0.0001088888074542993,-0.00194755576815564,1.0,0.8586878225139887
2014-05-23,1.3754135894209132,1.3627828258781158,1.4878752145111525,0.0,0.0,1.0,0.8698481609807771
2014-05-27,1.383295476417026,1.3705923315543953,1.4970201664849117,0.0,0.0,1.0,0.8340675547321187
2014-05-28,1.3841192391515909,1.371408529471806,1.4959264774823122,0.0,-0.0007305773342836108,1.0,0.8438416209890007
2014-05-29,1.3855600358179578,1.3728360949456457,1.5036645250422478,0.0,0.0,1.0,0.8482207415915293
2014-05-30,1.3857746105948976,1.3730486992292803,1.5060877306546812,0.0,0.0,1.0,0.8439095527211821
2014-06-02,1.3874737415510923,1.374732226645201,1.5078072642084868,0.0,0.0,1.0,0.8290909090909091
2014-06-03,1.386191921559286,1.3734621779237568,1.5070256180746269,-0.0009238517122300838,-0.0005183992360391354,1.0,0.8342939412480285
2014-06-04,1.3890102213582383,1.376254596577847,1.510074081967024,0.0,0.0,1.0,0.8589001636841915
2014-06-05,1.3993936469042276,1.3865426685561208,1.5199227059994107,0.0,0.0,1.0,0.8772693971254858
2014-06-06,1.4134167343960198,1.4004369785633723,1.5271924694045211,0.0,0.0,1.0,0.8600883700750762
2014-06-09,1.409322345630299,1.396380189583454,1.528756054807862,-0.002896802242454255,0.0,1.0,0.8363211273426531
2014-06-10,1.4142331129402923,1.4012458601013382,1.5289122960939479,0.0,0.0,1.0,0.8563747778788585
2014-06-11,1.407731886909758,1.3948043364391398,1.5235967213073927,-0.004596997461767671,-0.003476703536321457,1.0,0.8447348045084971
2014-06-12,1.394288789852168,1.3814846906703284,1.512809916719439,-0.014102571143068898,-0.010531918289654052,1.0,0.8728367218431963
2014-06-13,1.3992895855608318,1.3864395628338069,1.5174215263117452,-0.01056652346966469,-0.007515650054983003,1.0,0.8901488522755745
2014-06-16,1.3996524500644771,1.3867990950628704,1.518672189439483,-0.010309943065539562,-0.006697641637539387,1.0,0.8832487334077784
2014-06-17,1.409133184226146,1.3961927652953117,1.5228937820878174,-0.003606144324780458,-0.003936467789229292,1.0,0.9055117937152659
2014-06-18,1.4238354207370545,1.41075998752808,1.5340707501875535,0.0,0.0,1.0,0.8828697023949653
2014-06-19,1.4230657913636071,1.4099974258517287,1.5357907234447905,-0.0005405325378469161,0.0,1.0,0.8407290092087004
2014-06-20,1.4186301570072424,1.4056025250239175,1.5389079276403528,-0.0036558043535098728,0.0,1.0,0.8362204849997165
2014-06-23,1.425781950055947,1.4126886413862785,1.5384368586971264,0.0,-0.00030610599553448914,1.0,0.8430458505422642
2014-06-24,1.4154989137592748,1.4025000367579892,1.5291696691693377,-0.007212208217580951,-0.006328031908931053,1.0,0.8498451962199658
2014-06-25,1.4261169821754704,1.4130205968228948,1.5360810742775628,0.0,-0.001836921697534244,1.0,0.9065769728139387
2014-06-26,1.422357414275424,1.4092955539657401,1.5349812294269187,-0.0026362268643006503,-0.002551613480512138,1.0,0.8840579941660736
2014-06-27,1.4245196377298581,1.4114379211868275,1.5379657897538996,-0.001120065510457402,-0.0006122119910694224,1.0,0.8898240452603481
2014-06-30,1.4278843695068235,1.4147717537987805,1.5371800397213433,0.0,-0.0011228013632100797,1.0,0.8783151535133006
2014-07-01,1.4348952686147138,1.4217182700842708,1.5474692465923543,0.0,0.0,1.0,0.889315895192294
2014-07-02,1.4376411943444583,1.4244389792981502,1.5490404535218458,0.0,0.0,1.0,0.8751962480625215
2014-07-03,1.4419820134378143,1.4287399355749892,1.5566583154770999,0.0,0.0,1.0,0.8662930503025416
2014-07-07,1.4360456678440237,1.42285810491262,1.5512392638162704,-0.004116795867403322,-0.0034812081796952166,1.0,0.8431372706682032
2014-07-08,1.430874149131084,1.4177340775364846,1.541264151763347,-0.007703191997692316,-0.009889237452237354,1.0,0.8803418881699405
2014-07-09,1.4369219408902614,1.42372633092651,1.5481757034393828,-0.003509109337285876,-0.0054492446758408475,1.0,0.9068887180473082
2014-07-10,1.426410858921595,1.413311774826096,1.5420499017959033,-0.010798438795430187,-0.009384470269391931,1.0,0.8968437417452843
2014-07-11,1.4299631514422015,1.4168314457649414,1.5441705914472852,-0.00833495971767273,-0.008022135561577826,1.0,0.9223443481206187
2014-07-14,1.4378177992341143,1.4246139623813774,1.5519460137989203,-0.0028878406005717894,-0.0030271907658395714,1.0,0.9096385725075079
2014-07-15,1.432752075366581,1.4195947583103883,1.5490404535218454,-0.006400869071333526,-0.00489372772400587,1.0,0.9141531106746025
2014-07-16,1.4397850181054397,1.426563115794726,1.5547733068651415,-0.0015235941307871759,-0.0012109327995852848,1.0,0.9088146002031994
2014-07-17,1.4115077881838516,1.398545562676924,1.5371020656461105,-0.02113356822066692,-0.01256296878804486,1.0,0.8709421932168311
2014-07-18,1.4314026024552122,1.418257677942893,1.5528098844745193,-0.007336714940971989,-0.0024722387464978235,1.0,0.9712758677783141
2014-07-21,1.4239481747563094,1.4108717060992586,1.5499037379262022,-0.012506285455330057,-0.004339152326326312,1.0,0.9026946339757191
2014-07-22,1.4298966898464809,1.4167655945025102,1.5566583154770994,-0.008381050164780413,-3.3306690738754696e-16,1.0,0.9282608567353835
2014-07-23,1.427248869887885,1.4141420901301918,1.5601140913151175,-0.010217286632309808,0.0,1.0,0.9066666666666667
2014-07-24,1.4290360294468898,1.4159128377604673,1.5601926516615923,-0.008977909481727941,0.0,1.0,0.8609865397210695
2014-07-25,1.420879174633382,1.4078308893643416,1.5528887379566154,-0.014634606123914984,-0.004681417834648927,1.0,0.8802974102530413
2014-07-28,1.4220284402590688,1.4089696009992307,1.553516487889359,-0.013837601990037585,-0.004279063720190712,1.0,0.9064285714285714
2014-07-29,1.4230347928452416,1.4099667120004327,1.5468407638205575,-0.0131397066093778,-0.008557845614011295,1.0,0.9022988456293147
2014-07-30,1.4179156681322256,1.4048945974771467,1.5470767379956025,-0.016689768028529284,-0.008406598795361209,1.0,0.9338959037006251
2014-07-31,1.3934288094007732,1.380632607632349,1.5165248244465737,-0.033671157881703384,-0.027988740472859375,1.0,0.9347825936918124
2014-08-01,1.393150123638893,1.3674729097350329,1.511890643411437,-0.033864423650126985,-0.03095900253004913,0.0,1.0347985878166994
2014-08-04,1.393150123638893,1.3800713250608474,1.5228073070795705,-0.033864423650126985,-0.023962005296081057,0.0,1.0148986473852446
2014-08-05,1.373083097759339,1.360468701320007,1.5080422124088566,-0.04778070394526923,-0.03342564086377142,1.0,0.9563567108600096
2014-08-06,1.3718303765045254,1.3592274887077236,1.5085134279198935,-0.048649453515748786,-0.03312361693708843,1.0,0.984247409611257
2014-08-07,1.3660929235615835,1.3535427452519877,1.5003452038358855,-0.052628319333404394,-0.03835901147333931,1.0,0.9669226051340012
2014-08-08,1.3770472323383078,1.3643964177352104,1.517702936508071,-0.04503161654887511,-0.02723363368509013,1.0,0.9674797133748896
2014-08-11,1.3884299767837258,1.3756745898854508,1.522100996800352,-0.03713779794410588,-0.024414712388673876,1.0,0.9448771417244557
2014-08-12,1.3904855526652786,1.3777112813680015,1.5199808934202124,-0.0357122767778244,-0.02577358520343931,1.0,0.9029187686128359
2014-08-13,1.4054671247156418,1.3925552190032036,1.5302689277487387,-0.025322707483096618,-0.019179505736669822,1.0,0.9000000109338459
2014-08-14,1.4151444691007145,1.4021436584569196,1.5374945742428625,-0.018611566640222343,-0.014548252995908229,1.0,0.8686868463718698
2014-08-15,1.414816856190819,1.4018190552986778,1.537180039721343,-0.018838762892909533,-0.014749852792692586,1.0,0.8607068425040275
2014-08-18,1.4257776905512674,1.4126791934156473,1.5500610051869623,-0.011237534681805328,-0.006493843221117457,1.0,0.911927873122429
2014-08-19,1.4286644572203082,1.41553943960734,1.5581500826532535,-0.009235591077697114,-0.0013091774314943905,1.0,0.8856937552225839
2014-08-20,1.426447110524087,1.4133424634846952,1.5623130481773533,-0.010773298674295329,0.0,1.0,0.8854242228989307
2014-08-21,1.4256405607341796,1.4125433233984062,1.5668682291625835,-0.011332632828529698,0.0,1.0,0.8561046369224709
2014-08-22,1.426682780193619,1.4135759680772226,1.5644334446931139,-0.01060986413257714,-0.001553917824200779,1.0,0.8691796180410937
2014-08-25,1.4297369583369348,1.4166020877483607,1.5723665740089405,-0.008491822357538426,0.0,1.0,0.8490007258089679
2014-08-26,1.427037902048882,1.4139278274585143,1.5733874188096781,-0.010363590703398762,0.0,1.0,0.8621960400236809
2014-08-27,1.4249887780182844,1.4118975285543185,1.5727592291735026,-0.01178463757603776,-0.0003992593487563978,1.0,0.8482859203238848
2014-08-28,1.4201892772437046,1.407142120380966,1.5718952119300929,-0.015113043013729288,-0.0009484039733291816,1.0,0.8462643631778126
2014-08-29,1.422110258694708,1.4090454539404362,1.5763718325688485,-0.01378086172914883,0.0,1.0,0.8527954637229516
2014-09-02,1.4201013247550038,1.407054975904222,1.5755857894006708,-0.015174037178622646,-0.0004986407089605516,1.0,0.8401121884792132
2014-09-03,1.4238261900415183,1.410745621173402,1.5747226515641246,-0.012590880626181189,-0.0010461878160030746,1.0,0.8471645897429624
2014-09-04,1.423180153827549,1.410105520038621,1.572444987787604,-0.0130389002324931,-0.002491065052110941,1.0,0.858929791876988
2014-09-05,1.4286313880944628,1.4155066742847124,1.5795132204531575,-0.009258524183337391,0.0,1.0,0.8693259995297219
2014-09-08,1.4279723121159438,1.4148536531805782,1.5754291084111536,-0.009715586735003834,-0.002585677656330221,1.0,0.8586647773800372
2014-09-09,1.420298996618483,1.4072508317732764,1.5654553154685256,-0.015036953732617708,-0.008900150250466865,1.0,0.8797776023594392
2014-09-10,1.4226761875528273,1.409606183658763,1.5713452895047708,-0.013388395767129024,-0.005171169726609359,1.0,0.9097034946893708
2014-09-11,1.4229469790746416,1.4098744874421338,1.5731520309058757,-0.013200604574665542,-0.004027310100928827,1.0,0.8803827682329589
2014-09-12,1.4164966508012589,1.4034834177803654,1.5639626688855088,-0.01767384225257851,-0.00984515442244116,1.0,0.8719345867783843
2014-09-15,1.4093238281870817,1.3963764912712324,1.5627844102562007,-0.022648122477528343,-0.01059111755465858,1.0,0.8849734064999373
2014-09-16,1.4232588204069097,1.410183463914877,1.574565091167744,-0.012984345752182325,-0.003132692541816029,1.0,0.9062901199707605
2014-09-17,1.4259795096860057,1.4128791584553364,1.5766859273869365,-0.011097575144961125,-0.0017899774624297038,1.0,0.8572390352181319
2014-09-18,1.4301257020311473,1.4169872600876574,1.5850901256459893,-0.008222232521750028,0.0,1.0,0.8652530847483145
2014-09-19,1.4296180201610496,1.4164842422472785,1.5836615291961988,-0.00857430478434873,-0.0009012714335143723,1.0,0.8453970756846149
2014-09-22,1.4201259438318703,1.4070793688077452,1.5714308851061538,-0.015156964096824765,-0.00861732738021359,1.0,0.8421418569975322
2014-09-23,1.4091784096227102,1.3962324086547169,1.562435578867004,-0.022748968786994284,-0.014292276768649192,1.0,0.8971166313673852
2014-09-24,1.4185379644199168,1.405505978026205,1.5746663695248597,-0.01625821182193865,-0.006576128355402777,1.0,0.929060378564202
2014-09-25,1.3970837914439522,1.384248902693958,1.549258253288378,-0.031136464654521356,-0.022605574142358753,1.0,0.8718790911421265
2014-09-26,1.4066978986843715,1.3937746859572349,1.5615676042927082,-0.024469178134422287,-0.014839863659925734,1.0,0.9427365796353113
2014-09-29,1.3925447497450008,1.3797515607810853,1.5587269735557236,-0.034284244347091875,-0.01663195780714455,1.0,0.9269662656472234
2014-09-30,1.3891162577589764,1.3763545660563492,1.5546236611305326,-0.036661869001265224,-0.01922065125668504,1.0,0.9500594702696279
2014-10-01,1.3830598002630818,1.3703537487150788,1.533556150604582,-0.04086196126278763,-0.032511700254523435,1.0,0.954918037052369
2014-10-02,1.386020122071467,1.3732868743013709,1.5337932973221116,-0.038809007910528104,-0.03236208938149321,1.0,0.9483540978495782
2014-10-03,1.4027313578611547,1.3898445854037424,1.5506789350763968,-0.02721993423696223,-0.02170929590238191,1.0,0.9373550008435925
2014-10-06,1.3981425543868022,1.385297938872624,1.5488635461744673,-0.030402223219480273,-0.022854586553403777,1.0,0.9071071801445495
2014-10-07,1.3781419753758608,1.3654811034625411,1.5249542323690473,-0.04427242328061576,-0.03793846943083701,1.0,0.9341390158725988
2014-10-08,1.4014352358215936,1.388560370725992,1.551625469997167,-0.028118781814451044,-0.02111214694191854,1.0,0.9728506619405848
2014-10-09,1.3755663570386312,1.36292914710967,1.520851506215099,-0.04605858865107637,-0.04052679301418938,1.0,0.9281326389866027
2014-10-10,1.3752912437672236,1.3320081960467383,1.503492161296997,-0.046249376933346076,-0.05147843837317312,0.0,1.037037028289702
2014-10-13,1.3752912437672236,1.3047464607885528,1.4787946058062407,-0.046249376933346076,-0.06705960634032015,0.0,1.06573003887431
2014-10-14,1.3752912437672236,1.3084757291906504,1.4810828224651233,-0.046249376933346076,-0.06561601860870758,0.0,1.1139240083706043
2014-10-15,1.3752912437672236,1.3055178697148395,1.4710618346874864,-0.046249376933346076,-0.07193804889298117,0.0,1.0664482501170336
2014-10-16,1.3752912437672236,1.2994122660778367,1.4697994461349015,-0.046249376933346076,-0.07273446326220856,0.0,1.1528326513954805
2014-10-17,1.3752912437672236,1.3114613270116775,1.4871583513495716,-0.046249376933346076,-0.06178309530286574,0.0,1.1028446205382127
2014-10-20,1.3752912437672236,1.3305594763061004,1.5015983586164037,-0.046249376933346076,-0.05267319862683473,0.0,1.0348235294117647
2014-10-21,1.395698209720556,1.3505688113585783,1.5313463477243634,-0.03209735162154603,-0.033905818383496045,1.0,0.9440772713763407
2014-10-22,1.373765595457612,1.3293453802695456,1.5204572388046202,-0.04730739866690026,-0.040775528025593144,1.0,0.8998320786139264
2014-10-23,1.3896163958035816,1.344683650701679,1.5381321442189158,-0.03631502830565014,-0.029624802190939326,1.0,0.9375656086418708
2014-10-24,1.3925709331968006,1.3475426541936109,1.549968227762861,-0.03426608638703699,-0.022157666188737823,1.0,0.9072448201402624
2014-10-27,1.39695155120652,1.351781626499513,1.5478375715003592,-0.03122817192701144,-0.02350185238233582,1.0,0.898995531886835
2014-10-28,1.4149137704918382,1.369163043900909,1.5655920632358034,-0.018771553801453456,-0.01230091721266613,1.0,0.8980962738995261
2014-10-29,1.4105559520900084,1.3649461339857962,1.563224993094825,-0.021793656963087438,-0.013794251946559366,1.0,0.8742406318585179
2014-10-30,1.409152694120071,1.3635882498563416,1.5732461274402727,-0.02276680222902039,-0.007472129195738697,1.0,0.8969804942257813
2014-10-31,1.41645544506553,1.3706548689831448,1.591236886486383,-0.01770241801520578,0.0,1.0,0.867383524404321
2014-11-03,1.411783776200304,1.366134256846204,1.5921047144928682,-0.020942173311520706,0.0,1.0,0.8497879954875205
2014-11-04,1.4138130380640106,1.368097903259242,1.586581599686522,-0.01953490065153196,-0.003469065040803798,1.0,0.87626415633406
2014-11-05,1.4169701523482061,1.3711529333914243,1.5966024408963486,-0.01734547369975692,0.0,1.0,0.8795038234847451
2014-11-06,1.4243892409707193,1.3783321284584422,1.6029942631160432,-0.012200410478874324,0.0,1.0,0.8551599433297589
2014-11-07,1.4284204659390158,1.3822330052209346,1.6044930655471048,-0.009404796573340368,0.0,1.0,0.8407133952998754
2014-11-10,1.4394635953596153,1.3929190590335594,1.6095432060286872,-0.0017464975670500316,0.0,1.0,0.8288060684291146
2014-11-11,1.4395843959020491,1.3930359535340109,1.6111213016452763,-0.001662723607799399,0.0,1.0,0.842420214902645
2014-11-12,1.4359781316477218,1.3895462965340302,1.6093853524966852,-0.004163631539188639,-0.0010774788632105237,1.0,0.8411458521344082
2014-11-13,1.4325775460711572,1.3862556676659286,1.6112003016951828,-0.006521903379526961,0.0,1.0,0.8271918798811433
2014-11-14,1.4317891686558304,1.3854927821500598,1.6115953019447145,-0.007068635175055515,0.0,1.0,0.8678413909408623
2014-11-17,1.4325057188631651,1.386186162964808,1.6126206903475804,-0.006571714824692432,0.0,1.0,0.8339598977560749
2014-11-18,1.4377403854665587,1.3912515685110538,1.6219321433541662,-0.0029415262685165144,0.0,1.0,0.878217183426829
2014-11-19,1.4304549400639563,1.384201695358619,1.6193274867922265,-0.0079939092626935,-0.001605897369142295,1.0,0.8828025584956194
2014-11-20,1.4329604241179519,1.3866261654891352,1.6221684106648324,-0.006256381311133041,0.0,1.0,0.8741389960287856
2014-11-21,1.4388144359608492,1.3922908899698838,1.6308481564077888,-0.0021966830705559826,0.0,1.0,0.8482198504595805
2014-11-24,1.444971415357404,1.3982487856576837,1.6354248828611753,0.0,0.0,1.0,0.8169727695481341
2014-11-25,1.4468435531274546,1.4000603885279796,1.634240614951633,0.0,-0.0007241347016013755,1.0,0.8115755527462538
2014-11-26,1.4516130149946613,1.4046756315654434,1.6384232205623517,0.0,0.0,1.0,0.7949383595910426
2014-11-28,1.4438820429390298,1.3971946377036606,1.6349504428583055,-0.00532578033936959,-0.002119585257620016,1.0,0.787859023527121
2014-12-01,1.4317879957687611,1.385491647187871,1.6235886527494197,-0.013657234415174413,-0.009054173321494052,1.0,0.8367859224502951
2014-12-02,1.4480290139377967,1.401207517890463,1.634082907987442,-0.00246897831573778,-0.002649079017215117,1.0,0.8577431050949106
2014-12-03,1.4520345720098764,1.405083557686573,1.6403955835894197,0.0,0.0,1.0,0.8051378426871195
2014-12-04,1.451011826650698,1.4040938824298106,1.6385807809587327,-0.0007043533114798883,-0.001106320115003001,1.0,0.8029620228212487
2014-12-05,1.4567058513650712,1.409603792908149,1.6412635581637154,0.0,0.0,1.0,0.7915600849257937
2014-12-08,1.4460859623082225,1.3993272941347217,1.630295009490634,-0.007290345574500812,-0.006682990442652081,1.0,0.7725490099769915
2014-12-09,1.4425109049379317,1.3958678349554343,1.6291910607412934,-0.009744552349973401,-0.007355611694643938,1.0,0.8468414432967896
2014-12-10,1.411704477692405,1.3660575224269647,1.603072530326897,-0.030892560519679146,-0.023269283989676537,1.0,0.8641903886009846
2014-12-11,1.3941352400437335,1.3490563797426922,1.6112003016951828,-0.042953497621158854,-0.018317141277521598,1.0,0.9681296024503353
2014-12-12,1.3796223882009746,1.3350127957313447,1.5851607713306928,-0.052916285804620156,-0.03418267989559931,1.0,0.9691120012276255
2014-12-15,1.3793464637233344,1.341260489092928,1.5742716624109496,-0.05310570254745928,-0.040817268755859004,0.0,1.0038095238095237
2014-12-16,1.3654668182373788,1.3280323350429557,1.5616467509104257,-0.06263380698456922,-0.04850945898193637,1.0,0.9696106608655252
2014-12-17,1.3651937248737314,1.3548059070086236,1.5922625680248705,-0.06282128022317224,-0.029855649871168954,0.0,1.0207882132628878
2014-12-18,1.3735711678874778,1.3633905668789799,1.6316368377965567,-0.057070329881415915,-0.005865432348921007,1.0,0.9515418360064845
2014-12-19,1.375999747998886,1.3658011469000326,1.6385796084162476,-0.05540315726099132,-0.0016352947910880378,1.0,0.9096320571643133
2014-12-22,1.3888196602268894,1.3785260408178033,1.6461171512113002,-0.04660253892339761,0.0,1.0,0.8927991669213068
2014-12-23,1.388640248065488,1.3783479584190483,1.6483383863807446,-0.046725701853808976,0.0,1.0,0.8669698617231891
2014-12-24,1.390946945582485,1.3806375592121063,1.6484969727517995,-0.04514219924424956,0.0,1.0,0.82497210476128
2014-12-26,1.3883967161614474,1.378106231518786,1.653813133809597,-0.046892881730111635,0.0,1.0,0.8325608232585139
2014-12-29,1.3889484914517214,1.3786539171745307,1.6560349552502838,-0.04651409881401569,0.0,1.0,0.8449883525020391
2014-12-30,1.3820140713637306,1.371770893450843,1.6471484023265894,-0.05127444221587185,-0.005366162649840467,1.0,0.8720324030582076
2014-12-31,1.3594550462902584,1.3493790708047244,1.6308038929289912,-0.06676077053145602,-0.015235827143201375,1.0,0.8834627966472156
2015-01-02,1.364339263814201,1.354227087605317,1.629931081616946,-0.06340785098399526,-0.015762875989168035,1.0,0.972644388177337
2015-01-05,1.3438936763582416,1.3339330382517436,1.6004955750811576,-0.07744334582106194,-0.033537565129917346,1.0,0.9141829823720203
2015-01-06,1.3380304589969736,1.3281132777407478,1.5854203429232419,-0.08146832955801442,-0.04264077403871569,1.0,0.9581529159588652
2015-01-07,1.3468572370705985,1.3368746337176813,1.6051762181122502,-0.07540891950940831,-0.03071114953026277,1.0,0.9859943942471802
2015-01-08,1.364040639673213,1.3539306767993948,1.6336599132860874,-0.0636128506005672,-0.01351121357267171,1.0,0.9616533901079846
2015-01-09,1.3533390236943716,1.343308378794732,1.6205687695800866,-0.07095930010429707,-0.021416326725323898,1.0,0.9115755701551659
2015-01-12,1.3404451625266787,1.3305100840302049,1.607873505530481,-0.07981068293880011,-0.02908238716043532,1.0,0.9083851075164149
2015-01-13,1.332706842597536,1.3228291187904415,1.6033510091670113,-0.08512288781660104,-0.03181330558044293,1.0,0.9570312713913159
2015-01-14,1.3279039210659078,1.3180617954345262,1.5936719640914736,-0.08841999925960609,-0.037658016191684185,1.0,0.966619631288982
2015-01-15,1.3276383402816947,1.3098889677024192,1.5790726376145334,-0.08860231525975415,-0.04647384850890346,0.0,1.0262780547923933
2015-01-16,1.3276383402816947,1.3154045731611166,1.5997816432757883,-0.08860231525975415,-0.03396867426991823,0.0,1.0126639250076432
2015-01-20,1.3297064395480251,1.317716696461874,1.6031930090671984,-0.0871826056702083,-0.03190871425482633,1.0,0.9905437530904233
2015-01-21,1.3425351237801568,1.3304297065696262,1.6112853110253222,-0.07837596552380544,-0.027022161629552288,1.0,0.9530426066207386
2015-01-22,1.3594084193916407,1.3471508584647367,1.6352466564035006,-0.06679277898297287,-0.012553055586704831,1.0,0.9406187195028864
2015-01-23,1.3524435336420029,1.340248773938195,1.6262813965655212,-0.07157403646409788,-0.01796674556320932,1.0,0.8817204120242126
2015-01-26,1.3645652419679979,1.352261182824651,1.6300895214201903,-0.0632527214129942,-0.015667201798993613,1.0,0.8768421052631579
2015-01-27,1.3527345548894305,1.3405371710951577,1.608588316742713,-0.07137425608485737,-0.02865074698885195,1.0,0.8607875434799833
2015-01-28,1.3297689388696237,1.3177786322374245,1.587959190538228,-0.08713970111158387,-0.04110768585906277,1.0,0.9010988723188328
2015-01-29,1.3387226342231806,1.3266515936005547,1.6026373704972638,-0.08099316483923591,-0.0322442377099158,1.0,0.9533581852076399
2015-01-30,1.3113790598443003,1.2995545717103358,1.582484589677186,-0.0997639924248166,-0.0444135344727562,1.0,0.9380000000000001
2015-02-02,1.3256465313490666,1.3136933957838022,1.6020821716307603,-0.08996965303131699,-0.03257949564921436,1.0,0.9610449263651528
2015-02-03,1.3381654702358512,1.326099453468767,1.6252504385858528,-0.0813756469901844,-0.018589291588822943,1.0,0.9292204754561354
2015-02-04,1.3306198466611507,1.3186218675341008,1.6190613196481998,-0.08655556959956323,-0.022326603363572173,1.0,0.889173945793523
2015-02-05,1.340528276424767,1.3284409546249891,1.6354056824779875,-0.07975362687768084,-0.01245702737547505,1.0,0.8972099719135215
2015-02-06,1.3289644997365935,1.3169814465990353,1.6308836258179498,-0.08769193280082732,-0.015187680279691196,1.0,0.8744161701984455
2015-02-09,1.327650215469075,1.315679013015428,1.6235841091472905,-0.08859416317649782,-0.019595507933036882,1.0,0.8697183465742798
2015-02-10,1.3376812449483533,1.325619594360615,1.6408799902034084,-0.08170805815407456,-0.009151355772309189,1.0,0.8974358941234193
2015-02-11,1.3365567021105988,1.324505191339675,1.641832827540034,-0.08248003475916654,-0.008575983052304226,1.0,0.8732894272559643
2015-02-12,1.3523155041965207,1.340121898913052,1.6576214052320761,-0.07166192616767952,0.0,1.0,0.8604769552404963
2015-02-13,1.355524039054734,1.3433015029430095,1.6644447230861388,-0.06945932990899994,0.0,1.0,0.8364231119068681
2015-02-17,1.354832848908104,1.342616545143637,1.667063450157895,-0.06993381838996704,0.0,1.0,0.810259276337377
2015-02-18,1.3571610508467131,1.3449237540703554,1.6672224762323817,-0.06833555341668685,0.0,1.0,0.8596300718950091
2015-02-19,1.3630917056136422,1.3508009331039397,1.666032345610416,-0.06426427522323996,-0.0007138403176132346,1.0,0.8279742832979019
2015-02-20,1.3728570517456067,1.3604782267246225,1.676029149699306,-0.05756055660852211,0.0,1.0,0.8489727821035842
2015-02-23,1.3718270158743637,1.3594574785165046,1.6757912701427236,-0.058267656034447834,-0.0001419304411413025,1.0,0.8270676253786567
2015-02-24,1.383259927097174,1.3707873010693563,1.680551499494965,-0.05041918668691525,0.0,1.0,0.830102579248483
2015-02-25,1.3812860844088293,1.3688312561941394,1.6791233427486063,-0.051774190984107404,-0.0008498143298720784,1.0,0.8192699431516478
2015-02-26,1.3846508976672145,1.3721657294877767,1.6771398405679339,-0.04946431266843232,-0.002030082938878408,1.0,0.8203911862181574
2015-02-27,1.3856675723182545,1.3731732369516048,1.6714272135824988,-0.04876638545815348,-0.0054293402583665,1.0,0.8255192691447709
2015-03-02,1.395273135866456,1.3826921887216608,1.6819800959447555,-0.04217235445374712,0.0,1.0,0.7898164879849454
2015-03-03,1.389097977508998,1.3765727107459924,1.6750771917695442,-0.046411479567215475,-0.004104034400795986,1.0,0.7922236163610196
2015-03-04,1.3898302820684922,1.3772984122363672,1.6680152615198462,-0.04590876684809786,-0.00830261574353841,1.0,0.8259832796687897
2015-03-05,1.3934827985654166,1.3809179945960162,1.6698401773294638,-0.043401385901215894,-0.007217635122175992,1.0,0.8415139046957323
2015-03-06,1.3806243153031987,1.3681754541511046,1.6463550307678823,-0.05222848249739431,-0.02118043207691045,1.0,0.8437500309485666
2015-03-09,1.3844344444692376,1.3719512280124935,1.6531787883253766,-0.049612903544053566,-0.017123453296991276,1.0,0.8680753741469626
2015-03-10,1.3755126091286933,1.363109839385907,1.626360689751049,-0.05573756854226419,-0.03306781473086673,1.0,0.8700173578647832
2015-03-11,1.3695335100205022,1.3571846528256748,1.6225521251929484,-0.05984210282596203,-0.03533214863546097,1.0,0.9140197037676612
2015-03-12,1.3857184814989245,1.373223687092611,1.643181104829623,-0.0487314373039861,-0.023067449614104674,1.0,0.9104155086274842
2015-03-13,1.3793000629750143,1.366863142387186,1.6331045678517735,-0.05313755575123169,-0.029058327272017404,1.0,0.8867165348596218
2015-03-16,1.3854660649537656,1.3729735465457003,1.6549239712460349,-0.04890471631218285,-0.016085876856660075,1.0,0.8943544184388271
2015-03-17,1.387253423735694,1.3747447890090483,1.6500047158193067,-0.0476777295596732,-0.01901055797422413,1.0,0.8971264564498036
2015-03-18,1.3991430539791327,1.3865272124226424,1.669840177329464,-0.039515731561040046,-0.0072176351221757695,1.0,0.8958810303261894
2015-03-19,1.398625640115295,1.3860144639940557,1.6622239276201263,-0.0398709260317377,-0.011745780091132585,1.0,0.8502738734337801
2015-03-20,1.4030935464687382,1.3904420839747194,1.6768956585954962,-0.0368037959386881,-0.0030228879411343668,1.0,0.8291102280085335
2015-03-23,1.4081416085540301,1.395444628518932,1.6736280758262718,-0.03333840031296076,-0.004965587963032592,1.0,0.7791741899075569
2015-03-24,1.4096161150330178,1.3969058396168217,1.6642236988277739,-0.03232618053117997,-0.010556841403648098,1.0,0.8112522349036477
2015-03-25,1.3965685465124922,1.3839759188641096,1.639836867095462,-0.04128308044910012,-0.025055723876222236,1.0,0.820976484311569
2015-03-26,1.3989309782133466,1.3863170489089673,1.635931567782374,-0.03966131741530676,-0.02737757020633258,1.0,0.8787706470221696
2015-03-27,1.4022863704094217,1.3896421860884556,1.6396774013175437,-0.03735790647415427,-0.025150532238284673,1.0,0.8992601180667279
2015-03-30,1.4109304577863973,1.3982083311589326,1.6596809761064442,-0.03142391000611289,-0.013257659761892748,1.0,0.866590024665013
2015-03-31,1.40356996091921,1.3909142026748706,1.6451763324351432,-0.036476746761240686,-0.02188121226781814,1.0,0.8575650079534859
2015-04-01,1.4037017074707214,1.3910447612895127,1.6393586163295173,-0.036386305337264835,-0.025340061822371363,1.0,0.8717217332904741
2015-04-02,1.4092765778284158,1.396569363963048,1.6452563584597235,-0.03255926616359084,-0.02183363380670955,1.0,0.8713956094022827
2015-04-06,1.4160024728851182,1.4032346127362132,1.6563342467195026,-0.0279420711064009,-0.015247415404667897,1.0,0.8519164102766885
2015-04-07,1.4157946042978549,1.4030286184656284,1.6519511363439012,-0.028084768815117123,-0.017853338260811702,1.0,0.8763377091222976
2015-04-08,1.4213237470888187,1.408507905890341,1.6575298003504597,-0.02428912071925582,-0.01453661410931395,1.0,0.879761944714589
2015-04-09,1.4310807144492126,1.418176896289451,1.664860975668206,-0.017591153966907913,-0.010177956515551867,1.0,0.8524390442182738
2015-04-10,1.4436698178709566,1.430652485847366,1.6739473005177303,-0.00894898134849853,-0.004775796958829792,1.0,0.817103597126071
2015-04-13,1.4361731140657439,1.4232233785807156,1.6663761936940533,-0.01409532149547299,-0.009277102795879122,1.0,0.813712805236696
2015-04-14,1.4389890474649825,1.4260139211741338,1.6695638970065079,-0.012162238439206163,-0.007381894095050856,1.0,0.8541666826391534
2015-04-15,1.4453001184805958,1.4322680863059933,1.6770552709412256,-0.007829811951250987,-0.002927992439032745,1.0,0.8624605470660827
2015-04-16,1.4511902824172969,1.43810513960847,1.6765770201752805,-0.003786329918703757,-0.003212330385182205,1.0,0.8183556624216508
2015-04-17,1.4416184445699534,1.4286196094402044,1.6572904551157714,-0.010357208890854341,-0.014678913792446568,1.0,0.8219178123096772
2015-04-20,1.4509305957624474,1.4378477945052461,1.6724326687631252,-0.003964599714631367,-0.005676302118347909,1.0,0.8605948280833581
2015-04-21,1.4508963951864553,1.4378139023101923,1.6704403725138175,-0.003988077739354168,-0.0068607966638607465,1.0,0.8536585407656597
2015-04-22,1.4539002568831039,1.4407906786826385,1.6786487561779262,-0.001925985592313162,-0.0019806059387154074,1.0,0.8537370882210165
2015-04-23,1.456532373665933,1.4433990621036819,1.6828731336146618,-0.00011908903844637386,0.0,1.0,0.8221216021111611
2015-04-24,1.4596087706304126,1.4464477197054435,1.6867782863599392,0.0,0.0,1.0,0.8226763307339998
2015-04-27,1.4505197118819027,1.437440615496709,1.6797644303521135,-0.006227051338273615,-0.004158137476954149,1.0,0.8053735134773676
2015-04-28,1.4612171028432968,1.4480415498527168,1.6851046285308473,0.0,-0.0009922215875233231,1.0,0.8236032485032162
2015-04-29,1.4531137949471953,1.4400113081439576,1.6781712382510339,-0.00554558790773374,-0.005102655268037215,1.0,0.8105812971826618
2015-04-30,1.4452707549767898,1.4322389875680461,1.6613546339355352,-0.01091305859716385,-0.01507231426322675,1.0,0.8384470742711633
2015-05-01,1.4595328302465502,1.4463724640634652,1.6793666453141807,-0.0011526504812112703,-0.004393962802161089,1.0,0.8828883740384845
2015-05-04,1.4586524158026888,1.4454999881710593,1.6841478338633358,-0.00175517179180118,-0.001559453615139872,1.0,0.8257477181729956
2015-05-05,1.4491346667159786,1.4360680590540162,1.6648609756682056,-0.008268748089389155,-0.012993593093394096,1.0,0.8327932434122923
2015-05-06,1.443828176339242,1.4308094164235294,1.6580076114129727,-0.011900303158386749,-0.01705658365395102,1.0,0.8768382516905514
2015-05-07,1.4463673172803282,1.4333256623506203,1.6646225098403806,-0.010162614120840296,-0.013134966639492762,1.0,0.9061005156800149
2015-05-08,1.4611394689780204,1.4479646159991664,1.686539087693061,-5.312958979564186e-05,-0.00014180800690433149,1.0,0.903823190374475
2015-05-11,1.4532031549901097,1.4400998624421417,1.6784895835356284,-0.005484433379265297,-0.0049139254941429344,1.0,0.8264781268120807
2015-05-12,1.4544068192356283,1.4412926734461957,1.6734687566161637,-0.004660692510658926,-0.007890503364551549,1.0,0.860248426822439
2015-05-13,1.4595567950863835,1.4463962128163008,1.6737879813076222,-0.0011362498794207365,-0.007701252237690359,1.0,0.8451219708773443
2015-05-14,1.4656669785140597,1.452451301730385,1.6912412761923103,0.0,0.0,1.0,0.844689946388168
2015-05-15,1.4682406139295079,1.4550017311008665,1.693073960095889,0.0,0.0,1.0,0.8007542502944942
2015-05-18,1.4776528678807836,1.464329116314667,1.6983338391144212,0.0,0.0,1.0,0.7951188338247278
2015-05-19,1.4819587427721002,1.468596165844105,1.697776148595138,0.0,-0.0003283750852977052,1.0,0.8358503205923777
2015-05-20,1.4812243671160843,1.4678684119319436,1.6965808880998017,-0.00049554392765494,-0.0010321592694246817,1.0,0.8409686010839557
2015-05-21,1.4897691993919682,1.4763361968681628,1.701522128698118,0.0,0.0,1.0,0.8501650379083977
2015-05-22,1.4890116616209426,1.4755854896899527,1.6974572170393007,-0.0005084933769169409,-0.0023889854796818044,1.0,0.828884345282331
2015-05-26,1.476973237022376,1.4636556135753267,1.6792065932650198,-0.008589224676422758,-0.01311504273539621,1.0,0.83770720880331
2015-05-27,1.4881277923053293,1.4747095900778024,1.6951461358019664,-0.0011017861607749424,-0.003747228900884192,1.0,0.9082687607088141
2015-05-28,1.4844965491042441,1.4711110891962016,1.693233132738186,-0.0035392396955690186,-0.004871518166075228,1.0,0.8852568514088868
2015-05-29,1.4828072763813138,1.4694370483660772,1.682713667836743,-0.004673155421320185,-0.011053903175367918,1.0,0.8867421583638126
2015-06-01,1.485347907474279,1.471954771008594,1.6861401301126435,-0.002967769718620561,-0.00904014019332422,1.0,0.8998699542924614
2015-06-02,1.4808062044260504,1.4674540197457389,1.6844669119869835,-0.006016364796356366,-0.010023505673819155,1.0,0.9065541945703565
2015-06-03,1.4858833020449302,1.4724853380149343,1.688930194954976,-0.002608388835414144,-0.007400393759660617,1.0,0.9064290238970386
2015-06-04,1.4758590331213668,1.462551456266649,1.674664310247121,-0.009337128379536042,-0.01578458369597968,1.0,0.8893229365445833
2015-06-05,1.4810684868714443,1.4677139372336934,1.6717948056514507,-0.005840309038524172,-0.017471017593766125,1.0,0.9035626154528741
2015-06-08,1.4747284449670757,1.4614310624387918,1.6615146859846959,-0.010096029929354988,-0.023512737236061065,1.0,0.8903508750649004
2015-06-09,1.47832769754522,1.4649978611516088,1.661275194182197,-0.007680049937546007,-0.023653488742291562,1.0,0.9210843161827842
2015-06-10,1.4905108987974225,1.477071208492725,1.6811994757855697,0.0,-0.011943807588384203,1.0,0.8904615384615385
2015-06-11,1.4970220273641013,1.4835236272897934,1.6866186740142097,0.0,-0.008758895598561023,1.0,0.8623613872011059
2015-06-12,1.49324269545657,1.4797783729931249,1.6737082484186625,-0.0025245666653186394,-0.01634646991087718,1.0,0.8509933559848872
2015-06-15,1.4801750052648657,1.4668285120030156,1.6665353663363502,-0.011253690187110421,-0.020562037819947143,1.0,0.8827674761738732
2015-06-16,1.4861979369825817,1.4727971359413805,1.6756212514824427,-0.007230414906170823,-0.015222180645686145,1.0,0.9259927330250284
2015-06-17,1.4871180446278336,1.4737089471281435,1.678330410893331,-0.006615789584410003,-0.013629983068472629,1.0,0.9141974878100413
2015-06-18,1.495234706485732,1.4817524223882346,1.6957839989136403,-0.001193917554784596,-0.003372350960177073,1.0,0.8939581142929915
2015-06-19,1.4919691203117562,1.4785162814647945,1.6882558364584654,-0.0033753057469982917,-0.007796720369310117,1.0,0.8542746346157968
2015-06-22,1.5058812015304228,1.4923029197476039,1.6969053892324406,0.0,-0.0027132996907949236,1.0,0.8774355835252071
2015-06-23,1.5138775594657081,1.5002271758456585,1.6981063658723898,0.0,-0.0020074748180569646,1.0,0.8498999462659547
2015-06-24,1.5074032878374513,1.493811281654093,1.6857735640183655,-0.0042766150986093265,-0.009255574414305134,1.0,0.8328748302456432
2015-06-25,1.5052750217299102,1.4917022057701153,1.6806476479787098,-0.005682452773019486,-0.0122681217994971,1.0,0.8735177690002327
2015-06-26,1.5070507093531125,1.4934618823116455,1.6803276904481985,-0.004509512721098119,-0.012456163744479665,1.0,0.9027061589416182
2015-06-29,1.4555440263637882,1.4424196265657296,1.6450904436981382,-0.03853253041316462,-0.033165413513109754,1.0,0.9068564013846167
2015-06-30,1.4552529175585154,1.4445165940319595,1.648534200975688,-0.038724823907082095,-0.031141486101607385,0.0,1.0069444813789479
2015-07-01,1.4750728052692292,1.4644791611823487,1.6617483150747712,-0.02563269001105628,-0.02337543129913855,1.0,0.9870059922968722
2015-07-02,1.4561190775758965,1.4456615549364356,1.6602265014974473,-0.03815267722853111,-0.02426981495225511,1.0,0.9583084647196186
2015-07-06,1.4486252775804689,1.4382215737421724,1.6555020346909892,-0.04310274729765373,-0.02704642697908366,1.0,0.949660617092001
2015-07-07,1.4638772759364809,1.4533640356457327,1.6659120134379237,-0.03302795739100184,-0.020928387976617446,1.0,0.9429046084670205
2015-07-08,1.43432562690021,1.4240246199656408,1.6379632907727286,-0.05254845880242409,-0.037354105981577734,1.0,0.9453583764541291
2015-07-09,1.43403876177483,1.4221850578140545,1.6409255727925007,-0.05273794911066354,-0.0356131459494925,0.0,1.0212987012987014
2015-07-10,1.43403876177483,1.4438061551976948,1.6615872370509361,-0.05273794911066354,-0.023470098315874988,0.0,1.0096056272375546
2015-07-13,1.461258442854373,1.4714999937060897,1.6799269740540541,-0.034757841730546635,-0.012691668406679457,1.0,0.9492386031882091
2015-07-14,1.464157445193113,1.4744193143396644,1.6872149118676774,-0.03284289007503538,-0.00840848119994031,1.0,0.8720200982380298
2015-07-15,1.4648651519180074,1.4751319811826313,1.6866542899921826,-0.032375410574814745,-0.008737963765015011,1.0,0.8648124170122913
2015-07-16,1.4839414927647192,1.4943420227554547,1.7001880684861557,-0.019774430576508628,-0.0007840392960289932,1.0,0.8480769023387396
2015-07-17,1.4863274663175756,1.4967447189281815,1.7016300026067095,-0.018198362856937877,0.0,1.0,0.8221317295547887
2015-07-20,1.4873791322139205,1.4978037556560237,1.702510728580526,-0.01750367926791896,0.0,1.0,0.8179329418764537
2015-07-21,1.4900724366376754,1.500515936695582,1.6957841454814508,-0.01572460248134877,-0.003950978391004667,1.0,0.8249158037252252
2015-07-22,1.4916926135200281,1.5021474689435859,1.6927406648946137,-0.014654385889377841,-0.005738620921383664,1.0,0.8284745762711865
2015-07-23,1.4877602002567483,1.4981874944979547,1.6832103861468217,-0.017251962713667135,-0.011336399888531745,1.0,0.8183659457528685
2015-07-24,1.4775848295618532,1.4879408074819007,1.665752401092195,-0.023973358794395327,-0.0215906583560731,1.0,0.847184982263064
2015-07-27,1.4620196094613627,1.4722664951164812,1.6560622168630525,-0.034255049016412964,-0.027282360655782822,1.0,0.8779552929657103
2015-07-28,1.4842041228404466,1.4946064935317704,1.6764033373197345,-0.019600948861236978,-0.015334641258066384,1.0,0.9296781502765599
2015-07-29,1.4887808713837754,1.4992153192228284,1.687935585792333,-0.01657775288695751,-0.008560969715794453,1.0,0.8710304429152692
2015-07-30,1.490681002147868,1.5011287674708615,1.6883358624830458,-0.015322611246068596,-0.008325860072140978,1.0,0.8378016042949604
2015-07-31,1.4912035718962608,1.5016549997641506,1.6857735640183655,-0.014977424975801568,-0.009830871712694145,1.0,0.8246091073109219
2015-08-03,1.4953566822433397,1.5058372180975823,1.6800873192388361,-0.012234065500584479,-0.01317078886215628,1.0,0.8134228396171937
2015-08-04,1.4941835101809389,1.504655823601023,1.6768037605782578,-0.013009010643978303,-0.015099445525198929,1.0,0.8463611772813702
2015-08-05,1.4972580297353844,1.5077518916012724,1.6823299533086262,-0.01097812014347399,-0.011853537797512526,1.0,0.8592200860323903
2015-08-06,1.4857468390062394,1.4961600221627636,1.6685553639018587,-0.01858189936403898,-0.01994428822600014,1.0,0.8407257999856564
2015-08-07,1.488447588844578,1.4988797007997294,1.6653518312658606,-0.01679790446864482,-0.021825940178154868,1.0,0.8855305357619585
2015-08-10,1.4994770939845918,1.5099865086498236,1.6863340393260495,-0.009512305266086818,-0.009501666558050958,1.0,0.8683527842898794
2015-08-11,1.4855176992807069,1.4959292764611198,1.6711179555021598,-0.01873325884757171,-0.018439104407019014,1.0,0.8158772639586048
2015-08-12,1.486305522451833,1.4967226212640343,1.6731203649303978,-0.018212857995996812,-0.017262953564253003,1.0,0.8601003990534812
2015-08-13,1.4895702512763547,1.5000102316578205,1.6710377829097685,-0.016056323734617073,-0.018486195207121137,1.0,0.8575929488433348
2015-08-14,1.4900930710940492,1.5005367157730767,1.677123864676579,-0.015710972279721958,-0.014911426681647688,1.0,0.8565079365079366
2015-08-17,1.4936887871607392,1.5041576332058395,1.68649409137521,-0.013335802607506886,-0.009407657136275449,1.0,0.8272082405330148
2015-08-18,1.4902455489442852,1.500690262297827,1.6816089862483485,-0.015610252212050368,-0.01227701064157427,1.0,0.8560157769457981
2015-08-19,1.4846067754122918,1.4950119681826324,1.6683149926924954,-0.01933497452974131,-0.020085474537092307,1.0,0.8834080911783535
2015-08-20,1.4585427437297143,1.4687652610074455,1.6334780226331478,-0.0365517114577768,-0.04054758938578584,1.0,0.9242424242424242
2015-08-21,1.4582510351809683,1.4198792088689236,1.5843067206984014,-0.03674440111548516,-0.06942922937153984,0.0,1.01646309493096
2015-08-24,1.4582510351809683,1.3690162189363386,1.5175968214132052,-0.03674440111548516,-0.10861247689257936,0.0,1.194290618664435
2015-08-25,1.4582510351809683,1.3443091411673191,1.4997378268288124,-0.03674440111548516,-0.11910227544984475,0.0,1.3082851894192007
2015-08-26,1.4582510351809683,1.3696431841227212,1.5573180171925505,-0.03674440111548516,-0.08528152507387166,0.0,1.2177146752165064
2015-08-27,1.4582510351809683,1.3624164671677117,1.595838822603189,-0.03674440111548516,-0.06265564391848222,0.0,1.1820662943829436
2015-08-28,1.4582510351809683,1.3489351144975863,1.5959184089243377,-0.03674440111548516,-0.06260889747523657,0.0,1.049879298439442
2015-08-31,1.4582510351809683,1.3387198629854133,1.5830254248982505,-0.03674440111548516,-0.07018182128103057,0.0,1.0280189361932424
2015-09-01,1.4582510351809683,1.3006287337797935,1.5357754803924877,-0.03674440111548516,-0.097934917759405,0.0,1.071617009580814
2015-09-02,1.4582510351809683,1.32755866454878,1.564926498807927,-0.03674440111548516,-0.08081254788174541,0.0,1.0633254070393627
2015-09-03,1.4598340183187064,1.3292652882230764,1.5660475959911062,-0.03569875305244319,-0.08015405148324473,1.0,0.9961817284452676
2015-09-04,1.4384261096200208,1.309772120116619,1.542342011442402,-0.04983986279069774,-0.09407794879017606,1.0,0.9774808875664606
2015-09-08,1.463122628144889,1.332259762138329,1.5811030414945926,-0.033526444066409145,-0.07131096741290877,1.0,0.9903812006498168
2015-09-09,1.4571760751322527,1.3268450736154656,1.5599612210886744,-0.03745447178268968,-0.08372899218714636,1.0,0.9692487147670432
2015-09-10,1.4641788434086296,1.333221508658388,1.5684501355422467,-0.03282875536818097,-0.07874287708603922,1.0,0.9969593512897658
2015-09-11,1.470896619591495,1.339338441530126,1.5755774350354663,-0.028391292020592762,-0.07455653078373892,1.0,0.9500974800168978
2015-09-14,1.470183378478589,1.338688993276679,1.5697314313423971,-0.028862427290711756,-0.07799028517654871,1.0,0.9400324032870695
2015-09-15,1.4698893418028933,1.365568668257462,1.5893521710100444,-0.029056654805253546,-0.06646569426603732,0.0,1.0232067181162543
2015-09-16,1.4858944316309883,1.3807109619901228,1.6031269069846223,-0.018484406258453157,-0.05837485774833584,1.0,0.974913459421283
2015-09-17,1.4886726523446705,1.3832925180633888,1.5995228045222905,-0.01664923755784664,-0.060491791522572225,1.0,0.9561128559312864
2015-09-18,1.4883749178142016,1.3493694264142948,1.5733836080466013,-0.016845907710335006,-0.0758451141400941,0.0,1.0000000288718818
2015-09-21,1.5077786087692258,1.3672308002777904,1.5815148970423414,-0.004028694829610213,-0.07106905672134323,1.0,0.9603447960049598
2015-09-22,1.4902145518178915,1.3513039795217248,1.5609870491949718,-0.01563072753133876,-0.08312645377779804,1.0,0.9328392708503949
2015-09-23,1.4966027301107023,1.3570966828196755,1.5584914390841085,-0.011410981850541901,-0.08459229482594466,1.0,0.9639174973423703
2015-09-24,1.4884473488353975,1.3497015066295137,1.5528559067670422,-0.01679806300800557,-0.08790242510733492,1.0,0.9672203151977095
2015-09-25,1.4881496593656305,1.3427055072923162,1.5524535781269813,-0.016994703395403876,-0.08813873999998545,0.0,1.0004262965011776
2015-09-28,1.46696474816205,1.3238596422817765,1.513491310470855,-0.030988510933615432,-0.1110239218681851,1.0,0.9680328020194758
2015-09-29,1.4666713552124175,1.3235318717834201,1.5143768731824208,-0.031182313231428727,-0.11050377083671159,0.0,1.047384415428354
2015-09-30,1.4666713552124175,1.3357528796763216,1.5426335348176587,-0.031182313231428727,-0.09390671734337053,0.0,1.031923076923077
2015-10-01,1.4697738059315582,1.3388455490485558,1.5466578471929433,-0.029132972649198563,-0.09154296579236576,1.0,0.98989898989899
2015-10-02,1.4846972078400391,1.3524395661287343,1.5697613311757566,-0.01927523890106908,-0.07797272297687652,1.0,0.9462861969028916
2015-10-05,1.5013239484260714,1.367585187542694,1.5976953970598928,-0.0082923555879032,-0.06156515184372635,1.0,0.9265486569269796
2015-10-06,1.4983058106789577,1.3648359071617056,1.5922206496310403,-0.010286002780995118,-0.06478084225727054,1.0,0.9160806408762966
2015-10-07,1.5055223685866348,1.3714096101322935,1.6052623999848732,-0.005519066470621392,-0.05712053789918492,1.0,0.898564143718851
2015-10-08,1.520019077635497,1.384614944386852,1.619752826578547,0.0,-0.04860932774912896,1.0,0.88845972058953
2015-10-09,1.5201971392009872,1.384777144130412,1.6207181221790723,0.0,-0.048042344185195596,1.0,0.8670980521498924
2015-10-12,1.5390201776329948,1.4019234159734393,1.6222478504181677,0.0,-0.047143831057838814,1.0,0.8604533839679134
2015-10-13,1.5218242647206603,1.3862593244162262,1.6120243059262995,-0.011173286200042987,-0.05314881200758714,1.0,0.8395638529511467
2015-10-14,1.5163580577025453,1.3812800501177958,1.6042957852740523,-0.014725031068340999,-0.057688296266045214,1.0,0.8619512195121952
2015-10-15,1.537746217290678,1.4007629407172524,1.6289295837672033,-0.0008277736450968964,-0.04321919596634283,1.0,0.8664104018603112
2015-10-16,1.5411819966627658,1.4038926589781633,1.6363355086683489,0.0,-0.03886919406807554,1.0,0.8260421898050402
2015-10-19,1.5632030559421097,1.4239520702171584,1.6371404590840921,0.0,-0.0383963921043462,1.0,0.806106049196518
2015-10-20,1.5513444709787878,1.4131498545074461,1.635047470748911,-0.007586080975369502,-0.039625746081414004,1.0,0.8387457720084103
2015-10-21,1.5296807371911196,1.3934159380093158,1.6249042454172447,-0.021444634862735068,-0.04558355014184612,1.0,0.8467741761817896
2015-10-22,1.5574438650078282,1.4187059111705311,1.6523549306620653,-0.0036842244597651286,-0.029459901236733144,1.0,0.8581706467460787
2015-10-23,1.5548693756454368,1.4163607587327887,1.6704674875587733,-0.005331156605019816,-0.01882116833910874,1.0,0.8420745995623768
2015-10-26,1.5442784647227779,1.406713291964809,1.6663616834808024,-0.012106291084446719,-0.021232785493142337,1.0,0.8272311429448722
2015-10-27,1.550744090954322,1.4126029566649008,1.6631417352500188,-0.007970151376321954,-0.023124079437274014,1.0,0.8499166311578921
2015-10-28,1.55960076994829,1.4206706778357177,1.6820598288337125,-0.0023044261461276916,-0.012012200219063907,1.0,0.850606423327947
2015-10-29,1.5557185123505686,1.4171342538744298,1.6810938003941343,-0.004787953531110722,-0.012579614229067615,1.0,0.8193253394813429
2015-10-30,1.55062946547308,1.412498542084406,1.6738482206777707,-0.008043478690266559,-0.016835434527130877,1.0,0.8203256843403245
2015-11-02,1.566662159927136,1.4271030353216927,1.6936518769730304,0.0,-0.005203404277447254,1.0,0.819021756110435
2015-11-03,1.5600239962315032,1.4210562028894596,1.6985621917633127,-0.00423713795189995,-0.0023192434273265894,1.0,0.8122847266376345
2015-11-04,1.549686426476789,1.4116395095192127,1.6934098935177513,-0.010835605712935958,-0.005345537569893977,1.0,0.8322839479956516
2015-11-05,1.5563207463551838,1.4176828405435562,1.6917199666616842,-0.0066009212684584595,-0.0063381462082408024,1.0,0.8470781241064186
2015-11-06,1.562877791961577,1.423655780930437,1.6908342573823076,-0.0024155609692743107,-0.006858383328928408,1.0,0.8450309068666588
2015-11-09,1.5456300317653329,1.407944460673806,1.675055792869196,-0.013424801274820708,-0.01612614549232283,1.0,0.8212034024912049
2015-11-10,1.554862354730367,1.4163543632446853,1.6789201997631302,-0.007531812217458356,-0.013856317273879704,1.0,0.8763925552086351
2015-11-11,1.5479813913286635,1.410086359837387,1.6723192252777281,-0.011923929150967183,-0.017733517208417426,1.0,0.8485016432623069
2015-11-12,1.5205307767754872,1.3850810610867579,1.6489746372464995,-0.029445648418414794,-0.031445376781068846,1.0,0.8704606686119898
2015-11-13,1.49954437345069,1.3659641380823135,1.6304591654384881,-0.04284126354310347,-0.042320768928200025,1.0,0.9107585488604183
2015-11-16,1.5296705237691306,1.3934066344045608,1.6552530159807999,-0.02361175057660536,-0.02775765920672202,1.0,0.9304911988410955
2015-11-17,1.512839391554734,1.3780748286806113,1.6540455903571851,-0.034355057362785324,-0.028466862152316086,1.0,0.9089089297330075
2015-11-18,1.5328790657345186,1.3963293576916127,1.6802885568427697,-0.02156373917538712,-0.013052588371225249,1.0,0.9221732608210991
2015-11-19,1.5219240228172397,1.38635019600684,1.678839440899497,-0.02855633987609496,-0.013903752430837857,1.0,0.8766909782505683
2015-11-20,1.5325605713994166,1.3960392350065929,1.6849580607202579,-0.021767034016641706,-0.01030987209983858,1.0,0.8650713099795124
2015-11-23,1.5403452595147409,1.4031304588342806,1.6830255641376697,-0.016798069861864162,-0.011444958387488269,1.0,0.8167898396930922
2015-11-24,1.5388406185278076,1.4017598520918404,1.685280216767928,-0.017758481765221323,-0.010120648007289845,1.0,0.838432673303312
2015-11-25,1.5434233565798097,1.4059343573242897,1.6850383798804596,-0.014833321402495048,-0.010262695210522477,1.0,0.851416396552378
2015-11-27,1.540660397988037,1.4034175245995046,1.6869708764630478,-0.016596917066222128,-0.009127608922872787,1.0,0.8350741920847865
2015-11-30,1.5425851151801782,1.4051707869283583,1.679966987066342,-0.015368370643532803,-0.01324146810691762,1.0,0.8714697214732382
2015-12-01,1.555380127748916,1.416826012758715,1.6959862624922482,-0.007201317850649147,-0.0038322613647889803,1.0,0.8723634504958435
2015-12-02,1.5436370667758088,1.4061290300987976,1.6786785094434729,-0.01469691024668529,-0.013998278387898022,1.0,0.8344709933825417
2015-12-03,1.5209556181169324,1.3854680573284581,1.6551726968205986,-0.02917447231401149,-0.02780483609603779,1.0,0.8679759992482986
2015-12-04,1.549185073170918,1.4111828170408482,1.6874535242633106,-0.011155619381928994,-0.00884411714090605,1.0,0.9005469642143089
2015-12-07,1.541197681826464,1.4039069468988754,1.6772299797714425,-0.01625396894877207,-0.014849098090654378,1.0,0.8150797984487808
2015-12-08,1.5319557828697874,1.3954883213709421,1.6659602342476052,-0.022153070358808424,-0.021468583850508205,1.0,0.8493297760854476
2015-12-09,1.5189506789384406,1.3836417192318045,1.6529995358930267,-0.03045422440720369,-0.029081280873207493,1.0,0.8773679196692433
2015-12-10,1.5152611526110706,1.380280857933582,1.65726583172359,-0.032809247986468226,-0.026575396029756115,1.0,0.931591482695862
2015-12-11,1.4697267201446356,1.338802657689362,1.625145789169092,-0.061873862956521974,-0.04544167511704167,1.0,0.9315992190160819
2015-12-14,1.4694327748006066,1.3581106593838057,1.6333571041894126,-0.06206148818393076,-0.04061861298740277,0.0,1.000410206709502
2015-12-15,1.4811586605327498,1.3692198309950734,1.6505039257821634,-0.05457685873919549,-0.030547121921354115,1.0,0.975536512629841
2015-12-16,1.50130970882266,1.3878479602219316,1.6746540505003777,-0.04171445048976963,-0.01636211602811688,1.0,0.9583714279531793
2015-12-17,1.4881654533428494,1.375697084190765,1.6491351289990925,-0.05010442493098666,-0.03135110909165062,1.0,0.9126213734547747
2015-12-18,1.46389275989874,1.3532588038762274,1.6197559045025693,-0.0655976780808798,-0.048607519875633276,1.0,0.9297986853059348
2015-12-21,1.4779876118490145,1.3662884348803186,1.6331173192512924,-0.05660093818966405,-0.04075945494163824,1.0,0.9736594438921466
2015-12-22,1.4929418289214567,1.380112484334432,1.6479367905797337,-0.04705566579147347,-0.032054974505971834,1.0,0.8858360710245651
2015-12-23,1.499743565478356,1.3864001784397757,1.668343719983369,-0.04271411932990854,-0.020068601051133395,1.0,0.8366935419521522
2015-12-24,1.4945446477535074,1.381594169847817,1.6655900039580624,-0.04603258699819668,-0.021686045205275395,1.0,0.8054837072660905
2015-12-28,1.4977244760705382,1.3845336820735175,1.661784224188363,-0.04400290351035485,-0.023921437738086415,1.0,0.799390531898395
2015-12-29,1.5025733630868368,1.389016113590059,1.6795189292693777,-0.04090786034130034,-0.013504642834361369,1.0,0.8592479541554032
2015-12-30,1.4937467386566194,1.3808565628730196,1.6676146916935095,-0.04654189214214999,-0.020496808801969357,1.0,0.8418847999396039
2015-12-31,1.486826473829031,1.374459298292152,1.6509326366281296,-0.050959095164344825,-0.030295310970169242,1.0,0.8825931529008153
2016-01-04,1.467362442771338,1.3564662648478405,1.6278537760374951,-0.0633829805147117,-0.04385109079769289,1.0,0.9196970051350066
2016-01-05,1.4774445495729376,1.3657864146324659,1.6306070523593699,-0.05694757468218148,-0.042233904911193276,1.0,0.9404815894929962
2016-01-06,1.467701435989661,1.35677963859332,1.6100386052284679,-0.06316660124227269,-0.054315148679948244,1.0,0.9424951056803109
2016-01-07,1.4361210345669517,1.3275859316320375,1.571410805316101,-0.08332436226471163,-0.07700387496161631,1.0,0.9680300684941703
2016-01-08,1.4358338103600383,1.313823840626714,1.5541621190949921,-0.08350769739225872,-0.08713519803145098,0.0,1.015028397569223
2016-01-11,1.4358338103600383,1.322070898418207,1.555700934538344,-0.08350769739225872,-0.08623134737282112,0.0,1.0297369604032092
2016-01-12,1.4495236966399347,1.334940532033953,1.5682525621335743,-0.074769446970398,-0.0788589253466202,1.0,0.9826122300769989
2016-01-13,1.4194919380224933,1.307282749053506,1.529139476200354,-0.0939387097416634,-0.10183269301610853,1.0,0.997336853758683
2016-01-14,1.4192080396348887,1.3170704436122902,1.5542431710942466,-0.09411992199971508,-0.08708759069606453,0.0,1.0132583615284783
2016-01-15,1.4192080396348887,1.2907176263081344,1.5208790609634868,-0.09411992199971508,-0.10668459503246441,0.0,1.0178495240585719
2016-01-19,1.4192080396348887,1.290834898123271,1.5229037486989343,-0.09411992199971508,-0.10549535862915804,0.0,1.0052083647174268
2016-01-20,1.411360023305874,1.283954933782036,1.5033879515836672,-0.09912930853483104,-0.11695830966238796,1.0,0.9852496018842642
2016-01-21,1.412568822381299,1.2850546131772391,1.5118098845478012,-0.0983577324373518,-0.11201153733211555,1.0,0.9920891956070763
2016-01-22,1.4362089523712052,1.3065607214944437,1.542824805810474,-0.08326824435588465,-0.093794370918996,1.0,0.9992512510236558
2016-01-25,1.4224919465968662,1.29408196557827,1.5195027892220758,-0.09202380514314268,-0.1074929727526791,1.0,0.9200988207668154
2016-01-26,1.435697181360723,1.3060951486405832,1.5402334869192975,-0.08359490764269428,-0.09531642822393716,1.0,0.9564356435643564
2016-01-27,1.4237025942257182,1.2951833266558603,1.5234706729902843,-0.09125104911454984,-0.1051623655490953,1.0,0.9660798246254833
2016-01-28,1.4328946160262124,1.3035455740961215,1.5314068802301333,-0.08538378427876558,-0.10050089287428532,1.0,0.9444217674083761
2016-01-29,1.4451975382421087,1.31473789740002,1.5687384344256698,-0.07753083261465665,-0.07857353960194391,1.0,0.9333888248429852
2016-02-01,1.4487780574865434,1.3179951990618775,1.568171803269941,-0.0752453882246541,-0.07890636050357847,1.0,0.8914386644317187
2016-02-02,1.4294562453324289,1.3004175890720637,1.5399100117613325,-0.08757849529032369,-0.09550642711941237,1.0,0.9077691863801964
2016-02-03,1.432647696843771,1.3033209445917386,1.5491411456077167,-0.08554139272094119,-0.09008435623820232,1.0,0.9389149997123905
2016-02-04,1.4298601430681688,1.3007850264955299,1.5515708002038155,-0.08732068748333699,-0.08865725533639202,1.0,0.9331896244841731
2016-02-05,1.4184177739256014,1.2903755731511293,1.5220132026818083,-0.09462434837159106,-0.10601843669391042,1.0,0.9230769290300237
2016-02-08,1.4047388557520082,1.277931466624258,1.5015250747111077,-0.10335559785439552,-0.11805250357334951,1.0,0.9550653773363658
2016-02-09,1.404457907980858,1.2756692096519144,1.5016062732781728,-0.10353492673482456,-0.11800481014874897,0.0,1.000769840574137
2016-02-10,1.4021686929478012,1.2738450493296354,1.5003107604003951,-0.1049961320231193,-0.1187657527120054,1.0,0.9902985356543964
2016-02-11,1.3847883010539093,1.258055275759026,1.4807943770138858,-0.11609003110261218,-0.13022904810209157,1.0,0.9839072109130039
2016-02-12,1.3845113433936984,1.268457136667949,1.511324158823516,-0.11626681309639164,-0.11229683698757809,0.0,1.015151540297592
2016-02-16,1.3970549089886157,1.2802029515611217,1.5368323808746285,-0.10826025883360102,-0.0973141284366722,1.0,0.9683568602088674
2016-02-17,1.4083054394663472,1.2905124692698045,1.5619359292007102,-0.10107904850919092,-0.0825691122058424,1.0,0.9640143854200167
2016-02-18,1.40892459283492,1.291079835638024,1.5555389771076449,-0.10068384309451384,-0.08632647595438026,1.0,0.94734610287761
2016-02-19,1.4162196167972272,1.2977646918653396,1.554809802249975,-0.09602743142587022,-0.0867547697944302,1.0,0.9327585900155894
2016-02-22,1.4321491561100617,1.3123618584577845,1.577322617956123,-0.08585961112594331,-0.07353146651168485,1.0,0.9004386266219366
2016-02-23,1.4175002828491448,1.2989382409141856,1.55740068143772,-0.09520998265824498,-0.08523297075713121,1.0,0.8963921946215417
2016-02-24,1.4195049262042576,1.3007752126205452,1.564527101524076,-0.09393041938902924,-0.08104714099011545,1.0,0.9349375891572843
2016-02-25,1.429565238230487,1.3099940636955745,1.5834771468904776,-0.08750892515526454,-0.06991649432323588,1.0,0.9274843266999607
2016-02-26,1.4250593963536389,1.3058650978024697,1.5798330314158555,-0.09038500271180538,-0.07205693045291617,1.0,0.8997175238196327
2016-02-29,1.4211635678503476,1.3022951227666997,1.5674427749800812,-0.09287170890982355,-0.07933456825441465,1.0,0.9062213836636029
2016-03-01,1.4454522371726004,1.3245522480634788,1.6042887500191434,-0.07736825836156846,-0.05769242854832146,1.0,0.9178204805803111
2016-03-02,1.4507939234974057,1.329447147007916,1.6114954892657014,-0.07395866153754505,-0.05345942189198949,1.0,0.8727810355379103
2016-03-03,1.459984742193952,1.3378692305973863,1.6178121221985649,-0.0680921646426601,-0.049749235032767736,1.0,0.8579317236217372
2016-03-04,1.4566823223646117,1.3348430305635763,1.6230758119801723,-0.07020009825707374,-0.046657513087499325,1.0,0.8568496765580979
2016-03-07,1.4558444626121965,1.3340752507711466,1.6243717645613815,-0.07073490389280457,-0.045896312256600624,1.0,0.8588894916356977
2016-03-08,1.4447555605647413,1.3239138426264938,1.6066372060481773,-0.0778129468372839,-0.05631302107111169,1.0,0.8718593131953736
2016-03-09,1.448559874859314,1.3273999578516313,1.614573120152405,-0.07538465413201456,-0.05165172057472989,1.0,0.8873573758365048
2016-03-10,1.4541799492071215,1.332549959989532,1.6158686330301826,-0.07179736231405875,-0.05089077801147346,1.0,0.883855421686747
2016-03-11,1.4683143644850423,1.3455021496572126,1.6419439259404556,-0.06277536916233928,-0.03557499029129074,1.0,0.8715596715565771
2016-03-14,1.4733660023772626,1.3501312602943316,1.6398384793413747,-0.05955091016828573,-0.036811661851555266,1.0,0.8474576570058034
2016-03-15,1.468999457069756,1.3461299399776934,1.6371664015865648,-0.062338074765220686,-0.03838115431345468,1.0,0.8712667319015255
2016-03-16,1.4793800561742838,1.3556422887959727,1.6466406914307126,-0.05571214138274172,-0.03281626142608529,1.0,0.871184690453498
2016-03-17,1.4886664655501225,1.3641519677039837,1.6570876052659151,-0.04978462898512914,-0.026680080514078552,1.0,0.8111472062399201
2016-03-18,1.4909398052576233,1.366235161560373,1.6635987336834277,-0.04833355691250918,-0.022855653267772058,1.0,0.796030897787139
2016-03-21,1.499284446703318,1.3738818435481492,1.6659599411119828,-0.04300717471018234,-0.021468756028937164,1.0,0.7819297134062458
2016-03-22,1.503585877227028,1.3778234953880009,1.6650644117892968,-0.040261572860763706,-0.0219947611269683,1.0,0.7839681569287068
2016-03-23,1.488819007215182,1.3642917505347005,1.6540751970549228,-0.04968726168478754,-0.028449472131072295,1.0,0.7983098591549296
2016-03-24,1.4904059565809473,1.3657459648601071,1.6533430908410411,-0.048674312367214645,-0.028879487755403832,1.0,0.8163934766589503
2016-03-28,1.4945639104163564,1.3695561406365189,1.6543196721629818,-0.04602029164611521,-0.02830587532198625,1.0,0.8067870624347122
2016-03-29,1.5120512771523331,1.3855808354186563,1.6696223775629284,-0.03485811055610277,-0.019317558747496633,1.0,0.832786919965355
2016-03-30,1.5191426343933727,1.392079059942362,1.6769481298716828,-0.03033169929627544,-0.01501464764933147,1.0,0.8016241405729237
2016-03-31,1.5167468413574703,1.3898836549542273,1.6728782349073057,-0.03186093329271911,-0.01740517294591537,1.0,0.8014184361026375
2016-04-01,1.5260520859734583,1.398410593692097,1.6842740287482478,-0.025921398366809623,-0.010711650461952216,1.0,0.8167447343274401
2016-04-04,1.5173803278637086,1.3904641556130362,1.6788200939484985,-0.031456579040448296,-0.013915116207097067,1.0,0.793939393939394
2016-04-05,1.5003799466003438,1.374885714042132,1.6620528829851677,-0.042307917445248644,-0.023763636208677608,1.0,0.8195008923469377
2016-04-06,1.5201004096368695,1.392956725298081,1.6802038406482493,-0.029720351637542608,-0.01310234793696441,1.0,0.8389554245962684
2016-04-07,1.4919617655968258,1.3671716434654204,1.6600989875022336,-0.047681239925897234,-0.024911291521583223,1.0,0.8153934861176925
2016-04-08,1.4992966392204974,1.3738930162632514,1.664576047844421,-0.042999392230020916,-0.022281610388284245,1.0,0.8568398450173097
2016-04-11,1.4950905590862413,1.3700387395503375,1.660668989717606,-0.04568413195364551,-0.02457649056802469,1.0,0.8384279615648421
2016-04-12,1.5051734508256944,1.3792782817344482,1.6761339456838722,-0.03924822509551218,-0.015492873233548199,1.0,0.8607729235243039
2016-04-13,1.5196971717168042,1.3925872148571334,1.6930651660272498,-0.029977738284376554,-0.005548019401411697,1.0,0.8263773270689081
2016-04-14,1.5209951093728844,1.3937765908849227,1.6931462180265042,-0.029149265056849005,-0.005500412066025362,1.0,0.8018539870492577
2016-04-15,1.5249769774669635,1.397425409019392,1.6912741073818778,-0.02660763981311154,-0.006600029597473855,1.0,0.7958236764587926
2016-04-18,1.5439826681806674,1.414841432678588,1.7031582651676953,-0.014476312970706728,0.0,1.0,0.7937063007639842
2016-04-19,1.541004032036471,1.4121119345329587,1.7085304151291372,-0.01637757555327579,0.0,1.0,0.8086008367611118
2016-04-20,1.5392235286648404,1.410480355375289,1.7101584903691363,-0.017514070336371534,0.0,1.0,0.8038858865807306
2016-04-21,1.533407061859845,1.4051503873665132,1.700960773983566,-0.02122671940250198,-0.005378283028951936,1.0,0.7999999816159171
2016-04-22,1.5412709336043158,1.4123565120171597,1.700960773983566,-0.016207212360322187,-0.005378283028951936,1.0,0.8138856765902214
2016-04-25,1.5377368330779675,1.4091180094387463,1.6980301506108808,-0.018463027696101197,-0.007091939037555228,1.0,0.7944711829871832
2016-04-26,1.5440189644479756,1.4148746930667373,1.7005534620379448,-0.014453145073864193,-0.005616455074358817,1.0,0.8176539234284781
2016-04-27,1.5531086444752693,1.4232040973906603,1.7040537944903813,-0.008651204962081271,-0.0035696667374012225,1.0,0.8250590979345737
2016-04-28,1.5350324173259144,1.4066397954431826,1.6885881056850622,-0.02018925548230044,-0.01261309101206054,1.0,0.8211091010212334
2016-04-29,1.525285960186083,1.3977085479185531,1.6794714412987466,-0.02641041623356577,-0.017943979603765148,1.0,0.8560179646917385
2016-05-02,1.5430945795110547,1.4140276251977433,1.6928205443513804,-0.015043179709642973,-0.010138210063801445,1.0,0.8509484742969017
2016-05-03,1.5291632869530556,1.4012615687334893,1.6780878411668063,-0.02393551968844665,-0.018753027501800412,1.0,0.8256467622650934
2016-05-04,1.5252035480228756,1.3976330288434589,1.6687268482402422,-0.026463019893318007,-0.024226785039058618,1.0,0.8400646341608713
2016-05-05,1.5251696541265056,1.3976019698880138,1.6684014677007393,-0.026484654357490922,-0.024417048421859322,1.0,0.8487572781337961
2016-05-06,1.538909052715883,1.4101921827090182,1.6745067498507367,-0.01771480024292138,-0.020847038867552126,1.0,0.8409090875181674
2016-05-09,1.5455708794967637,1.4162968034027363,1.6758896171436242,-0.013462558150605486,-0.020038419490649217,1.0,0.805692371712277
2016-05-10,1.5607799133651186,1.430233728804442,1.696728188749438,-0.0037546362658628096,-0.007853249681436969,1.0,0.8072022501853985
2016-05-11,1.549925159212235,1.4202868840415173,1.6808551879984979,-0.010683222677491222,-0.01713484600150328,1.0,0.7933643630898959
2016-05-12,1.554157898388619,1.4241655899906758,1.6813435519433737,-0.007981466495047274,-0.01684927951884907,1.0,0.8152053067052512
2016-05-13,1.5429434695875572,1.4138891543553829,1.6666920473258646,-0.015139633129762853,-0.025416616815374438,1.0,0.811830985915493
2016-05-16,1.5571630343254965,1.4269193714429869,1.683134464020935,-0.006063289102534508,-0.015802059575407035,1.0,0.8241095890410959
2016-05-17,1.543271361136489,1.4141896205189057,1.6674251795144202,-0.014930340049659985,-0.024987924274487705,1.0,0.8293784953239788
2016-05-18,1.5441327309792436,1.4149789439792688,1.6679131037558639,-0.014380527930118792,-0.024702614904513198,1.0,0.8448182171558297
2016-05-19,1.5426002645762829,1.4135746555725526,1.662134081552233,-0.01535870078841517,-0.02808184685066073,1.0,0.8603020071396973
2016-05-20,1.5535729263644962,1.423629545983354,1.672634052934868,-0.008354853967525777,-0.021942081769373734,1.0,0.8700053064327744
2016-05-23,1.5554041654310753,1.42530761721947,1.6703552166158628,-0.007185974605133927,-0.023274611082790275,1.0,0.8421052987520973
2016-05-24,1.568513160176536,1.4373201542050689,1.6920063601635706,0.0,-0.010614297041935283,1.0,0.8716253626721041
2016-05-25,1.5740809157267843,1.4424222135752038,1.7034840854106308,0.0,-0.0039027990657548584,1.0,0.8442622988531675
2016-05-26,1.577413887772303,1.4454764103878637,1.7039720096520745,0.0,-0.0036174896957804625,1.0,0.8288610387941281
2016-05-27,1.585905882116741,1.4532581204369415,1.71129805509645,0.0,0.0,1.0,0.8109903643185737
2016-05-31,1.5862247931935436,1.453550357269711,1.7080416114808303,0.0,-0.0019029085003173796,1.0,0.8044144959904161
2016-06-01,1.5897193571929773,1.456752630220982,1.7115423836366985,0.0,0.0,1.0,0.8532772529223552
2016-06-02,1.5975527002987457,1.463930779698196,1.7167515501927675,0.0,0.0,1.0,0.8502993623516808
2016-06-03,1.5993610016435227,1.4655878317610753,1.711623435635953,0.0,-0.0029871034956914233,1.0,0.8326206048403776
2016-06-06,1.60303714117319,1.46895649296827,1.7203332277800794,0.0,0.0,1.0,0.8168587135818146
2016-06-07,1.6026253425652237,1.4685791378693578,1.7230189363412738,-0.00025688650461652696,0.0,1.0,0.830291943830673
2016-06-08,1.6003303105943,1.4664760661259353,1.7286355614107745,-0.0016885638575466766,0.0,1.0,0.8448587317518741
2016-06-09,1.5946932352218302,1.4613104849568794,1.7262749402534618,-0.00520506090411188,-0.0013655979374773697,1.0,0.8385943557024382
2016-06-10,1.5657623508716543,1.4347994270893103,1.7099143083966992,-0.02325260553492603,-0.010830075136714412,1.0,0.8452656038080019
2016-06-13,1.5189626578412632,1.391914136923418,1.6967281887494383,-0.052446996499654785,-0.018458125803738512,1.0,0.8991552016789502
2016-06-14,1.5255863016642546,1.3979837683442917,1.6933903999989428,-0.04831506240226768,-0.020389006334607274,1.0,0.958847699830955
2016-06-15,1.528970895152337,1.401085268897634,1.6910297788416302,-0.04620369928961676,-0.021754604272084643,1.0,0.9343664312212621
2016-06-16,1.536732223412882,1.408197426969057,1.6960764016957586,-0.04136205959132211,-0.018835178705015054,1.0,0.9234296420524821
2016-06-17,1.5366989268894418,1.4081669154212928,1.6897602084663268,-0.04138283049087588,-0.022489039223930307,1.0,0.9154064338223032
2016-06-20,1.5584008464931032,1.428053650976492,1.700642135563351,-0.027844828752638606,-0.01619394305678723,1.0,0.9108400040563605
2016-06-21,1.556412671461705,1.4262317701563183,1.7054696395406514,-0.029085083878569895,-0.01340127577337169,1.0,0.9273094646762586
2016-06-22,1.5453869306702293,1.4161282403568964,1.7026876359279015,-0.035963115901836984,-0.015010639640952617,1.0,0.9385474605770229
2016-06-23,1.5450778532840952,1.4444432747119522,1.7248611471525408,-0.036155923278656577,-0.0021834644285306792,0.0,1.0042694533500798
2016-06-24,1.4703172546756673,1.374840899542322,1.6629227629410013,-0.082792770727939,-0.038014258144813184,1.0,0.9364820808117311
2016-06-27,1.4700231912247321,1.3750576441430333,1.6331400372619325,-0.08297621217379347,-0.055243294931932474,0.0,1.0764730326571879
2016-06-28,1.4700231912247321,1.4029154425115864,1.6625959167233926,-0.08297621217379347,-0.038203335718423825,0.0,1.0071790410740435
2016-06-29,1.4852607659408168,1.4177379926950497,1.690905635906063,-0.07347077132983837,-0.02182641983479694,1.0,0.9254688937895844
2016-06-30,1.4949407861334896,1.4269779407983811,1.7139789269198953,-0.06743222116524994,-0.008478730171973092,1.0,0.888414330308799
2016-07-01,1.5037109078677398,1.4353493561540753,1.7175792186191519,-0.06196128009408308,-0.006395994065168553,1.0,0.86401325971045
2016-07-05,1.4982592695729793,1.4301455596826744,1.7052238453222972,-0.06536209854971209,-0.013543465500252982,1.0,0.8368272135537818
2016-07-06,1.5055024198811446,1.437059422631301,1.7154513471450512,-0.06084370647873083,-0.007626948421079138,1.0,0.8541666773850459
2016-07-07,1.51091944620192,1.442230180654743,1.7143882908148644,-0.05746447952157452,-0.008241916870136867,1.0,0.8432920063705875
2016-07-08,1.5307297496278958,1.4611398700896703,1.7399158598169744,-0.04510649796446753,0.0,1.0,0.8310810703705315
2016-07-11,1.5303186590033957,1.460747468425155,1.7460525074784374,-0.04536294281776587,0.0,1.0,0.8004851536213773
2016-07-12,1.5374475601484354,1.467552276194441,1.7587347269929008,-0.040915821187245016,0.0,1.0,0.8211037106085946
2016-07-13,1.5416802989485794,1.4715925866555588,1.7584892259101677,-0.03827537157355343,-0.00013958960323301461,1.0,0.8379715483035155
2016-07-14,1.5428304750771116,1.4726904735944075,1.768307510405763,-0.03755787345763928,0.0,1.0,0.8165309819638512
2016-07-15,1.5435899356953267,1.473415407691564,1.7659351638236036,-0.03708410987555577,-0.001341591645230955,1.0,0.8083228422140999
2016-07-18,1.5491200738202224,1.4786941352418401,1.7706810295304074,-0.03363432198053018,0.0,1.0,0.7923702427366577
2016-07-19,1.5498992111406296,1.4794378515009632,1.7688807371129684,-0.033148283759458774,-0.001016723163243194,1.0,0.788839545903482
2016-07-20,1.558421198446814,1.4875724130906174,1.7762443039168543,-0.027832132881040916,0.0,1.0,0.7604828573100835
2016-07-21,1.549098090111669,1.4786731509543998,1.7695350158194283,-0.033648035766685624,-0.0037772327165982444,1.0,0.7623057201992364
2016-07-22,1.5567912932070684,1.4860166064364126,1.777471662762709,-0.028848893627178462,0.0,1.0,0.7913043290771028
2016-07-25,1.5588537634641775,1.4879853128813412,1.7726444519210294,-0.027562291960794405,-0.0027157737266970683,1.0,0.7607594844871294
2016-07-26,1.5616090986085673,1.4906153852608097,1.7734624468719151,-0.025843470185789585,-0.0022555723248843806,1.0,0.7910264067545696
2016-07-27,1.568665479436506,1.4973509696242442,1.7715808093196004,-0.021441587879572732,-0.003314175728659663,1.0,0.7996323678938991
2016-07-28,1.574513796358639,1.5029334109597745,1.7736261631163406,-0.017793315003092225,-0.0021634660776483905,1.0,0.7968943910564543
2016-07-29,1.5854369940255524,1.513360019329983,1.776489951567398,-0.01097925100771957,-0.0005523076490485668,1.0,0.795
2016-08-01,1.5908374977190907,1.51851500587618,1.775016798503189,-0.00761033112755638,-0.0013810989569894572,1.0,0.7697795033249341
2016-08-02,1.5779539194054077,1.506217139483944,1.7636440158085092,-0.015647311670785813,-0.0077793909426986385,1.0,0.7923566975242068
2016-08-03,1.5858548921225757,1.5137589189864011,1.7687988057068507,-0.010718559545064288,-0.004879322262937302,1.0,0.8157413360517998
2016-08-04,1.5950354301932483,1.5225220923729488,1.7706810295304076,-0.004991594252199083,-0.003820389024794202,1.0,0.7997512475756329
2016-08-05,1.6055211680751424,1.5325311287102052,1.7851632483266886,0.0,0.0,1.0,0.7905792469663778
2016-08-08,1.6127874608943262,1.539467082067378,1.7840996057252594,0.0,-0.0005958237166411307,1.0,0.7523117398754466
2016-08-09,1.6179641994165535,1.544408476231628,1.7851632483266886,0.0,0.0,1.0,0.7585752055243661
2016-08-10,1.6101520335814865,1.536951466281868,1.7807446685409254,-0.004828392270906923,-0.0024751684698332,1.0,0.7716744053562794
2016-08-11,1.6116666188092985,1.5383971955907436,1.789008161701815,-0.003892286744988427,0.0,1.0,0.7819597741283318
2016-08-12,1.6150602203988227,1.5416365176114066,1.7874535169349197,-0.001794835150727092,-0.0008689981410796577,1.0,0.7633986832936769
2016-08-15,1.6200766302138994,1.5464248719158156,1.792608599968882,0.0,0.0,1.0,0.7568807225926443
2016-08-16,1.6089700621742133,1.535823229537993,1.7833629559092499,-0.00685558191048008,-0.005157647943780264,1.0,0.767880358395518
2016-08-17,1.6169682241098597,1.5434577798526041,1.7867175999579628,-0.0019186784415433644,-0.0032862723134440275,1.0,0.7890137102882764
2016-08-18,1.6227716637997245,1.548997384160016,1.7907268158487566,0.0,-0.0010497462302468952,1.0,0.7854381211633351
2016-08-19,1.6213231261533219,1.5476146997841493,1.788108675048243,-0.0008926318339887995,-0.0025102662793859976,1.0,0.75395779122987
2016-08-22,1.6200982486160287,1.546445507504355,1.7880260108030719,-0.0016474376792086076,-0.0025563802192457574,1.0,0.7495042904313312
2016-08-23,1.620923128320308,1.5472328866117666,1.791627181909192,-0.0011391223550749618,-0.0005474803923773974,1.0,0.7916129032258065
2016-08-24,1.6138654586164614,1.5404960719671692,1.7824628829844353,-0.005488267623806831,-0.005659750257040463,1.0,0.8028534331223829
2016-08-25,1.6131994647684704,1.539860355463475,1.7812355241385807,-0.00589867277374112,-0.006344427796730945,1.0,0.840625
2016-08-26,1.6122199705615767,1.5389253909221756,1.7778807335220572,-0.006502266137332513,-0.008215885189371774,1.0,0.8450093434073195
2016-08-29,1.6190780842586843,1.545471721754831,1.7866356685518447,-0.0022760931950165375,-0.003331977441780154,1.0,0.840517253225316
2016-08-30,1.6212942346511363,1.5475871217444854,1.783690388398101,-0.0009104356340119413,-0.0049749909550450555,1.0,0.8123038136914343
2016-08-31,1.619851676751981,1.5462101452652075,1.7786172367702566,-0.0017993825705006072,-0.00780502960817453,1.0,0.8184653423583561
2016-09-01,1.6214298832206868,1.5477166034726213,1.7786991681763749,-0.0008268449646796627,-0.007759324479838292,1.0,0.8314746287169664
2016-09-02,1.6329671431059445,1.5587293576273205,1.786717599957963,0.0,-0.0032862723134439165,1.0,0.8264868449657631
2016-09-06,1.6410648367663752,1.5664589147656096,1.7921178909390374,0.0,-0.0002737401961885322,1.0,0.7654952263267256
2016-09-07,1.6458031326916314,1.5709817987654524,1.7919538815589906,0.0,-0.00036523221516560067,1.0,0.7724935524324424
2016-09-08,1.6446996977053865,1.569928528027854,1.7878627342620785,-0.0006704538132943361,-0.0026474634266989705,1.0,0.7708198951857116
2016-09-09,1.5911955268358697,1.5188567583098191,1.7450705031475058,-0.033179913667106375,-0.026518949436146633,1.0,0.7912713262472699
2016-09-12,1.6129683511596065,1.5396397487178932,1.7701080959588236,-0.019950613095701897,-0.01255182197075766,1.0,0.9293680335053188
2016-09-13,1.5692131825912183,1.4978737731540763,1.7446618720915894,-0.046536519817624744,-0.026746902741694445,1.0,0.8778227908607189
2016-09-14,1.5711036013496829,1.4996782498880195,1.7440071536816977,-0.04538788987464193,-0.027112134956860157,1.0,0.9370079115422733
2016-09-15,1.5829738998931466,1.5110089021314597,1.7614350923351545,-0.038175424235419086,-0.017390024590013042,1.0,0.9374676817769747
2016-09-16,1.5869023341174033,1.5147587422802393,1.7546258449909082,-0.035788483691788,-0.021188537742501734,1.0,0.8960967301502318
2016-09-19,1.5947172816828117,1.5222184074976,1.7549545965900548,-0.031040073988236494,-0.021005144893023964,1.0,0.8596197271488581
2016-09-20,1.5972105657096596,1.5245983421006681,1.7550371142674155,-0.029525139439065873,-0.02095911271546891,1.0,0.873453284603331
2016-09-21,1.6221815311912378,1.5484340800999041,1.7747733493698052,-0.01435262883584476,-0.00994932781165192,1.0,0.8849360868563533
2016-09-22,1.6324931460828338,1.5582769094084636,1.7859569130210173,-0.00808722886985258,-0.003710618674918953,1.0,0.798319335042849
2016-09-23,1.63011246899671,1.5560044624208813,1.7761711665793722,-0.009533742756498542,-0.00916956071157704,1.0,0.7540778115698646
2016-09-26,1.612065454333165,1.538777899294759,1.7617804060968976,-0.020499218702597855,-0.017197392600102224,1.0,0.7657321236266197
2016-09-27,1.6293050759238792,1.5552337749694654,1.7727171495550818,-0.010024319701452011,-0.011096371184510456,1.0,0.839120337026724
2016-09-28,1.632750735989601,1.558522788789198,1.781516494631477,-0.007930715674774436,-0.00618768945858994,1.0,0.796352546652354
2016-09-29,1.6123329146462098,1.5390332003543687,1.765398285933425,-0.02033670818859279,-0.015179171870496111,1.0,0.773891306862607
2016-09-30,1.6248624008693784,1.5509930723545446,1.7787202739411,-0.012723716103277494,-0.00774755070795885,1.0,0.8310610137845785
2016-10-03,1.6268901218180618,1.552928609260558,1.7744440114994167,-0.011491660513878288,-0.010133047710348397,1.0,0.8118509052332074
2016-10-04,1.6275483445280599,1.553556907916941,1.765398285933425,-0.011091720389252546,-0.015179171870496111,1.0,0.827439043636765
2016-10-05,1.6300600271402772,1.5559544046707694,1.7732110830767596,-0.00956560674763518,-0.010820832217618093,1.0,0.8275653046899818
2016-10-06,1.6330632168920485,1.558821063716773,1.7744440114994167,-0.007740850376647068,-0.010133047710348397,1.0,0.8008631658390317
2016-10-07,1.6323179831003036,1.5581097096675547,1.7683591022750909,-0.008193658964103068,-0.013527491552931425,1.0,0.7990043711161657
2016-10-10,1.6397075288040364,1.5651633125992273,1.7775691303567505,-0.003703726020757969,-0.008389711849197123,1.0,0.8199513115631847
2016-10-11,1.6215806246592246,1.547860491919276,1.7551194853769654,-0.014717743301893016,-0.020913162300218557,1.0,0.8388714833857077
2016-10-12,1.6209777188904653,1.547284995390999,1.7574213328422328,-0.015084072516355795,-0.019629085304656124,1.0,0.9067296054164196
2016-10-13,1.610721636172734,1.5374951736582878,1.7516654683526747,-0.021315730795531618,-0.022839972773151973,1.0,0.934782583554083
2016-10-14,1.614289128290359,1.5409004808136233,1.752570084879617,-0.019148100872631524,-0.022335335828445824,1.0,0.9488345568629527
2016-10-17,1.6155825553985614,1.5421351062707354,1.7464850290874807,-0.01836220668971844,-0.025729861433333556,1.0,0.9253731302755244
2016-10-18,1.62855540911091,1.554518189432581,1.757421332842233,-0.010479821819583957,-0.019629085304656013,1.0,0.9278763959428826
2016-10-19,1.63634473708128,1.5619533997703163,1.762109011128234,-0.0057469787379019754,-0.017014081512928936,1.0,0.9030732819799631
2016-10-20,1.6403977692889227,1.565822173441687,1.758819736323043,-0.0032843317012457574,-0.018848991155361983,1.0,0.875455698754777
2016-10-21,1.6474416256001023,1.572545802676664,1.7596418351726246,0.0,-0.01839038638821089,1.0,0.8471965734945048
2016-10-24,1.6586813295717289,1.583274528374287,1.7671255875811918,0.0,-0.014215603109419828,1.0,0.8316707754727347
2016-10-25,1.6557661618549362,1.5804918897144977,1.7612046877369127,-0.001757521269950879,-0.017518554933025787,1.0,0.8340807358333693
2016-10-26,1.6474390794884182,1.5725433723160491,1.757668592738693,-0.006777823975515185,-0.019491152296600367,1.0,0.8513598762020986
2016-10-27,1.6412412320089385,1.5666272907456713,1.7529813541561239,-0.010514435323928928,-0.02210591080141311,1.0,0.8763076923076923
2016-10-28,1.6274306672638126,1.5534445804844619,1.7478006217553086,-0.018840666830189257,-0.024995962986204212,1.0,0.9072651933328195
2016-10-31,1.620607191423568,1.5469313128059585,1.7478829928648585,-0.022954462360766814,-0.02495001257095386,1.0,0.932066736774811
2016-11-01,1.6110958663576522,1.537852390628761,1.735218947758908,-0.02868873144328643,-0.0320146027476218,1.0,0.9557422764937397
2016-11-02,1.6037829209649466,1.530871905612599,1.7247751118477277,-0.033097622568017404,-0.037840657532454025,1.0,0.9903948893641088
2016-11-03,1.6034621643807536,1.5139295444041718,1.7168805298660854,-0.03329100304350374,-0.04224462055136369,0.0,1.007299254045707
2016-11-04,1.6034621643807536,1.5136099122379012,1.714989218838272,-0.03329100304350374,-0.04329968133141693,0.0,1.0666666273525578
2016-11-07,1.6034621643807536,1.5515770119097996,1.752816611937024,-0.03329100304350374,-0.02219781163191381,0.0,1.0653100281137604
2016-11-08,1.6034621643807536,1.5608593848215047,1.7607110473508558,-0.03329100304350374,-0.017793930375308964,0.0,1.030854016156452
2016-11-09,1.6034621643807536,1.5681600794848967,1.7793783634106355,-0.03329100304350374,-0.007380437959784603,0.0,1.035359094201207
2016-11-10,1.5953770537912693,1.560566604026545,1.7838189283679868,-0.038165423732601345,-0.004903285413808578,1.0,0.8832923460375479
2016-11-11,1.6026016824107552,1.5676335943178188,1.7797071150097818,-0.03380977778019212,-0.007197045110306943,1.0,0.88
2016-11-14,1.6039155975548005,1.5689188403914345,1.7811049322193493,-0.033017633369677335,-0.006417278010231842,1.0,0.8593086838496149
2016-11-15,1.617525716416944,1.5822319922401584,1.79500263858701,-0.02481224839337348,0.0,1.0,0.8670658286515731
2016-11-16,1.6159360631677857,1.5806770245497785,1.7916309926722689,-0.02577063215330211,-0.0018783515089398906,1.0,0.8488888888888888
2016-11-17,1.6255563219506621,1.5900873733716905,1.8008413138895498,-0.019970688178916007,0.0,1.0,0.8537647953048126
2016-11-18,1.6272583468896373,1.591752260849339,1.7968115785052736,-0.018944556812612645,-0.00223769598864465,1.0,0.8535805439224026
2016-11-21,1.6417324065687169,1.605910502693285,1.8103803867059771,-0.010218311800367474,0.0,1.0,0.8279638931049103
2016-11-22,1.63942467404405,1.6036531239122231,1.813916042000765,-0.011609617341416079,0.0,1.0,0.8107049769848254
2016-11-23,1.6391102554099746,1.6033455657592113,1.8149031762050676,-0.011799176739276107,0.0,1.0,0.8084690352829667
2016-11-25,1.6406234111578126,1.6048257050912615,1.8216464680345499,-0.010886912447841235,0.0,1.0,0.8055735420711901
2016-11-28,1.638040646530995,1.6022992952917132,1.813094675990236,-0.012444031697193658,-0.0046945399090202455,1.0,0.795615720045004
2016-11-29,1.6402481113009084,1.6044585941178469,1.8166300381494027,-0.011113176438526606,-0.0027537889338975496,1.0,0.8208489153711103
2016-11-30,1.639790796719659,1.604011257946541,1.8122716977337907,-0.011388886168356094,-0.005146317062758032,1.0,0.8113207741820323
2016-12-01,1.6270421438922122,1.5915407753094974,1.8056107770138585,-0.019074903126621634,-0.008802855714365343,1.0,0.8279502909417409
2016-12-02,1.6268747629346523,1.5913770465333454,1.806515393540801,-0.01917581519126943,-0.008306262910648399,1.0,0.8440311898983521
2016-12-05,1.6483734176484464,1.6124066097316603,1.8173703521606774,-0.006214522186696381,-0.002347390642974845,1.0,0.8414779155067323
2016-12-06,1.6597302816342778,1.6235156717685266,1.8231265097858567,0.0,0.0,1.0,0.7698160841855525
2016-12-07,1.6584763174962691,1.6222890685954567,1.84697426511083,-0.0007555228412016168,0.0,1.0,0.7616279294990695
2016-12-08,1.6579875762115481,1.6218109914380023,1.8514970546099208,-0.0010499931476900537,0.0,1.0,0.7894057080982724
2016-12-09,1.661134003313876,1.6248887648372299,1.8626816442358074,0.0,0.0,1.0,0.8040712331609299
2016-12-12,1.6589522217238817,1.622754588794937,1.8605429267437232,-0.0013134290103277158,-0.0011481927138233816,1.0,0.772010498938959
2016-12-13,1.6557213334631375,1.6195941971438996,1.872960591360077,-0.003258418550183384,0.0,1.0,0.8035600996720039
2016-12-14,1.6568907656282106,1.6207381127957832,1.8575004721315602,-0.002554422266475953,-0.008254375078596943,1.0,0.8101910926453304
2016-12-15,1.661383734395334,1.6251330468925502,1.8651486736236058,0.0,-0.0041708927419549235,1.0,0.831127920297104
2016-12-16,1.6659517977659621,1.629601437060466,1.861500454250287,0.0,-0.006118728371891757,1.0,0.812063492063492
2016-12-19,1.6774590623182293,1.640857617987283,1.8655537870520678,0.0,-0.003954596985209835,1.0,0.7835581399565168
2016-12-20,1.6834446321424834,1.6467125852200146,1.872750119984074,0.0,-0.00011237362760008196,1.0,0.7648595479459283
2016-12-21,1.6888971175357628,1.6520460996976571,1.8675387549108462,0.0,-0.0028947947299273746,1.0,0.7562747516746149
2016-12-22,1.683765480383267,1.647026432688447,1.8643122111285861,-0.0030384545625747883,-0.004617491831587772,1.0,0.7468522124611926
2016-12-23,1.6847314047884905,1.647971281033372,1.8670423297363883,-0.002466528424982073,-0.0031598431120172243,1.0,0.7475474184772185
2016-12-27,1.6900453454292375,1.653169273746143,1.8716747519577979,0.0,-0.0006865277402048342,1.0,0.7501639344262295
2016-12-28,1.6782308622780715,1.641612577599781,1.8562067180675093,-0.00699063086272711,-0.008945128568029204,1.0,0.7805989757810801
2016-12-29,1.6724625422069077,1.635970119822792,1.8557929571382223,-0.01040374642602504,-0.009166041347078324,1.0,0.8129315600698667
2016-12-30,1.6660077496648458,1.6296561681126782,1.8490097988642606,-0.014223047819043377,-0.012787664944100219,1.0,0.8273514929606324
2017-01-03,1.6897690209252263,1.6528989785254553,1.8631546185605705,-0.00016350123667296934,-0.005235546783387335,1.0,0.8488512226634519
2017-01-04,1.7068356043958424,1.6695931763928389,1.8742389558040156,0.0,0.0,1.0,0.8258354533075613
2017-01-05,1.7082575141631156,1.6709840606928683,1.8727501199840737,0.0,-0.000794368196932016,1.0,0.7985175120051143
2017-01-06,1.7124301160992177,1.6750656182268089,1.8794503208772433,0.0,0.0,1.0,0.7938775613210971
2017-01-09,1.7135097956214551,1.6761217396004058,1.8732466917263422,0.0,-0.0033007678266300244,1.0,0.7774725050659035
2017-01-10,1.715712038708565,1.678275930678637,1.8732466917263422,0.0,-0.0033007678266300244,1.0,0.79015720502896
2017-01-11,1.7230023630200133,1.6854071832097755,1.8785408676125517,0.0,-0.0004838932184528799,1.0,0.7837653560431858
2017-01-12,1.7227752921444002,1.6851850669242323,1.8738256345781605,-0.00013178790725232314,-0.0029927294361563606,1.0,0.7781616995306433
2017-01-13,1.7221623856803063,1.6845855338188866,1.8781269601154544,-0.0004875079441183372,-0.0007041211715408391,1.0,0.7914952030443272
2017-01-17,1.7236664193418307,1.6860567501046726,1.8715095700352664,0.0,-0.0042250389668562205,1.0,0.7723521340758526
2017-01-18,1.7249851688278905,1.6873467250370133,1.8756451273787864,0.0,-0.002024631061639748,1.0,0.7971792965957157
2017-01-19,1.7210592628927228,1.6835064807020375,1.8686967871822933,-0.0022759070663983527,-0.005721637638142374,1.0,0.8353413889239087
2017-01-20,1.7344323090045977,1.6965877326272198,1.8755627562692367,0.0,-0.0020684582959298314,1.0,0.850865486718022
2017-01-23,1.7374108162452682,1.6995012501048568,1.8706823413123141,0.0,-0.004665182935421619,1.0,0.7964113307304408
2017-01-24,1.7536134479947814,1.7153503473107758,1.882676718091693,0.0,0.0,1.0,0.8094910612709514
2017-01-25,1.7621750164245822,1.7237251059534955,1.898972127272745,0.0,0.0,1.0,0.7981254571981407
2017-01-26,1.7596990249131645,1.7213031395253153,1.8969871594139667,-0.0014050769579296851,-0.001045285410075536,1.0,0.7942689399478766
2017-01-27,1.763616496219852,1.7251351332718223,1.8940086083672198,0.0,-0.002613792395496306,1.0,0.7798972788516391
2017-01-30,1.7537658353065189,1.7154994095960896,1.8822629571624068,-0.005585489211768602,-0.008799060223351196,1.0,0.7733917956125406
2017-01-31,1.7556692188249128,1.71736126209447,1.8820974821042542,-0.004506238976542454,-0.008886199500318992,1.0,0.8244274896459162
2017-02-01,1.7614869485892957,1.723052051466156,1.882841900014225,-0.0012074890630251467,-0.008494188528025304,1.0,0.8280387002103616
2017-02-02,1.7585702438854325,1.7201989880202206,1.884082889666464,-0.0028613093295711822,-0.007840682542120447,1.0,0.8264520665868891
2017-02-03,1.7662008390066732,1.7276630867965932,1.897069677091327,0.0,-0.0010018315456531424,1.0,0.8176833362050325
2017-02-06,1.7654899885395,1.7269677467847189,1.8936776582509143,-0.000402474311796297,-0.002788070949432231,1.0,0.7807829075499986
2017-02-07,1.7632065148991476,1.7247340975694188,1.8937606156317064,-0.0016953474607166452,-0.0027443855368868286,1.0,0.7984550690134734
2017-02-08,1.7647305694312794,1.726224897878918,1.8962421552327533,-0.0008324475580142598,-0.0014376051132000134,1.0,0.786759560966902
2017-02-09,1.7718584703252827,1.7331972710025996,1.9074919675343507,0.0,0.0,1.0,0.7864010762371549
2017-02-10,1.7780174982212813,1.7392219115256171,1.9150196902860939,0.0,0.0,1.0,0.7678193324925924
2017-02-13,1.788993946190392,1.749958858061687,1.9254421272969282,0.0,0.0,1.0,0.7800143867017074
2017-02-14,1.8042852463904573,1.7649165085855287,1.9331345922677712,0.0,0.0,1.0,0.8092105082637829
2017-02-15,1.791915825913537,1.752816983610181,1.9432260791623004,-0.006855579239294807,0.0,1.0,0.8142532480420213
2017-02-16,1.7901532335517134,1.751092850265128,1.9415720614198273,-0.007832471537976282,-0.0008511710295624475,1.0,0.8926174598212242
2017-02-17,1.7891367466181518,1.7500985426447595,1.9446323973048818,-0.00839584528145465,0.0,1.0,0.8628026339882666
2017-02-21,1.7856780763709494,1.7467153391134704,1.956213745994027,-0.010312765155472081,0.0,1.0,0.8374635405519758
2017-02-22,1.7834670620165656,1.744552568153292,1.9544764777351404,-0.01153818910592952,-0.0008880769100227948,1.0,0.8240740763131006
2017-02-23,1.774311774727828,1.735597045344988,1.9557999850647398,-0.016612379734630256,-0.00021151110410833063,1.0,0.8158443168799223
2017-02-24,1.7784576287571834,1.7396524386001473,1.9582816712335973,-0.014314597808158691,0.0,1.0,0.7944369187131738
2017-02-27,1.7803070409864479,1.7414614974400058,1.9613414208474096,-0.0132895868056222,0.0,1.0,0.7771002589522945
2017-02-28,1.7717163999435421,1.733058300536252,1.9560482709358744,-0.018050830106863813,-0.002698739676465056,1.0,0.8108651994452186
2017-03-01,1.778825964485168,1.7400127373989778,1.983427284521318,-0.014110452854514843,0.0,1.0,0.8455497529964753
2017-03-02,1.778319734438753,1.7395175530771818,1.9709367757031022,-0.014391023816023196,-0.006297437226810199,1.0,0.8438761971549057
2017-03-03,1.7891307278492947,1.7500926552028828,1.9721774722197203,-0.008399181100371855,-0.005671905589577864,1.0,0.7995937463761024
2017-03-06,1.7954588930564244,1.7562827425327345,1.9663050863207454,-0.004891883559814292,-0.008632632178751543,1.0,0.7685834378741383
2017-03-07,1.795426971621264,1.7562515176097324,1.9604318210149072,-0.00490957557122107,-0.011593802145340781,1.0,0.783821470041725
2017-03-08,1.7926387381738615,1.7535241222320026,1.9567922491424132,-0.0064549151748012346,-0.013428793476203849,1.0,0.7945871007109208
2017-03-09,1.7945876233550748,1.755430483566244,1.9592740818790813,-0.0053747726723271105,-0.012177508513031121,1.0,0.8156808824701345
2017-03-10,1.7995414834399397,1.7602762525279378,1.966139611262593,-0.0026291646290450554,-0.008716061029127697,1.0,0.832205698391265
2017-03-13,1.8066081901117195,1.767188766661336,1.967132315043698,0.0,-0.008215561823105899,1.0,0.8108483941033217
2017-03-14,1.800069972712095,1.7607932103886217,1.9596047388597653,-0.0036190566584446415,-0.012010798604750406,1.0,0.7903899910417039
2017-03-15,1.814014225441738,1.7744332054457612,1.976562194841238,0.0,-0.0034612257951955883,1.0,0.8407382025827169
2017-03-16,1.820909172172708,1.7811777073673123,1.9726741905297993,0.0,-0.0054214712459770276,1.0,0.8190140955080664
2017-03-17,1.8249664491220354,1.7851464562567114,1.9692097671909568,0.0,-0.007168156574891782,1.0,0.8134978386957445
2017-03-20,1.8257631322937753,1.7859257561399915,1.9670499439341482,0.0,-0.00825709150770415,1.0,0.8103448231447985
2017-03-21,1.8110072139820328,1.7714918056990434,1.9417938185172452,-0.008082055142171751,-0.020990669196184086,1.0,0.8158273605189525
2017-03-22,1.8091208932621574,1.7696466436961644,1.9463632165801021,-0.009115223512433213,-0.01868688014451758,1.0,0.8529411831471527
2017-03-23,1.7967150912387875,1.7575115310042597,1.9442860575684646,-0.015910081949400356,-0.01973413760025977,1.0,0.872615785674305
2017-03-24,1.8032412180436093,1.763895260493815,1.94287387671346,-0.012335616735710375,-0.02044612783354205,1.0,0.8799463537403861
2017-03-27,1.810429232716842,1.7709264357395933,1.9408804079216675,-0.008398624830192825,-0.02145119053856248,1.0,0.8907216378081327
2017-03-28,1.8302102265006648,1.7902758166399464,1.9550033890142002,0.0,-0.014330697035851991,1.0,0.8784258891153521
2017-03-29,1.8315906624188827,1.7916261320326934,1.9568313827478403,0.0,-0.013409063181207714,1.0,0.8428362385078064
2017-03-30,1.8301357493829506,1.7902029645813107,1.9630616872402682,-0.0007943439906002991,-0.010267881983868521,1.0,0.8503350514146192
2017-03-31,1.8235895076696342,1.7837995590820213,1.9584928754486532,-0.004368418617444636,-0.012571375450591504,1.0,0.8631264097813746
2017-04-03,1.8218939289391751,1.7821409771593566,1.9550867860984245,-0.005294159704276713,-0.014288650077601939,1.0,0.9095587980169745
2017-04-04,1.8262633971989504,1.7864151054773958,1.956332612488413,-0.002908545740726187,-0.013660532072111709,1.0,0.9056327674400662
2017-04-05,1.8144801654243725,1.774888978815857,1.9505169483321354,-0.009341878262205894,-0.0165926608179765,1.0,0.8818249888494286
2017-04-06,1.8208968415673348,1.7811656458105114,1.9560007829652442,-0.005838543005796448,-0.013827833150280022,1.0,0.9128895258124586
2017-04-07,1.8079317856450048,1.7684834819022095,1.9540067279022095,-0.012917120216496936,-0.014833191440244198,1.0,0.9070278285799022
2017-04-10,1.794971188436523,1.755805679420513,1.9551698900470271,-0.01999326308750582,-0.014246750911824035,1.0,0.9153627038334653
2017-04-11,1.7784991595549524,1.7396930632135466,1.9528440054608236,-0.02898655466708655,-0.015419410279956525,1.0,0.9636488390617677
2017-04-12,1.7770303444904527,1.7382562970699553,1.944286057568465,-0.029788488797150237,-0.01973413760025955,1.0,0.9940633345436694
2017-04-13,1.7766749384215548,1.731227391418911,1.9316583612795402,-0.029982531099390752,-0.026100741703909636,0.0,1.032068080863345
2017-04-17,1.7766749384215548,1.7484663302091563,1.948772644818341,-0.029982531099390752,-0.01747209992189891,0.0,1.0133333333333334
2017-04-18,1.779234191128016,1.7513346424363683,1.942957420365495,-0.028585246892295357,-0.020404006979055977,1.0,0.9865410725909823
2017-04-19,1.771252914852945,1.7434785177614454,1.9393845368468179,-0.0329428123892338,-0.022205375522566406,1.0,0.9769647544980022
2017-04-20,1.7796692474397844,1.7517628767823636,1.9551698900470271,-0.028347717666636574,-0.014246750911824035,1.0,0.9900530554068337
2017-04-21,1.7786419327629754,1.7507516710674833,1.9489387061477357,-0.028908604276230987,-0.0173883754865789,1.0,0.9738472305605826
2017-04-24,1.8162457330971529,1.7877658193684176,1.9703729293357748,-0.008377925066217928,-0.0065817160464713975,1.0,0.991864406779661
2017-04-25,1.8249806610888148,1.796363778011111,1.9818379031833142,-0.0036088856891955956,-0.0008013307825334159,1.0,0.8403101023684392
2017-04-26,1.822030430263598,1.7934598087230038,1.9805919302255148,-0.005219633595783368,-0.0014295226842597764,1.0,0.8373540607451186
2017-04-27,1.8254596266369094,1.7968352330680644,1.9822529832228961,-0.0033473831832470102,-0.0005920566423514018,1.0,0.8359014162284516
2017-04-28,1.8251353362838878,1.79651602779858,1.9779330435736577,-0.003524437128582969,-0.0027700743004481776,1.0,0.8093749879393728
2017-05-01,1.8390929155358793,1.8102547431349048,1.9829178148117184,0.0,-0.0002568633161272871,1.0,0.8368135920050084
2017-05-02,1.8384488720415324,1.8096207986612038,1.9836654572135224,-0.0003501962782338497,0.0,1.0,0.8004750521292874
2017-05-03,1.8310854297505197,1.8023728199318518,1.9812561755430949,-0.004354040906642487,-0.0012145604802796806,1.0,0.8254092021023948
2017-05-04,1.839685374720756,1.81083791217464,1.9835823532649197,0.0,-4.1894135072273464e-05,1.0,0.8158899828498907
2017-05-05,1.8381198050949905,1.8092968916982908,1.9913917793486111,-0.0008509985714285628,0.0,1.0,0.8152767000935836
2017-05-08,1.8472307937956651,1.8182650141736247,1.991060096393253,0.0,-0.00016655836325019102,1.0,0.8225680689661622
2017-05-09,1.8484563351693444,1.8194713382619128,1.989231809523992,0.0,-0.0010846533801227576,1.0,0.776012699093714
2017-05-10,1.8468451079098867,1.8178853760932467,1.9928038136358055,-0.0008716609793815167,0.0,1.0,0.7836349307715736
2017-05-11,1.8474415932022454,1.8184725081084816,1.9887334789679967,-0.0005489672370356802,-0.0020425164985923283,1.0,0.790859807953186
2017-05-12,1.8480392177138079,1.8190607614792225,1.9854102004307492,-0.00022565718626954556,-0.0037101560898595842,1.0,0.8147578642211164
2017-05-15,1.8561980618470184,1.827091669632843,1.996376843722293,0.0,0.0,1.0,0.8018504075468652
2017-05-16,1.85940267343155,1.8302460308246011,1.9945488499886534,0.0,-0.0009156556485755418,1.0,0.8153364802596501
2017-05-17,1.792182406418517,1.7640798212942466,1.9591577070374768,-0.03615153832654083,-0.018643342213597425,1.0,0.8418972585895903
2017-05-18,1.8006960231332236,1.7724599389646685,1.9670499439341498,-0.03157285462539572,-0.01469006208941126,1.0,0.9993589499214625
2017-05-19,1.826222245521577,1.7975858935928872,1.9798438481202805,-0.01784467043318705,-0.008281500386062568,1.0,0.9792918996994556
2017-05-22,1.8423925187487022,1.8135026064244741,1.9898964945450042,-0.009148182330756427,-0.0032460550710486924,1.0,0.8925129877153455
2017-05-23,1.8429955455454263,1.8140961773690336,1.9942995381428452,-0.008823870224863195,-0.0010405378052645853,1.0,0.8433641950484729
2017-05-24,1.8521691896380867,1.8231259727590785,1.9989517470186842,-0.003890219099294878,0.0,1.0,0.831007776511962
2017-05-25,1.8491876191891978,1.8201911552729704,2.008505916319602,-0.00549372892075084,0.0,1.0,0.7958697282414549
2017-05-26,1.854989925970977,1.8259024781126751,2.008090396576588,-0.002373207010845757,-0.00020688001944013656,1.0,0.798561136468734
2017-05-30,1.8572712650429564,1.8281480443050424,2.006345946494983,-0.0011462866107749825,-0.0010754112333296595,1.0,0.788585235603178
2017-05-31,1.8542396041485218,1.8251639218241358,2.0058474693711768,-0.0027767354305776593,-0.0013235942831060221,1.0,0.8147566865371277
2017-06-01,1.8627779081100437,1.8335683396292952,2.021798444197349,0.0,0.0,1.0,0.824228021035201
2017-06-02,1.8624083416454127,1.8332045682070628,2.028527665517015,-0.00019839534440579953,0.0,1.0,0.7962962914047838
2017-06-05,1.8603421892432357,1.8311708144176353,2.027032234145597,-0.001307573412913876,-0.0007372003827400553,1.0,0.7825040104454126
2017-06-06,1.8518842805619276,1.8228455312424354,2.02055247123955,-0.005848054940252534,-0.003931518614725071,1.0,0.7836575642846976
2017-06-07,1.856110752138226,1.8270057289970387,2.024291122952001,-0.0035791470055505092,-0.002088481531226316,1.0,0.7989296682686159
2017-06-08,1.864047967991986,1.8348184841466977,2.0252877840639916,0.0,-0.0015971591159923415,1.0,0.7937356668361765
2017-06-09,1.8588960657887859,1.82974736711899,2.022214257075984,-0.002763824907762391,-0.0031123107406186845,1.0,0.7962382302316248
2017-06-12,1.854834956233194,1.8257499384011169,2.021798444197349,-0.004942475685706937,-0.003317293342386174,1.0,0.8256172815204629
2017-06-13,1.8673767979643097,1.83809511590118,2.0316848827248672,0.0,0.0,1.0,0.8616541229813924
2017-06-14,1.8690710878543195,1.839762838224357,2.0291092465894236,0.0,-0.0012677340651318092,1.0,0.8185389139589457
2017-06-15,1.864176645497681,1.8349451439054574,2.0252049732510096,-0.0026186496535332004,-0.0031894264356423507,1.0,0.8332027892396267
2017-06-16,1.868243411703401,1.838948140573508,2.0256471683355506,-0.00044282753946434106,-0.0029717769919216375,1.0,0.8443067489412073
2017-06-19,1.879627972017758,1.8501541835817075,2.0425112606216795,0.0,0.0,1.0,0.8166797772498929
2017-06-20,1.8691633649899093,1.8398536683944766,2.028736378079291,-0.005567382047743763,-0.00674409135849563,1.0,0.8362903483080202
2017-06-21,1.872606884667898,1.8432431914454863,2.0282355558705154,-0.0037353601108217616,-0.006989290598485631,1.0,0.8557919904731764
2017-06-22,1.8760889761053086,1.8466706814256568,2.027317015401567,-0.0018828172197556947,-0.007439001935043321,1.0,0.8424764739163353
2017-06-23,1.8799662707075333,1.850487177528119,2.02973772936122,0.0,-0.006253836395776591,1.0,0.83042789976505
2017-06-26,1.8878500157839475,1.8582473003569793,2.0310741346581516,0.0,-0.0055995412040209525,1.0,0.8106796341686703
2017-06-27,1.8756138163268838,1.846202972461431,2.014711011148609,-0.006481552747707231,-0.013610818216301612,1.0,0.8068459356687239
2017-06-28,1.8862385369687136,1.8566610905770953,2.032743395452926,-0.0008536053191517956,-0.004782282162684615,1.0,0.8533950592164786
2017-06-29,1.8666793127672634,1.837408567725417,2.014878391588299,-0.011214186953243055,-0.013528869860413795,1.0,0.80887099262579
2017-06-30,1.8718387307651678,1.8424870826952824,2.0186349245736412,-0.00848122726112377,-0.011689696163913021,1.0,0.8699620024231306
2017-07-03,1.8668734932238353,1.8375997033062048,2.022058162357709,-0.011111328964023337,-0.010013701592883839,1.0,0.8508371162776452
2017-07-05,1.8675371160711909,1.838252920115932,2.026732649540757,-0.010759805886550566,-0.0077251035943468604,1.0,0.8429751800355776
2017-07-06,1.8490711756328493,1.8200765376272778,2.0081991498920435,-0.020541271725442067,-0.01679898240521449,1.0,0.831705458377348
2017-07-07,1.8611584455888899,1.8319742713331895,2.021222872405174,-0.014138607395658864,-0.010422654027388734,1.0,0.8887314177974286
2017-07-10,1.8706711625076975,1.8413378226670565,2.023392808840913,-0.009099691783044705,-0.009360267504692876,1.0,0.8276626938702726
2017-07-11,1.8716968342896676,1.8423474112487568,2.0218904887823976,-0.008556390263647184,-0.010095793466032399,1.0,0.8322097140477294
2017-07-12,1.8818969402202674,1.85238757288788,2.0370844408668884,-0.003153362562654638,-0.002656935048250042,1.0,0.8275076083790001
2017-07-13,1.8858786751318786,1.856306871607787,2.040507678650956,-0.001044225248609254,-0.0009809404772209707,1.0,0.8059468087019575
2017-07-14,1.893236064052579,1.8635488918876082,2.050024619727985,0.0,0.0,1.0,0.7888446095250862
2017-07-17,1.9033237311774795,1.8734783778345956,2.049774428475313,0.0,-0.00012204304780738529,1.0,0.7775961043299466
2017-07-18,1.9078847882242833,1.8779679145420323,2.050859176841467,0.0,0.0,1.0,0.7996742844899081
2017-07-19,1.9123154379549978,1.882329088804866,2.0619627144680988,0.0,0.0,1.0,0.8073469387755102
2017-07-20,1.9158048902032565,1.885763824173586,2.0628806686658048,0.0,0.0,1.0,0.8158333333333333
2017-07-21,1.9193336122463718,1.8892372135612518,2.0610443205669617,0.0,-0.0008901862946976147,1.0,0.7956810656439223
2017-07-24,1.9260880495650272,1.8958857369120912,2.0605433517903755,0.0,-0.0011330354251373187,1.0,0.7761193759807088
2017-07-25,1.9244817331107054,1.8943046085439443,2.0655525998528037,-0.0008339787242253038,0.0,1.0,0.783222593843652
2017-07-26,1.9238248669691338,1.8936580424904623,2.065636290072649,-0.0011750151278933085,0.0,1.0,0.78257260172084
2017-07-27,1.9206606899934595,1.8905434818666107,2.0637159586183396,-0.0028178148827585625,-0.0009296561372098555,1.0,0.7927333007566787
2017-07-28,1.9166985707251294,1.8866434912039471,2.0612950980908757,-0.0048748959540132475,-0.0021016245709066794,1.0,0.814009656835426
2017-07-31,1.9193210188244012,1.889224817612324,2.0601265129370665,-0.0035133548241235157,-0.002667351054037037,1.0,0.8179650288080905
2017-08-01,1.9242282829551987,1.8940551326516288,2.0647180427393224,-0.0009655667664043577,-0.00044453485724460506,1.0,0.8227746415633895
2017-08-02,1.9221049023355894,1.891965048020419,2.065719540589063,-0.0020679985166500714,0.0,1.0,0.813709702452066
2017-08-03,1.9171865584649714,1.8871238269788164,2.061712083511996,-0.0046215390319596095,-0.0019399812018644491,1.0,0.818471310235332
2017-08-04,1.9187926913650049,1.8887047746709256,2.065469349336391,-0.0037876556067464318,-0.00012111578931983669,1.0,0.8194662627598855
2017-08-07,1.9234882748517868,1.893326728356314,2.069309425973768,-0.001349769401158829,0.0,1.0,0.7866666666666666
2017-08-08,1.9124839743674364,1.8824949824568022,2.0642167808271155,-0.007063059864092391,-0.002461036074513534,1.0,0.7843601990271618
2017-08-09,1.9024512068815551,1.8726195352868076,2.0641333837428917,-0.012271942961698978,-0.002501337966138384,1.0,0.8303030423005863
2017-08-10,1.8505056390722938,1.8214885077475322,2.0349974618119426,-0.03924140981498869,-0.01658135981557174,1.0,0.8235730310230472
2017-08-11,1.8394919956428424,1.8106475654063718,2.0380032744714587,-0.04495955101416105,-0.015128791813035503,1.0,0.9895127024013531
2017-08-14,1.887353615884211,1.8577586843303515,2.058205888347136,-0.02011041690932236,-0.005365817932911021,1.0,0.946308760072058
2017-08-15,1.8899920744907854,1.860355770190869,2.057955697094464,-0.018740563331148596,-0.005486723607785682,1.0,0.8857758572141282
2017-08-16,1.8921724720476523,1.862501977696697,2.0615454359113583,-0.017608529124633843,-0.0037519715345403215,1.0,0.8661870741312335
2017-08-17,1.8293823634508588,1.8006964588188317,2.029404287592136,-0.050208341272875656,-0.019284278069169658,1.0,0.8645066322501195
2017-08-18,1.840108849909327,1.8112547469969775,2.0262318273319826,-0.04463928825845587,-0.02081737902562053,1.0,0.9634448939306132
2017-08-21,1.8546364449906514,1.8255545399438977,2.0278182773137754,-0.03709674881712277,-0.020050722303392443,1.0,0.9111821308363194
2017-08-22,1.8818431892390928,1.8523346647570307,2.0490229753104354,-0.022971359142135994,-0.00980348825975419,1.0,0.8799199600665574
2017-08-23,1.8785549630700809,1.8490980001118298,2.0416764103725775,-0.024678563633516615,-0.01335373784816496,1.0,0.8327219299121451
2017-08-24,1.8680923137377794,1.8387994119222073,2.036917646698442,-0.030110635824953658,-0.015653424697508855,1.0,0.854849969659447
2017-08-25,1.8784086113844345,1.848953943315749,2.0416764103725775,-0.02475454753553985,-0.01335373784816496,1.0,0.849895740667926
2017-08-28,1.88169241860553,1.852186258305009,2.0417598074568017,-0.023049637304755177,-0.013313435956539887,1.0,0.8062902204821434
2017-08-29,1.8771545543272978,1.8477195506884563,2.0440977106034732,-0.025405637737475284,-0.01218363723367788,1.0,0.8091494056611581
2017-08-30,1.8791062363489566,1.8496406290673426,2.0537811527133285,-0.024392349678240666,-0.007504084727750215,1.0,0.8286119047327979
2017-08-31,1.8893294494392294,1.8597035355308547,2.0661365260101827,-0.019084589686384823,-0.0015333134444560637,1.0,0.7934936158115691
2017-09-01,1.8903792056769149,1.860736830908349,2.069058795017664,-0.018539569827130453,-0.00012111816287974086,1.0,0.7673912937414294
2017-09-05,1.8697205396406027,1.8404021061844613,2.054198284702258,-0.029265281998480885,-0.007302504440291124,1.0,0.745401021799914
2017-09-06,1.8783735348256874,1.848919416780244,2.061211554438841,-0.02477275883110086,-0.0039133207597099595,1.0,0.8388203061726276
2017-09-07,1.8802443294629696,1.850760876141521,2.0609612166183586,-0.023801466455498077,-0.004034297263919684,1.0,0.8076389102840136
2017-09-08,1.8710181288675967,1.84167934836889,2.058539916387463,-0.02859159045707549,-0.0052043978784067635,1.0,0.8065642629988743
2017-09-11,1.8917842520193315,1.862119845210779,2.080496360684623,-0.017810087941432684,0.0,1.0,0.8250510787069578
2017-09-12,1.9018930541849113,1.8720701347872688,2.087508604446532,-0.012561728621689916,0.0,1.0,0.7741702933470619
2017-09-13,1.9151093944207012,1.8850792342170015,2.088510541999704,-0.005699975734133944,0.0,1.0,0.7802359640560442
2017-09-14,1.9099251622294688,1.87997629415649,2.087842485919049,-0.008391562026049848,-0.00031987201750738326,1.0,0.7936508211114524
2017-09-15,1.9164318214224487,1.8863809247037302,2.090653656526106,-0.005013388741371028,0.0,1.0,0.7933130791071404
2017-09-18,1.9332994863252217,1.9029840936561577,2.095100084195881,0.0,0.0,1.0,0.7847222199124401
2017-09-19,1.9332694095861782,1.9029544885399337,2.0971971764297583,-1.5557206349159358e-05,0.0,1.0,0.7998424220352433
2017-09-20,1.9328977790084532,1.9025886853712424,2.0979522937899024,-0.0002077832842816152,0.0,1.0,0.7996858103744786
2017-09-21,1.9328677085188533,1.9025590864064665,2.092330978550463,-0.00022333725810330662,-0.0026794294875431834,1.0,0.772511857652129
2017-09-22,1.9306765140950057,1.9004022513355507,2.0927511884634153,-0.0013567335266827518,-0.002479134221441859,1.0,0.7638230739771051
2017-09-25,1.9298558371607748,1.8995944431491218,2.0884721412333307,-0.001781229027786324,-0.004518764599478087,1.0,0.7463034797904915
2017-09-26,1.9345479825481566,1.9042130126467436,2.0897302793194084,0.0,-0.003919066460582488,1.0,0.781776391420641
2017-09-27,1.9366862107556484,1.9063177120460064,2.097868457002246,0.0,-3.996124597527295e-05,1.0,0.781105963320896
2017-09-28,1.942514583622531,1.9120546922376565,2.1003851728778336,0.0,0.0,1.0,0.7645236341330014
2017-09-29,1.949971691231917,1.9193948675523032,2.107768672903959,0.0,0.0,1.0,0.7484325884559072
2017-10-02,1.9582032011218262,1.9274973020163215,2.1169137714455286,0.0,0.0,1.0,0.7614091412548216
2017-10-03,1.9590331663898786,1.9283142528894595,2.121443742767338,0.0,0.0,1.0,0.7645631280333267
2017-10-04,1.958262504170476,1.927555675154619,2.123960751778547,-0.00039338906182118105,0.0,1.0,0.7725426219194326
2017-10-05,1.9715054131202319,1.9405909266836119,2.13654550369897,0.0,0.0,1.0,0.7778675210807857
2017-10-06,1.9705765292655182,1.9396766083315526,2.134112331475417,-0.0004711546052736937,-0.0011388347308028957,1.0,0.7545155804384334
2017-10-09,1.9631206283680989,1.9323376208068446,2.130588401605476,-0.0042529859143843884,-0.0027881934099603933,1.0,0.7757234988349304
2017-10-10,1.9714583213921422,1.9405445733844304,2.136209716844915,-2.388617742377086e-05,-0.00015716344607386024,1.0,0.8114690001147705
2017-10-11,1.9796304646112637,1.94858857208565,2.1395662662751658,0.0,0.0,1.0,0.8083399987289441
2017-10-12,1.9819660455698096,1.9508875296165429,2.1363781232592793,0.0,-0.0014900884661248615,1.0,0.8047385771397093
2017-10-13,1.9889516120747621,1.9577635578977948,2.138978969058144,0.0,-0.0002744935860500286,1.0,0.8083197238980667
2017-10-16,1.9960889207625532,1.9647889489458197,2.1418310320843545,0.0,0.0,1.0,0.8021703144577986
2017-10-17,1.994811786592562,1.9635318410698033,2.143341120236831,-0.0006398182749810521,0.0,1.0,0.8299832787499869
2017-10-18,1.9969846411126377,1.9656706238185602,2.1454387987419508,0.0,0.0,1.0,0.8556016462080446
2017-10-19,1.9997267110841324,1.9683696963504445,2.146025949391162,0.0,0.0,1.0,0.844798652310988
2017-10-20,2.007104555871173,1.9756318517353244,2.157100026887866,0.0,0.0,1.0,0.8403010006643028
2017-10-23,1.9941788630772281,1.9629088422066157,2.148710778545493,-0.006439969834224568,-0.003889132742015966,1.0,0.8413501838861077
2017-10-24,1.9900111394041025,1.958806471149875,2.1524856325071586,-0.008516455416868518,-0.0021391656961613492,1.0,0.8820716997416873
2017-10-25,1.9767668892741421,1.945769899471255,2.1418310320843545,-0.015115140119774662,-0.007078482505765149,1.0,0.8808208313179718
2017-10-26,1.978566619309735,1.9475414085699918,2.14459940489072,-0.014218460357712237,-0.005795105392113475,1.0,0.8671814799538025
2017-10-27,2.0002170828019805,1.9688523787209948,2.1621341914780947,-0.0034315467268735134,0.0,1.0,0.8739365609664136
2017-10-30,1.9966652273761727,1.9653562186971145,2.154080143718534,-0.005201188181484295,-0.0037250452776267373,1.0,0.801308288373657
2017-10-31,2.00386754214541,1.9724455964889718,2.1574359603097313,-0.0016127778277889027,-0.00217296002573808,1.0,0.8353222159840978
2017-11-01,2.0017012373600953,1.9703132607708773,2.1602887561749946,-0.00269209618167221,-0.0008535248692582709,1.0,0.8222940150158253
2017-11-02,2.006050712764356,1.9745945335734632,2.1611272706193625,-0.0005250564071185293,-0.0004657069217539611,1.0,0.8114558669559807
2017-11-03,2.006880445790643,1.9754112558465373,2.168343097070177,-0.00011165839859950122,0.0,1.0,0.7831230095433614
2017-11-06,2.010725656185691,1.9791961708430474,2.1716987670935644,0.0,0.0,1.0,0.735909818345776
2017-11-07,2.0082236019097395,1.9767333504045803,2.170188825508898,-0.0012443538820198219,-0.0006952813196495766,1.0,0.7478122695476686
2017-11-08,2.0080509441915813,1.9765634000716774,2.173879842682908,-0.0013302222438359435,0.0,1.0,0.7750783560030284
2017-11-09,2.0019590147373467,1.970566996031288,2.1659937616342795,-0.0043599391201754045,-0.003627652685208038,1.0,0.759316763439681
2017-11-10,1.9929974317281476,1.9617459364690675,2.165322627629602,-0.008816829090037781,-0.003936379042341676,1.0,0.7990867371122786
2017-11-13,1.9917268025296722,1.960495231562385,2.167336029643634,-0.009448754780430502,-0.0030101999709412075,1.0,0.8295371259955158
2017-11-14,1.9885351034241672,1.9573535803735889,2.1623021581890267,-0.01103609171806108,-0.0053258162049989455,1.0,0.8363636363636363
2017-11-15,1.973926502479852,1.9429740517882668,2.1514791513518583,-0.018301429433016825,-0.010304475386000878,1.0,0.8320172107744793
2017-11-16,1.9899113719091202,1.9587082680740673,2.169769495002808,-0.010351628136110347,-0.0018907888096643122,1.0,0.8956343885854682
2017-11-17,1.9961765986039666,1.9648752519416857,2.1633924761319827,-0.007235724842405311,-0.004824262291324266,1.0,0.8424068744888773
2017-11-20,2.008697935146379,1.9772002457877338,2.167084372712856,-0.001008452362993295,-0.0031259639270885264,1.0,0.8282608581175201
2017-11-21,2.0243155085708477,1.9925729255088473,2.181263635844654,0.0,0.0,1.0,0.8019578474507416
2017-11-22,2.0277819274158433,1.9959849886530399,2.179333484347035,0.0,-0.0008848776763620281,1.0,0.7752987929978877
2017-11-24,2.0295962989916667,1.997770909703139,2.1843675023694527,0.0,0.0,1.0,0.7942122454392863
2017-11-27,2.030494434148854,1.9986549615172373,2.1832767447230648,0.0,-0.0004993471314715947,1.0,0.7785829259741415
2017-11-28,2.03588344208901,2.0039594663098166,2.2054256325555257,0.0,0.0,1.0,0.7852028830250519
2017-11-29,2.0265548777889713,1.9947771799619496,2.204083364546171,-0.004582071894286166,-0.0006086208437686702,1.0,0.8174408822987171
2017-11-30,2.025299711300408,1.9935416952998364,2.2233798962168,-0.005198593676729479,0.0,1.0,0.8346334052035804
2017-12-01,2.0141128671177473,1.982530268105865,2.2187656484039033,-0.01069342896611214,-0.0020753303656059208,1.0,0.8650306773771703
2017-12-04,2.0173325979425085,1.9856995114583376,2.2160811123851936,-0.009111938219540927,-0.0032827425686566825,1.0,0.8606927883907959
2017-12-05,2.019093731805462,1.9874330295975111,2.2081106082776674,-0.008246891711207294,-0.006867601872767692,1.0,0.8619926077924692
2017-12-06,2.019216321991543,1.9875536974897856,2.2085300853515673,-0.008186676974181295,-0.006678935475894376,1.0,0.8367799137312127
2017-12-07,2.032679169836718,2.000805439129348,2.2154933754647406,-0.0015738976927893722,-0.0035470864720323902,1.0,0.8193308666375435
2017-12-08,2.0454526421845314,2.01337861512747,2.2275746669557974,0.0,0.0,1.0,0.7857695096830762
2017-12-11,2.0595375383454386,2.027242650960818,2.234286153570382,0.0,0.0,1.0,0.7688603507761079
2017-12-12,2.058492960130442,2.026214452411251,2.2382292673786015,-0.0005071906656460845,0.0,1.0,0.7605863357572038
2017-12-13,2.059983180343556,2.0276813050027194,2.237977903583445,0.0,-0.00011230475752421754,1.0,0.7948718240275197
2017-12-14,2.0618192283502266,2.0294885625831394,2.228833537880928,0.0,-0.004197840513754714,1.0,0.8144
2017-12-15,2.0757589995063688,2.0432097490661336,2.247393273167737,0.0,0.0,1.0,0.8195312377880329
2017-12-18,2.0814125146936564,2.048774613460269,2.2616450873657756,0.0,0.0,1.0,0.7798013294283211
2017-12-19,2.0795766431276475,2.0469675295538066,2.252959332342585,-0.0008820315785788013,-0.003840458908301647,1.0,0.7895609147435683
2017-12-20,2.0808065567378398,2.048178157319097,2.251777849221444,-0.0002911282369731927,-0.004362858787814727,1.0,0.8017585784565966
2017-12-21,2.0840224450624665,2.051343618424335,2.2564164272908984,0.0,-0.0023118835506446,1.0,0.785772036372229
2017-12-22,2.0814424890905676,2.0488041178391523,2.2558259055820438,-0.0012379693788862056,-0.002572986281640488,1.0,0.7789473443607424
2017-12-26,2.0814172095750725,2.048779234722893,2.2531280318925706,-0.001250099533988469,-0.0037658673859942704,1.0,0.7926341218110131
2017-12-27,2.079038777703548,2.0464380982091916,2.25422421254795,-0.002391369330366877,-0.0032811845055975564,1.0,0.81220285998013
2017-12-28,2.0858264330679495,2.053119318725227,2.258862204346162,0.0,-0.001230468491789316,1.0,0.8276680091486395
2017-12-29,2.0790159290824133,2.046415607869289,2.2503447091695254,-0.003265134566119654,-0.004996530295304669,1.0,0.7978056283226319
2018-01-02,2.0937007385735003,2.060870150001831,2.2664516321461625,0.0,0.0,1.0,0.8433918923841566
2018-01-03,2.101915466561865,2.06895606571543,2.280786843428425,0.0,0.0,1.0,0.7747819402062069
2018-01-04,2.103231622795157,2.0702515837634285,2.2904002261248197,0.0,0.0,1.0,0.7426948235919215
2018-01-05,2.103011729522866,2.070035138560587,2.305663504783719,-0.0001045501930969639,0.0,1.0,0.7532679879419413
2018-01-08,2.108374194246356,2.075313516351392,2.309879820990872,0.0,0.0,1.0,0.7645107528356984
2018-01-09,2.1040381344631904,2.071045448804242,2.3151078947945067,-0.0020565892880867187,0.0,1.0,0.7835391192507369
2018-01-10,2.1080660946050767,2.0750102479127652,2.3115656439482426,-0.0001461313850833479,-0.0015300586440177844,1.0,0.8122481969330572
2018-01-11,2.1105789726361825,2.0774837223828704,2.3284314950480987,0.0,0.0,1.0,0.7944984039457428
2018-01-12,2.110355486392566,2.077263740548829,2.3436104972159097,-0.00010588859574267584,0.0,1.0,0.8125000101955315
2018-01-16,2.084312602320998,2.051629225828439,2.3355992472570404,-0.012445101868127195,-0.003418336779249964,1.0,0.8327868982656963
2018-01-17,2.0939824039271637,2.0611473986596547,2.3578615785748953,-0.007863514667868166,0.0,1.0,0.8813303403961461
2018-01-18,2.091881862686758,2.0590797952713356,2.353898091841004,-0.008858758753798934,-0.0016809666733221817,1.0,0.8988679245283019
2018-01-19,2.093352352170467,2.0605272265240617,2.3646083880318316,-0.00816203548365646,0.0,1.0,0.899852729650465
2018-01-22,2.102155697256306,2.0691925294364215,2.3838342740177576,-0.00399097853673569,0.0,1.0,0.8642638062092828
2018-01-23,2.095368432415556,2.0625116933203733,2.3888937948392175,-0.007206809324755148,0.0,1.0,0.8491147185794408
2018-01-24,2.084350704539271,2.0516667305791607,2.387966313733824,-0.01242704889841273,-0.00038824710725826606,1.0,0.8396368968073191
2018-01-25,2.077343899789483,2.044769797082558,2.388978217898116,-0.015746898494486516,0.0,1.0,0.8477457669159307
2018-01-26,2.080371568931362,2.0477499904041836,2.416638201976455,-0.014312377833979095,0.0,1.0,0.8464912091865047
2018-01-29,2.0500066199951394,2.017861183605736,2.400614676084042,-0.028699401172080363,-0.006630502604530575,1.0,0.8231797896432528
2018-01-30,2.0369655965233098,2.005024651859141,2.3759927495835487,-0.034878285563949896,-0.016819005989255786,1.0,0.9232822022229836
2018-01-31,2.0462395365701447,2.0141531704976026,2.377172327323152,-0.030484259011486214,-0.01633089910646357,1.0,0.9343019628099546
2018-02-01,2.0587412753942025,2.026458873930259,2.3744731345233836,-0.024560889648792994,-0.017447819627524952,1.0,0.9087248554799343
2018-02-02,2.0026418592758386,1.9712391331235388,2.3227818922212164,-0.05114099721439325,-0.038837551139627724,1.0,0.9150815051390541
2018-02-05,2.0022413309039835,1.8360770297603541,2.2256367473642182,-0.05133076901495037,-0.07903601559224938,0.0,1.0164415327108036
2018-02-06,2.0022413309039835,1.8479611247876175,2.2694873446390393,-0.05133076901495037,-0.0608907271336967,0.0,1.3266975155851
2018-02-07,2.0022413309039835,1.833334562521444,2.257175208846308,-0.05133076901495037,-0.06598546402176775,0.0,1.2623157894736843
2018-02-08,2.0022413309039835,1.7446980252574056,2.1725113390354585,-0.05133076901495037,-0.1010192021053613,0.0,1.2040815967530518
2018-02-09,2.0022413309039835,1.7778776633923912,2.2051459811729273,-0.05133076901495037,-0.0875150531968576,0.0,1.224295649228187
2018-02-12,2.0022413309039835,1.7926953792437907,2.2375275007015123,-0.05133076901495037,-0.0741156459119352,0.0,1.166131617617625
2018-02-13,2.0022413309039835,1.7923134363190483,2.2430928270373074,-0.05133076901495037,-0.07181272513080894,0.0,1.1202974329057178
2018-02-14,2.0022413309039835,1.8341177989926243,2.2733661151784106,-0.05133076901495037,-0.05928569972984321,0.0,1.1024282746376606
2018-02-15,2.0095713792775203,1.841199183870219,2.3023748162497704,-0.047857765413298115,-0.047281957900538796,1.0,0.995863487489312
2018-02-16,2.0091694650016647,1.8360346400158316,2.3030499075853332,-0.04804819386021553,-0.047002606471346464,0.0,1.0026205490824882
2018-02-20,2.0091694650016647,1.8200991759939726,2.2886292472694985,-0.04804819386021553,-0.052969846542301635,0.0,1.0151277998201302
2018-02-21,2.0091694650016647,1.8152721742224585,2.2772451788534034,-0.04804819386021553,-0.05768055102706249,0.0,1.0294852455956787
2018-02-22,2.0156037213964413,1.8214485394798625,2.2801963217195707,-0.044999619758892107,-0.0564593740781284,1.0,0.9995007146129468
2018-02-23,2.046135265254585,1.849039099756241,2.316541474549857,-0.030533663140358658,-0.04141982334994676,1.0,0.9821616224832579
2018-02-26,2.0630780492097522,1.8643498519454071,2.3434412113946816,-0.022506110428599624,-0.030288766651917043,1.0,0.9422857142857142
2018-02-27,2.0241902272150325,1.8292079409517314,2.3141804136891126,-0.040931302046114726,-0.04239682555855773,1.0,0.9338061423614803
2018-02-28,2.0060490207909725,1.8128142056183725,2.2907380649282225,-0.04952667168603919,-0.05209722206049072,1.0,0.9773921951937623
2018-03-01,1.978766080389482,1.788159323599906,2.257428478023001,-0.06245342816149724,-0.06588066174872331,1.0,0.9979889697900517
2018-03-02,1.978370327173404,1.8023626043596628,2.269065375912359,-0.06264093747586497,-0.06106533693930816,0.0,1.04901960410673
2018-03-05,1.9963380392161032,1.8190922731967434,2.295291193964105,-0.054127770105370066,-0.05021314647476227,1.0,0.9864048035219681
2018-03-06,1.993308184851879,1.8163314258078735,2.3011105223156476,-0.05556332613217907,-0.04780512017327321,1.0,0.9750130605232232
2018-03-07,1.9978046015053639,1.8204286260969784,2.30026702456572,-0.05343290755425267,-0.04815415783610488,1.0,0.9542619656139932
2018-03-08,2.012638751925802,1.8339457198351978,2.3113975306694994,-0.04640443308693154,-0.043548376923316146,1.0,0.9426751516008062
2018-03-09,2.044523943549157,1.862999970454105,2.3516214540391576,-0.03129711322979811,-0.02690379879128091,1.0,0.9097909638258432
2018-03-12,2.0274395104107246,1.8474323863558366,2.3486695783339373,-0.039391779840208474,-0.02812527898753292,1.0,0.8606701824225884
2018-03-13,2.018681822739675,1.8394522539030522,2.333490576166126,-0.04354120413780349,-0.03440631938298677,1.0,0.8865168919302647
2018-03-14,2.0106255091166596,1.8321112236896362,2.32151686544804,-0.047358314858352735,-0.03936101665968028,1.0,0.9058172128024206
2018-03-15,2.022992880146746,1.8433805521493702,2.3189872516051206,-0.04149860944555828,-0.04040776575139393,1.0,0.9174653551664822
2018-03-16,2.0295244965849233,1.8493322560996883,2.321501475827928,-0.03840390580126907,-0.03936738485335489,1.0,0.9110379370719464
2018-03-19,1.9916810811566104,1.8148487852421926,2.2900915543157234,-0.05633425378585333,-0.0523647468442876,1.0,0.89064262704915
2018-03-20,1.9999926294182935,1.8224223889726843,2.2939857144752067,-0.052396211964418016,-0.050753351246759504,1.0,0.9814241911064994
2018-03-21,2.004529436215103,1.826556393348167,2.289582964012987,-0.050246656389559385,-0.052575200482867235,1.0,0.9639830936973944
2018-03-22,1.9521794466874567,1.7788543210633223,2.232349699656908,-0.07505027198810743,-0.07625820951138895,1.0,0.9545697955069348
2018-03-23,1.9517890107981193,1.7587498483821633,2.1847683653314083,-0.07523526193370977,-0.09594726941559195,0.0,1.077562334460894
2018-03-26,1.9517890107981193,1.785973598156142,2.2445417964127685,-0.07523526193370977,-0.07121314453397987,0.0,1.0912680562051011
2018-03-27,1.9517890107981193,1.7573013455000914,2.2063573641274266,-0.07523526193370977,-0.08701378538047178,0.0,1.0159419915409553
2018-03-28,1.9517890107981193,1.749606211921926,2.1998389073193847,-0.07523526193370977,-0.0897111096231783,0.0,1.0255241318282144
2018-03-29,1.9517890107981193,1.7744641121901183,2.227946802626877,-0.07523526193370977,-0.07808011939696058,0.0,1.025100876174941
2018-04-02,1.914243614027927,1.740684701162059,2.179857610837694,-0.09302440759325203,-0.09797932969242529,1.0,0.9717761917959317
2018-04-03,1.9138607653051216,1.7559972637075207,2.2077972462986324,-0.0932058027117334,-0.08641796505038335,0.0,1.0465219459181725
2018-04-04,1.9138607653051216,1.7617142890166206,2.231418554356249,-0.0932058027117334,-0.0766435155534343,0.0,1.0038058772832605
2018-04-05,1.9276850211218404,1.7747918987532043,2.249028676798265,-0.08665581998379412,-0.0693564825057843,1.0,0.9823702215989765
2018-04-06,1.9034971178257902,1.75252244376067,2.198907322315294,-0.09811613661238194,-0.09009659761361422,1.0,0.9658337282254909
2018-04-09,1.9031164184022251,1.7524201030365945,2.2097445462300893,-0.0982965133850594,-0.08561217627742412,0.0,1.0136792088030253
2018-04-10,1.9031164184022251,1.7612284106915983,2.244880221487413,-0.0982965133850594,-0.07107310492260244,0.0,1.0254357263027425
2018-04-11,1.9031164184022251,1.7584040672649395,2.2331121454075804,-0.0982965133850594,-0.07594271100191052,0.0,1.0034313913126813
2018-04-12,1.918287488050746,1.7727732145437998,2.2514842738968377,-0.0911084053610457,-0.06834036139317234,1.0,0.9936180248464687
2018-04-13,1.9323661744062877,1.785783943239335,2.244880221487413,-0.08443787251765389,-0.07107310492260244,1.0,0.9590248621104712
2018-04-16,1.9517305538018894,1.8036794116311292,2.263336919603379,-0.07526295907131408,-0.06343576057338585,1.0,0.9385445129947514
2018-04-17,1.9750651715329777,1.8252439505977711,2.2875513875904407,-0.06420693224946883,-0.053415862697378635,1.0,0.9292929452075027
2018-04-18,1.9736268728868043,1.8239147560269189,2.2892445389383407,-0.06488840338360835,-0.05271524009424533,1.0,0.9077381364612641
2018-04-19,1.967600891565896,1.8183458836115007,2.2765447312866067,-0.06774353526876187,-0.05797039481345301,1.0,0.928571470740703
2018-04-20,1.9560147160987857,1.80763859304372,2.257240284954206,-0.07323310738017108,-0.0659585356599448,1.0,0.9322429449550576
2018-04-23,1.9603435979121338,1.8116391017137876,2.2569020064473713,-0.07118206741934885,-0.066098514621859,1.0,0.9525959737074349
2018-04-24,1.9397197175988605,1.792579673537837,2.226508092998155,-0.08095373698521846,-0.07867545453134095,1.0,0.9417867228090419
2018-04-25,1.9367216038729689,1.7898089857548407,2.2320109814466402,-0.08237425418204569,-0.0763983704216944,1.0,0.9884805514256987
2018-04-26,1.9556423535886545,1.8072944765918468,2.254700704500167,-0.07340953409291628,-0.06700940891518103,1.0,0.9786067168387605
2018-04-27,1.9632205131846228,1.8142977847148238,2.256817436820663,-0.069818974490921,-0.0661335093623373,1.0,0.9392712053251316
2018-04-30,1.9627443421749642,1.813857734296561,2.2394616095300153,-0.07004458604861774,-0.0733153155906976,1.0,0.9022248283860826
2018-05-01,1.9684368481045809,1.8191184275443235,2.2434416584265024,-0.06734745601774927,-0.0716683794075188,1.0,0.9186851130230551
2018-05-02,1.9709758166314582,1.8214647992039705,2.2283702370316623,-0.06614448348755952,-0.07790490309671394,1.0,0.9160260283722341
2018-05-03,1.9632075654258954,1.814285819125722,2.2234603619448117,-0.06982510918613738,-0.07993659947676579,1.0,0.9252607061543819
2018-05-04,1.9754340941528876,1.8255848880969152,2.252245547105026,-0.06403213536923213,-0.06802534807940219,1.0,0.9336464685211889
2018-05-07,1.9779122668795088,1.8278750757033781,2.259866047280871,-0.06285796811050792,-0.06487200052013053,1.0,0.8870871074112238
2018-05-08,1.9790921817637517,1.828965486559549,2.259866047280871,-0.0622989201433195,-0.06487200052013053,1.0,0.8858859061825017
2018-05-09,1.995542197744638,1.8441676644871992,2.2817093412282583,-0.05450484269151035,-0.05583328966572021,1.0,0.892597112172241
2018-05-10,2.0133568715260926,1.8606309822653335,2.3030444845763407,-0.046064185406271,-0.04700485050149883,1.0,0.8504436138842171
2018-05-11,2.019884674573947,1.8666636100466956,2.31007182482274,-0.04297128856019783,-0.04409695132128555,1.0,0.8681102492581804
2018-05-14,2.0332173817665233,1.8789849468304598,2.3111728422158686,-0.0366542033596744,-0.043641352550965684,1.0,0.8535762658900677
2018-05-15,2.0043425021592243,1.8523004099923386,2.2952551382826996,-0.05033522642569754,-0.05022806624280041,1.0,0.889883017042285
2018-05-16,2.0186854785585644,1.8655553806554799,2.3049073614488997,-0.043539471997506074,-0.04623399581955456,1.0,0.926535784379008
2018-05-17,2.029032464889641,1.875117482443269,2.3029603546530635,-0.03863703220954928,-0.047039663293586775,1.0,0.8863936390806403
2018-05-18,2.0236559798807625,1.870148837924912,2.297202877917589,-0.04118443037781727,-0.04942209552145027,1.0,0.8941411178891264
2018-05-21,2.0363796295240157,1.881907318037671,2.3144747218527706,-0.035155918861206836,-0.042275041435714145,1.0,0.883475995439189
2018-05-22,2.0314582136375914,1.8773592227623643,2.3080398086967633,-0.03748770362274889,-0.04493779548418719,1.0,0.890401659198598
2018-05-23,2.0388164894283807,1.8841593266614896,2.3143902987938727,-0.03400132576805126,-0.04230997552672899,1.0,0.8884408533821245
2018-05-24,2.041118678088065,1.886286879708745,2.3096489766891968,-0.0329105404008454,-0.04427192502367827,1.0,0.8687845578520724
2018-05-25,2.0358327964480134,1.881401965719,2.3041450622660373,-0.03541501036315586,-0.04654943367956976,1.0,0.8683298499658184
2018-05-29,1.9865337478429415,1.8358425626503958,2.277645015840683,-0.058773079046790855,-0.05751509929045062,1.0,0.8914362824012941
2018-05-30,2.0059142689553173,1.8537529483073614,2.308039808696763,-0.049590517596285744,-0.044937795484187304,1.0,0.9935785658986758
2018-05-31,2.0005701284800286,1.8488141947845629,2.29390173111974,-0.05212259080680093,-0.050788103389384,1.0,0.93375
2018-06-01,2.0172915904533117,1.8642672278043275,2.316420995809554,-0.044199901255697505,-0.041469677208999745,1.0,0.944886715988312
2018-06-04,2.0342028154085825,1.8798956290802449,2.327427945249009,-0.03618730131296799,-0.03691502379399825,1.0,0.8814669021936133
2018-06-05,2.038676586486869,1.8840300362454847,2.3291213897325305,-0.0340676122910033,-0.036214279891937706,1.0,0.8550335789375454
2018-06-06,2.0542212730750955,1.8983955597573376,2.3485946821827275,-0.026702483200945815,-0.028156270863415878,1.0,0.8423912890663898
2018-06-07,2.048191158801566,1.89282286789997,2.3483403870313593,-0.029559573294095642,-0.028261497682705694,1.0,0.8202960073438974
2018-06-08,2.0508943777651814,1.8953210305589014,2.355282571379808,-0.028278778309087982,-0.025388835840825186,1.0,0.8406098228320333
2018-06-11,2.0565142810703434,1.9005146285517869,2.3584156048989136,-0.025616047665968478,-0.024092392907603566,1.0,0.8342465535452188
2018-06-12,2.05835553193962,1.9022162088637276,2.3614633359522577,-0.024743656301727368,-0.02283124796217839,1.0,0.8487972397322869
2018-06-13,2.052873911760533,1.8971504043446858,2.3539284313777955,-0.027340867896345156,-0.02594917623472648,1.0,0.8457847752531519
2018-06-14,2.0658872811633917,1.909176627135616,2.3598544610954453,-0.021175086103018215,-0.023496997123760188,1.0,0.8672922207661431
2018-06-15,2.0623560613444667,1.9059132727381904,2.3568442514016112,-0.02284819090729584,-0.024742615806512158,1.0,0.8416666889632195
2018-06-18,2.067543640291569,1.9107073409177724,2.351996960769881,-0.02039029711873852,-0.02674841486562063,1.0,0.8307905642590645
2018-06-19,2.0474600961774616,1.8921472610129733,2.3429821610119235,-0.029905953426553555,-0.030478720771810908,1.0,0.850138148422815
2018-06-20,2.0565183231530564,1.9005183640168872,2.34697950491006,-0.02561413251246536,-0.02882462795193097,1.0,0.8800263634053603
2018-06-21,2.0294009172819734,1.8754579853845803,2.3322661486764833,-0.038462458124850496,-0.03491298500163065,1.0,0.8647734978355978
2018-06-22,2.0403168852236084,1.8855459079187638,2.3365179342937985,-0.033290432778648626,-0.03315360471299755,1.0,0.9224952807543294
2018-06-25,1.9807002892756966,1.8304516089166203,2.304711693421767,-0.06153699295045245,-0.046314962853417074,1.0,0.8883870967741935
2018-06-26,1.996928160491831,1.845448493168971,2.309814012043918,-0.05384816849681673,-0.044203633727700864,1.0,0.989155225296842
2018-06-27,1.9740845197158794,1.8243376874411925,2.290679584371798,-0.06467156865010226,-0.052121421196454354,1.0,0.9436869714301349
2018-06-28,1.9800107391927226,1.829814365581199,2.30377600451898,-0.061863704289811916,-0.04670214902883285,1.0,0.9922438092532936
2018-06-29,1.9907110972769828,1.839703033633285,2.307092687504751,-0.05679383567888052,-0.04532971231776106,1.0,0.9617579657387069
2018-07-02,1.9887358468335892,1.8378776184648724,2.3120258668734848,-0.05772971652911296,-0.04328837267300201,1.0,0.9387398233933091
2018-07-03,1.9856035612612084,1.8349829366209842,2.303861453552552,-0.05921380483520866,-0.046666790391572954,1.0,0.9203539408746706
2018-07-05,2.0002158977709437,1.8484868347216186,2.322656723310974,-0.05229042660620831,-0.03888934578151493,1.0,0.9302593455408774
2018-07-06,2.0201978613853346,1.8669530396519216,2.342301646667368,-0.04282289950892426,-0.030760316231155493,1.0,0.9056260966821482
2018-07-09,2.041871828819649,1.886982899180167,2.3633929011786337,-0.03255369484266024,-0.022032797774310775,1.0,0.8510502843752392
2018-07-10,2.04947661169655,1.8940108110393488,2.371896912116696,-0.028950521033246912,-0.018513855248653788,1.0,0.8533961060970702
2018-07-11,2.035707380678586,1.8812860635311863,2.354547973513146,-0.0354744328112393,-0.025692810952226308,1.0,0.8592793995391633
2018-07-12,2.049925245140218,1.8944254127906694,2.3758935231757796,-0.028737956874556603,-0.016860065676091773,1.0,0.8862158581651914
2018-07-13,2.0541301935436245,1.898311389186039,2.3777654872525957,-0.026745637014497392,-0.01608545072740597,1.0,0.8523035098186456
2018-07-16,2.0568052941424377,1.9007835664364912,2.375638495185359,-0.02547816461308705,-0.01696559574269929,1.0,0.8376891356227857
2018-07-17,2.0615760951310476,1.9051924719093203,2.3852499725002163,-0.023217741738385977,-0.012988385870325025,1.0,0.8639730417791542
2018-07-18,2.0651196628748694,1.9084672375632172,2.390266255817553,-0.021538786442344304,-0.010912657979723073,1.0,0.8375000221861739
2018-07-19,2.0570721673777177,1.9010301956441202,2.3812523354664585,-0.02535171910276024,-0.014642599989131977,1.0,0.8408616894588637
2018-07-20,2.0556143363334467,1.8996829503314585,2.37853057122386,-0.026042444758218708,-0.01576886052758275,1.0,0.8597194235424279
2018-07-23,2.0571888228900668,1.9011380020959214,2.382953548043941,-0.02529644729636893,-0.013938641665502405,1.0,0.8527851502030731
2018-07-24,2.065324574235508,1.9086566050974154,2.3949438209246234,-0.021441698693771327,-0.008977090999425896,1.0,0.8492597773600407
2018-07-25,2.0666180887015515,1.9098519982865545,2.4153552939303866,-0.020828826831209457,-0.0005308647546079515,1.0,0.8442176980286903
2018-07-26,2.065448374764314,1.9087710145708552,2.4096568840225787,-0.021383041552573978,-0.0028888552486534547,1.0,0.8446735284461381
2018-07-27,2.053938945014852,1.8981346480712475,2.393328497084145,-0.026836251263597677,-0.009645508737404773,1.0,0.8430555778889015
2018-07-30,2.0423267133358936,1.8874032778205594,2.380826702544514,-0.03233816890302843,-0.014818726031332496,1.0,0.8686666666666666
2018-07-31,2.053652179368099,1.8978696354177313,2.392562533706018,-0.026972121870891153,-0.009962462834009145,1.0,0.9106002643005474
2018-08-01,2.0572821952814504,1.9012242915991653,2.388564603536639,-0.02525220711744447,-0.011616798251743221,1.0,0.862811035557558
2018-08-02,2.0615921057784625,1.9052072680475745,2.4015783594386497,-0.023210155835360124,-0.006231732381573929,1.0,0.8639947285997712
2018-08-03,2.067904174985753,1.9110405267685606,2.4118682991487135,-0.020219474468243792,-0.001973776142345396,1.0,0.8258807460007384
2018-08-06,2.0840879507801615,1.925996660516617,2.4207135199498224,-0.012551542585934494,0.0,1.0,0.8033126420885902
2018-08-07,2.0920485000225306,1.9333533516058494,2.428707181771421,-0.008779805377529537,0.0,1.0,0.7919887816264014
2018-08-08,2.09824382693687,1.9390787236772922,2.4276863369706834,-0.00584443693376957,-0.00042032436367778203,1.0,0.7846374558899964
2018-08-09,2.0924329810159454,1.9337086672771828,2.4243696539849124,-0.008597636883291848,-0.001785941022064752,1.0,0.7772206282486666
2018-08-10,2.071930940141678,1.914761836245972,2.4081258366731877,-0.018311578479450086,-0.00847419781713743,1.0,0.7975937656562375
2018-08-13,2.0468576570576986,1.891590520721666,2.3991114766186614,-0.030191391274449142,-0.012185785661972481,1.0,0.8646517588116341
2018-08-14,2.067943177950416,1.9110765711109616,2.414419311891978,-0.020200994721610965,-0.0058829116933816206,1.0,0.9117829015892768
2018-08-15,2.0418911319034456,1.8870007380026197,2.396389419240441,-0.032544548971291776,-0.013306570167676002,1.0,0.8671009556499828
2018-08-16,2.063840471084485,1.907285080583941,2.415780047445467,-0.022144872169042595,-0.005322640136686041,1.0,0.9042618602268108
2018-08-17,2.074565476898412,1.91719652667906,2.424284351519151,-0.01706332537407418,-0.0018210636034947658,1.0,0.8671824501300895
2018-08-20,2.082565426011573,1.9245896289089746,2.4294719726070637,-0.013272920363467722,0.0,1.0,0.8332234631793075
2018-08-21,2.073625501929568,1.9163278547737863,2.4351702359470613,-0.017508688935936156,0.0,1.0,0.8326666666666667
2018-08-22,2.0787160337468986,1.9210322374639517,2.4337250773346746,-0.015096776430727932,-0.0005934528071400713,1.0,0.8466096349737683
2018-08-23,2.0818099783952544,1.9238914867860957,2.4304920845687485,-0.013630854194001008,-0.0019210777584480754,1.0,0.8123342216164577
2018-08-24,2.083886469711912,1.925810463065373,2.445121164311238,-0.012647005049486792,0.0,1.0,0.8240371616348106
2018-08-27,2.0824657590609594,1.9244975223287448,2.464425464075828,-0.013320142927468304,0.0,1.0,0.8090418520175425
2018-08-28,2.0829752995346644,1.9249684109255463,2.465615887833415,-0.013078720796237397,0.0,1.0,0.8221771488413502
2018-08-29,2.0829609100437274,1.924955112968768,2.4788832060477413,-0.013085538589422852,0.0,1.0,0.8272667295843475
2018-08-30,2.074355388048444,1.917002374400939,2.468847708056856,-0.01716286623593799,-0.004048394844259562,1.0,0.819398003765068
2018-08-31,2.080143335027901,1.9223512688895368,2.468933303658239,-0.014420515888238228,-0.004013864939351519,1.0,0.8706563727936232
2018-09-04,2.078215097606108,1.9205693005068363,2.4646810783374917,-0.015334121797703326,-0.005729244393443245,1.0,0.848844905861956
2018-09-05,2.0745672389360936,1.9171981550550077,2.458047565798139,-0.01706249051420672,-0.00840525289726013,1.0,0.8517799457905587
2018-09-06,2.061710444224002,1.9053166297714097,2.4506486761519017,-0.023154086649097017,-0.011390020242565524,1.0,0.8737437144056938
2018-09-07,2.05476349768764,1.8988966531937355,2.4458862482825015,-0.02644557520575852,-0.013311219215466519,1.0,0.8965728190449109
2018-09-10,2.0660479988081035,1.9093251533275581,2.450138473603249,-0.02109893749792191,-0.011595839761374682,1.0,0.8969258507016261
2018-09-11,2.0788844162942453,1.9211878471270456,2.4582178775940413,-0.01501699616686214,-0.008336547846741094,1.0,0.8756957287068471
2018-09-12,2.0837235528608407,1.9256599044908234,2.4588126497694027,-0.012724195646561687,-0.008096612308870488,1.0,0.8507078527961345
2018-09-13,2.0958382542162552,1.9368556289058847,2.473354961368025,-0.006984206045375196,-0.002230135194037808,1.0,0.8577023669549602
2018-09-14,2.1038369844409734,1.9442476047077764,2.4737800080187267,-0.003194378548549759,-0.0020586682004881673,1.0,0.8375084371441477
2018-09-17,2.0922403182493166,1.9335306192034476,2.4606830016003025,-0.008688921203436561,-0.0073420984107018805,1.0,0.8399443351512875
2018-09-18,2.0929480472608737,1.9341846624804115,2.474035329144769,-0.008353596621540893,-0.0019556697512592702,1.0,0.8952879737609739
2018-09-19,2.1079367928311417,1.9480364166268058,2.4766723771928483,-0.0012518744094852652,-0.0008918648726569112,1.0,0.8503989383271372
2018-09-20,2.1145318016953394,1.9541311522370604,2.4967430800389976,0.0,0.0,1.0,0.8020478024543998
2018-09-21,2.1141322551656643,1.9537619138459517,2.494461312363781,-0.00018895271726571128,-0.000913897666707908,1.0,0.8132322407902076
2018-09-24,2.1141191602304756,1.9537498122446573,2.48617495462444,-0.00019514554689270547,-0.004232764475867734,1.0,0.8010973978819534
2018-09-25,2.1104448600831933,1.9503542310693271,2.483868856692666,-0.001932787962266369,-0.005156406940409197,1.0,0.8259986203038482
2018-09-26,2.106236031259518,1.9464646686081795,2.476435816746562,-0.003923218572153941,-0.008133501382176056,1.0,0.8324396740274728
2018-09-27,2.1137422756818958,1.9534015167796348,2.483355869355612,-0.00037338100699668697,-0.005361869545334463,1.0,0.8508251039316185
2018-09-28,2.1144971073166032,1.9540990896470154,2.4836117767528965,-1.640759373222611e-05,-0.005259373057277528,1.0,0.8334452460617383
2018-10-01,2.118912146628237,1.9581792202226338,2.4922402237621473,0.0,-0.0018034920424331302,1.0,0.8205822359084132
2018-10-02,2.1181174742543063,1.9574448287888067,2.490788909301716,-0.00037503790574577867,-0.0023847751035676046,1.0,0.814111274513927
2018-10-03,2.122189784270989,1.9612082282603998,2.492154921296386,0.0,-0.0018376575384519978,1.0,0.8119946008153273
2018-10-04,2.095938027118594,1.93694783340073,2.4726769386762504,-0.012370127001347875,-0.009639013943866126,1.0,0.7908719181638313
2018-10-05,2.0873001945052434,1.9289652351801574,2.4588374197293925,-0.01644037212144578,-0.015182042803143725,1.0,0.8977272640793997
2018-10-08,2.0828105716856626,1.9248161787287466,2.4588374197293925,-0.018555933534876612,-0.015182042803143725,1.0,0.912
2018-10-09,2.07519594375119,1.9177791686220567,2.4552485603193617,-0.022144032955065063,-0.016619459187201535,1.0,0.9503331182608122
2018-10-10,2.0073693629835825,1.8550976642240435,2.377508553880638,-0.054104690418557255,-0.04775602548440716,1.0,0.9591100904941202
2018-10-11,2.0069678891109857,1.8219821616088065,2.3251401682935593,-0.054293869480473544,-0.0687307048600122,0.0,1.1091787030803772
2018-10-12,2.0069678891109857,1.8509162237370536,2.357432721161118,-0.054293869480473544,-0.05579683387996148,0.0,1.1586271158985917
2018-10-15,2.0069678891109857,1.8456133068843323,2.344190612610213,-0.054293869480473544,-0.06110058685990305,0.0,1.0740927336747206
2018-10-16,2.0069678891109857,1.8711679700543533,2.395449333303338,-0.054293869480473544,-0.040570352450552294,0.0,1.0497781685016945
2018-10-17,2.0019956569142034,1.866906413670472,2.3958762853355777,-0.0566368419297969,-0.040399348859652906,1.0,0.9810690923271481
2018-10-18,1.9751496214882545,1.84187187598542,2.3612761688581387,-0.06928699962300766,-0.054257449340259334,1.0,0.961325946590235
2018-10-19,1.9747545915639568,1.8453437687195782,2.359995605897041,-0.06947314222308298,-0.054770342705754316,0.0,1.0100704624119796
2018-10-22,1.9747545915639568,1.8429805481984085,2.3494028570903045,-0.06947314222308298,-0.059012969386658565,0.0,1.0025201535800183
2018-10-23,1.9586377961879031,1.8283078118284326,2.337441604636118,-0.0770675597890832,-0.0638037115939023,1.0,0.9909182796369456
2018-10-24,1.9582460686286656,1.795736745310788,2.266621064535202,-0.0772521462771254,-0.09216888086867203,0.0,1.02120312124238
2018-10-25,1.9582460686286656,1.8073131960091966,2.307285277607863,-0.0772521462771254,-0.0758819775834425,0.0,1.1153845740022994
2018-10-26,1.9582460686286656,1.7850044780984353,2.2667059272975316,-0.0772521462771254,-0.09213489148345733,0.0,1.0793226124589812
2018-10-29,1.9582460686286656,1.7845629084345744,2.254148290422067,-0.0772521462771254,-0.09716449864482701,0.0,1.0747331179703639
2018-10-30,1.9582460686286656,1.7967160900808625,2.2875503616157693,-0.0772521462771254,-0.08378624140212332,0.0,1.0711188452748992
2018-10-31,1.9582460686286656,1.8083749519516978,2.3119835087762266,-0.0772521462771254,-0.07400023364033326,0.0,1.05038238780148
2018-11-01,1.9582460686286656,1.819920221353292,2.3365872608682072,-0.0772521462771254,-0.06414589488650502,0.0,1.0037825240147822
2018-11-02,1.9552263957055462,1.8174778349915666,2.322748474760403,-0.07867505055529134,-0.06968863022777538,1.0,0.9636273190869815
2018-11-05,1.9593605155004474,1.821320699997346,2.335562751872205,-0.0767270062165889,-0.06455623306034164,1.0,0.9610837799629919
2018-11-06,1.9720735602979862,1.8331380921855502,2.3503416239171138,-0.07073647469496736,-0.058636972819645194,1.0,0.9881187745606537
2018-11-07,1.9716791455859266,1.8590043508296326,2.400659965537513,-0.07092232740002835,-0.038483380716923254,0.0,1.0168539365464657
2018-11-08,1.974650998068682,1.8621781728642635,2.396303090800007,-0.0695219566580797,-0.04022840397235494,1.0,0.9284903076492579
2018-11-09,1.9624518079108575,1.8506738282176705,2.3728950389067944,-0.0752703540202011,-0.049603838745902795,1.0,0.9457013411422428
2018-11-12,1.930483302693096,1.8205261957024375,2.328556810526151,-0.09033427782885484,-0.06736226520760791,1.0,0.9404117476149875
2018-11-13,1.9300972060325574,1.8171976211750676,2.3242000823564553,-0.0905162109732891,-0.06910722975943817,0.0,1.0108749610846186
2018-11-14,1.920142975850576,1.8081890957273887,2.3083106660107293,-0.09520675762267883,-0.07547128718799734,1.0,0.9876664799152524
2018-11-15,1.9197589472554057,1.811714332192708,2.332402017036898,-0.09538771627115439,-0.06582217622468889,0.0,1.0014137930073648
2018-11-16,1.937175599433204,1.8285131127767278,2.338467139606795,-0.08718079137363333,-0.0633929624948556,1.0,0.9837518722491473
2018-11-19,1.9141198381476328,1.8067506242093248,2.298912884563708,-0.09804492871726467,-0.07923530340662821,1.0,0.9374676817769747
2018-11-20,1.891865913514718,1.7857449946660167,2.256368792752459,-0.1085312314965231,-0.09627513908350716,1.0,0.9738372380999555
2018-11-21,1.891487540332015,1.7943110941873062,2.2640581797992794,-0.10870952525022382,-0.09319537204287909,0.0,1.009429705339908
2018-11-23,1.8885889665102105,1.7919202987663836,2.2489369253488394,-0.11007536625242254,-0.09925176389646295,1.0,0.9756097700624988
2018-11-26,1.9099994354637286,1.8122348587920147,2.285243970548373,-0.09998650939701503,-0.08471000127386796,1.0,0.9894252873563218
2018-11-27,1.917349804503491,1.8192089943605987,2.292932917891762,-0.09652293177816074,-0.08163041034404395,1.0,0.9398309013611507
2018-11-28,1.9283802849391976,1.8296748724041476,2.3457278158076487,-0.0913252437497567,-0.06048490348834379,1.0,0.9538615592067687
2018-11-29,1.9208204405675668,1.8225019836362588,2.340602486039235,-0.09488752853109994,-0.06253770972595374,1.0,0.9590248621104712
2018-11-30,1.9317174421611634,1.8328412150399753,2.354869103586143,-0.08975273725354238,-0.05682361857217544,1.0,0.9591628307117593
2018-12-03,1.9527905444073483,1.8528356766949614,2.386051551856317,-0.07982285143354062,-0.044334368669183166,1.0,0.9565908196853733
2018-12-04,1.9024816999043734,1.8051019234691639,2.308738057746401,-0.10352895202635681,-0.07530010748629379,1.0,0.9158773983978273
2018-12-06,1.8945441606550606,1.7975706723841907,2.3052345008021318,-0.10726921093634845,-0.0767033583743324,1.0,0.9995180722891566
2018-12-07,1.8941652518229297,1.7704206081916576,2.251670854719717,-0.1074477570941611,-0.09815676561941356,0.0,1.0061728650215709
2018-12-10,1.8941652518229297,1.7721151285064225,2.2559418407202196,-0.1074477570941611,-0.09644614267440632,0.0,1.0352049664501293
2018-12-11,1.8941652518229297,1.7738195497292861,2.2564546814894633,-0.1074477570941611,-0.09624073877308237,0.0,1.028623342324707
2018-12-12,1.8941652518229297,1.776718590569739,2.26781661816616,-0.1074477570941611,-0.09169003559199296,0.0,1.0018416522978855
2018-12-13,1.9000377732688256,1.782582333312912,2.2670475768640106,-0.10468055809555077,-0.0919980533885767,1.0,0.9939786868147702
2018-12-14,1.8849764116092171,1.7684520262275614,2.2251870773213387,-0.111777643272022,-0.1087640954684922,1.0,0.9672130974724816
2018-12-17,1.8656256811903225,1.7502975081086514,2.1815324412092725,-0.12089592786763936,-0.12624872833323386,1.0,0.9849727186598113
2018-12-18,1.8652525560540845,1.7484906668818305,2.179140894243926,-0.12107174868206583,-0.12720659499739595,0.0,1.04741564117142
2018-12-19,1.8652525560540845,1.7498691399556856,2.146506545242078,-0.12107174868206583,-0.1402773627759284,0.0,1.0702929041123155
2018-12-20,1.8652525560540845,1.7320017723794496,2.111565512037214,-0.12107174868206583,-0.154272007833408,0.0,1.0649458581393203
2018-12-21,1.8652525560540845,1.7139525880924023,2.0683003065978776,-0.12107174868206583,-0.17160066522921058,0.0,1.1244057154261506
2018-12-24,1.8652525560540845,1.6975937490027966,2.0136500067677714,-0.12107174868206583,-0.19348930097512496,0.0,1.1479222464916927
2018-12-26,1.8652525560540845,1.7154253827985178,2.1153891730798056,-0.12107174868206583,-0.1527405482798957,0.0,1.2506934746587837
2018-12-27,1.8652525560540845,1.7013352201286356,2.1316297658996977,-0.12107174868206583,-0.14623583702236476,0.0,1.1837290528540476
2018-12-28,1.8652525560540845,1.701072393090398,2.1288804469087084,-0.12107174868206583,-0.14733699917756193,0.0,1.1572035807764007
2018-12-31,1.8652525560540845,1.7140986192740362,2.1475266572037635,-0.12107174868206583,-0.13986878571013384,0.0,1.119273315228085
2019-01-02,1.8652525560540845,1.7242893648443558,2.14976079034054,-0.12107174868206583,-0.13897396671388318,0.0,1.0712178883423782
2019-01-03,1.8652525560540845,1.7080592365998617,2.098461470363882,-0.12107174868206583,-0.15952046202082382,0.0,1.0206593406593407
2019-01-04,1.8652525560540845,1.7354553959177084,2.1687511418548526,-0.12107174868206583,-0.131367917190351,0.0,1.0555785713698038
2019-01-07,1.8727221570979575,1.7427523015916326,2.1858510617482154,-0.11755198758471463,-0.1245190267177696,1.0,0.9780420586939844
2019-01-08,1.8805541139403956,1.7500407083429452,2.2063877036642205,-0.11386148030752108,-0.11629365419939075,1.0,0.989824198395304
2019-01-09,1.8892392036511487,1.7581230392031728,2.2166993354102513,-0.1097689671048262,-0.11216362102598565,1.0,0.9683065558660084
2019-01-10,1.8931420517420503,1.7617550235140336,2.224518874672873,-0.10792990062744123,-0.10903172518730786,1.0,0.9656838803416707
2019-01-11,1.9054677300624845,1.7732252804233135,2.2253783483141545,-0.1021219006022841,-0.10868748726865585,1.0,0.9502923764615337
2019-01-14,1.903925169658196,1.7717897761309502,2.2118011857482474,-0.10284877263593606,-0.1141254366814144,1.0,0.9214792406742585
2019-01-15,1.9210234206579133,1.787701381688672,2.2371508214283047,-0.09479188200040278,-0.1039723553000248,1.0,0.9568489567482625
2019-01-16,1.9140659298705371,1.781226751676395,2.242564010376711,-0.09807033091149586,-0.10180425518925107,1.0,0.9667359782363985
2019-01-17,1.9179339711687884,1.784826344840618,2.2595780415330697,-0.09624766579128852,-0.09498976502709422,1.0,0.9749103599888469
2019-01-18,1.9276135137353565,1.7938341119684347,2.289652730290828,-0.09168655507522061,-0.08294419694353772,1.0,0.9420970228546531
2019-01-22,1.8922386652148413,1.760914333428986,2.258718274756167,-0.10835558664944767,-0.09533412035294897,1.0,0.9447982938341413
2019-01-23,1.8918602174817984,1.7642924420649295,2.2634442072407315,-0.10853391553211778,-0.09344128142917374,0.0,1.005316552107445
2019-01-24,1.9036410695632087,1.7756317720147399,2.2646473823978392,-0.10298264383684985,-0.09295938356522171,1.0,0.9721115574783977
2019-01-25,1.9181934122203494,1.7892055503873578,2.283809218250539,-0.09612541421252585,-0.08528465082804293,1.0,0.9603457003930573
2019-01-28,1.9017625924703765,1.77387961208167,2.2664520718495957,-0.10386780364053694,-0.09223656612109443,1.0,0.9256110670815134
2019-01-29,1.9031806853296909,1.7752023460659938,2.2634442072407315,-0.10319958213187419,-0.09344128142917374,1.0,0.9637385124375595
2019-01-30,1.920132458823621,1.7910142068674244,2.2992762261661532,-0.09521171336557843,-0.07908977717873966,1.0,0.9760203891672331
2019-01-31,1.9360160271684308,1.805829693387939,2.3194701925410057,-0.08772719503336612,-0.0710016536804512,1.0,0.9453961301653103
2019-02-01,1.9398542774038,1.8094098425955982,2.3205868926898674,-0.08591856780133589,-0.07055439094132931,1.0,0.9267338242587235
2019-02-04,1.9520639836857694,1.8207985138886627,2.3369130811111423,-0.08016521512172914,-0.06401539678057655,1.0,0.9175667913581819
2019-02-05,1.9548452896114394,1.823392792425869,2.346709233867339,-0.07885463208797583,-0.06009182417332071,1.0,0.9150668709308649
2019-02-06,1.9576506972661991,1.826009551984638,2.34361533395366,-0.07753269204493518,-0.061330998495426226,1.0,0.9121265540924977
2019-02-07,1.9439821574124458,1.8132601455816006,2.321274002585899,-0.08397346372099368,-0.07027918845793213,1.0,0.9100591921396468
2019-02-08,1.9486044296452418,1.817571595658341,2.3241096500173235,-0.08179539639305966,-0.06914344988150634,1.0,0.9343607061805715
2019-02-11,1.9530176947577942,1.8216880931837753,2.325398713911435,-0.07971581560096364,-0.06862715170712963,1.0,0.9107763494519026
2019-02-12,1.960013067848535,1.8282130662554408,2.3553026511698594,-0.07641951611701159,-0.05664997331921273,1.0,0.9274100253659656
2019-02-13,1.9612927461619203,1.8294066933039088,2.3629498266872306,-0.07581651711905679,-0.05358711291578999,1.0,0.9173603020187959
2019-02-14,1.9542245601138182,1.8228138035421844,2.357707975509401,-0.07914712689792258,-0.05568658851651853,1.0,0.9227594837742653
2019-02-15,1.9674392473868358,1.8351398764318563,2.383401166137474,-0.07292021572769602,-0.04539590589343023,1.0,0.9364896238911058
2019-02-19,1.9665489869644028,1.834309481082274,2.387525437759579,-0.07333971657961391,-0.043744045253431785,1.0,0.9047330348394367
2019-02-20,1.9817451692412107,1.8484838044331664,2.3923378452523894,-0.06617910239259006,-0.0418165712048264,1.0,0.9045592285638953
2019-02-21,1.9777421533883603,1.844749969181424,2.383830902958115,-0.06806536906040628,-0.045223786934104115,1.0,0.8862199918111806
2019-02-22,1.9922706749491539,1.8583015282942275,2.398610068138645,-0.06121936420802476,-0.03930440928620482,1.0,0.8948019886470265
2019-02-25,1.9848011785168074,1.8513343140445009,2.401875598958521,-0.06473907601123297,-0.0379964930468516,1.0,0.8738680444155614
2019-02-26,1.9812218220268751,1.8479956494146454,2.4001573845150106,-0.06642570956138072,-0.038684675366148724,1.0,0.928125
2019-02-27,1.9805987888345893,1.8474145117469778,2.3991258402641,-0.06671928989849463,-0.03909783131285305,1.0,0.9306748901870302
2019-02-28,1.981354813657856,1.8481196980964887,2.394657427422737,-0.06636304238996815,-0.040887528008955676,1.0,0.9193245910204315
2019-03-01,1.9989744018073219,1.8645544667239509,2.409609102916328,-0.05806049175097405,-0.03489905622219991,1.0,0.9180124006090721
2019-03-04,1.9892307479910543,1.855466019553788,2.4008446409788524,-0.06265181241818518,-0.038409414179150225,1.0,0.8823146878431143
2019-03-05,1.986700187971684,1.8531056256522132,2.3975789635911657,-0.06384424112466847,-0.039717389122104985,1.0,0.912663716364539
2019-03-06,1.9765235205026226,1.8436132825943696,2.383056145511352,-0.06863960275749115,-0.04553409417114307,1.0,0.9126935200102135
2019-03-07,1.9601252478987445,1.8283177028198243,2.3631217507290487,-0.07636665559952105,-0.05351825359133944,1.0,0.940262856344629
2019-03-08,1.9578046490183216,1.8261531513357958,2.358395671676674,-0.07746014822568603,-0.05541115121871598,1.0,0.9589595798628958
2019-03-11,1.9861403567028306,1.8525834399293701,2.3925953648955898,-0.06410803999553416,-0.04171342897715413,1.0,0.9380478917277033
2019-03-12,1.9977180957641492,1.8633826402902294,2.401617639611888,-0.05865247746897351,-0.038099811385328475,1.0,0.8950655712139756
2019-03-13,2.001764897947715,1.8671573174849418,2.4175139446447114,-0.05674557818335857,-0.03173299488750314,1.0,0.8798722259197839
2019-03-14,2.0079964682477236,1.8729698492647786,2.41596780081083,-0.05380919127480066,-0.03235225917874818,1.0,0.8747553859581565
2019-03-15,2.015852736926947,1.8802978274741973,2.4279029641947316,-0.0501072279831799,-0.027571966212555088,1.0,0.882352930176767
2019-03-18,2.0148131680487262,1.8793281638338817,2.436707439144497,-0.050597084680222726,-0.02404558217242081,1.0,0.8598131103865959
2019-03-19,2.011550953242053,1.8762853148690846,2.4373102725494404,-0.05213427745668964,-0.023804134259832965,1.0,0.8595800654030357
2019-03-20,2.007811529883355,1.8727973469790866,2.429975286468619,-0.053896336338705386,-0.02674195599225848,1.0,0.8714652721284459
2019-03-21,2.0138271159873806,1.8784084183015017,2.4574211349756903,-0.05106172364354922,-0.015749295703542332,1.0,0.8809373042181818
2019-03-22,1.9670204720880418,1.8347492614478853,2.4101241422027293,-0.07311754741871535,-0.03469277176685526,1.0,0.8787878658195629
2019-03-25,1.9662646565513906,1.8340442703116266,2.4083124174960644,-0.07347369630900458,-0.03541840698385035,1.0,0.9487621878967809
2019-03-26,1.9872343087266666,1.853603829750561,2.4262637498011266,-0.0635925573408046,-0.02822850729069415,1.0,0.9358165779959089
2019-03-27,1.981174617189459,1.8479516188405791,2.4135764004132927,-0.06644795301847672,-0.033310067139309285,1.0,0.892401174416531
2019-03-28,1.989745374937447,1.8559460406939912,2.4227261891248015,-0.06240931433898089,-0.02964537741425921,1.0,0.9028605113262745
2019-03-29,2.002547223273434,1.867887035774071,2.4380020726154106,-0.05637693757849027,-0.023527053261190756,1.0,0.8852761150559555
2019-04-01,2.0091997523838665,1.8740922192204692,2.466915064906457,-0.05324219008336084,-0.01194676992238819,1.0,0.8677215085123581
2019-04-02,2.01037995066202,1.875193055714004,2.468123076801314,-0.052686067211174414,-0.011462934839589711,1.0,0.8667529085987064
2019-04-03,2.0074650863148538,1.8724741998179557,2.472007123781867,-0.054059584494487334,-0.009907289402297681,1.0,0.8597168618272584
2019-04-04,2.010837364152468,1.8756197106856651,2.478566619576873,-0.05247052876412395,-0.007280068424918018,1.0,0.8790786883811534
2019-04-05,2.0195384073858196,1.883735657048578,2.490563488009032,-0.04837049807985583,-0.0024750612425323837,1.0,0.8772610078538902
2019-04-08,2.0212825142694832,1.8853624824233495,2.4924615411561324,-0.04754865504932648,-0.001714849604308677,1.0,0.8512615964672257
2019-04-09,2.0069632951794065,1.8720061513516446,2.479688156463484,-0.05429603419336271,-0.006830868466949913,1.0,0.8625654601001196
2019-04-10,2.0177713580161196,1.8820874319426348,2.488146291676833,-0.04920315187114099,-0.003443201036940624,1.0,0.8930581741341335
2019-04-11,2.026319616916014,1.8900608678706288,2.4874556641533476,-0.04517511490514903,-0.00371981240677155,1.0,0.8647594213937672
2019-04-12,2.044945772537279,1.907434517893423,2.504286045843042,-0.03639825820773379,0.0,1.0,0.8537704918032787
2019-04-15,2.0496754738845397,1.911846173072865,2.5026459520425743,-0.03416956905734958,-0.0006549147223776641,1.0,0.8305670794133043
2019-04-16,2.0523573576873866,1.9143477150732588,2.504286045843042,-0.032905834860378125,0.0,1.0,0.8479009102831363
2019-04-17,2.050017641135011,1.9121653314746216,2.498157459411161,-0.03400833595133468,-0.002447238981367117,1.0,0.8417415186752429
2019-04-18,2.0567435834823877,1.918438991525191,2.503077740812563,-0.03083899530271439,-0.0004824948142343466,1.0,0.8502024466573006
2019-04-22,2.0600715218825734,1.9215431445365743,2.5052340464419176,-0.029270832820333492,0.0,1.0,0.8297872514228533
2019-04-23,2.0636306189476192,1.924862912075436,2.527761225793503,-0.02759374574196527,0.0,1.0,0.8437499846939163
2019-04-24,2.053782863003321,1.915677363067631,2.5221509031398575,-0.032234120517721454,-0.0022194828357984253,1.0,0.8445667147329892
2019-04-25,2.0453807273839546,1.90784022444047,2.5205975774832576,-0.036193302529452964,-0.0028339893171660524,1.0,0.8736702149819066
2019-04-26,2.058674079997433,1.920239672863015,2.53233560716192,-0.029929323354732307,0.0,1.0,0.8711374074141187
2019-04-29,2.052917528272014,1.914870217294773,2.536305836015098,-0.032641876100054534,0.0,1.0,0.8549361790786405
2019-04-30,2.0523234975474924,1.9143161318398634,2.537599736646959,-0.03292179014399366,0.0,1.0,0.860801076430956
2019-05-01,2.037136816284011,1.9001506706118776,2.51852540177718,-0.040077927345313014,-0.007516683815148473,1.0,0.8614576752688133
2019-05-02,2.036569460258445,1.8996214661304522,2.513089201682512,-0.04034527196725535,-0.00965894447831006,1.0,0.914144503507978
2019-05-03,2.0558533759932023,1.9176086455493886,2.537686504790827,-0.031258471211882966,0.0,1.0,0.8995632802444737
2019-05-06,2.0337731943832607,1.8970132336173149,2.5272423757440254,-0.041662904299627046,-0.004115610429847871,1.0,0.8540146158344112
2019-05-07,1.965489334094101,1.8333210839868872,2.485039054092391,-0.07383903708249995,-0.020746238985408283,1.0,0.9414634365329145
2019-05-08,1.9650962362272824,1.8404377681399162,2.481586795881827,-0.07402426927508332,-0.02210663484362252,0.0,1.0287539559963108
2019-05-09,1.9650962362272824,1.8408671133326702,2.4740781269454604,-0.07402426927508332,-0.025065498723062074,0.0,1.0346666666666666
2019-05-10,1.9650962362272824,1.8693481172796997,2.4865064910119874,-0.07402426927508332,-0.020167981223140896,0.0,1.035791727051385
2019-05-13,1.9072463730610627,1.8146908231356864,2.4240193569176105,-0.10128378376100955,-0.044791642962449196,1.0,0.9491124474590334
2019-05-14,1.9068649237864506,1.8341629228253433,2.445942530321767,-0.10146352700425731,-0.036152603678925255,0.0,1.0384031859178116
2019-05-15,1.9222075813570227,1.8492874518269518,2.4602690941032046,-0.09423389199032639,-0.030507082155919574,1.0,0.9874247728805696
2019-05-16,1.9384229311413674,1.8648876623213895,2.483054232801423,-0.08659303446451605,-0.021528377081355354,1.0,0.9399657069834807
2019-05-17,1.9330412434411697,1.859710132261602,2.4670012467790823,-0.0891289470111154,-0.027854212046405147,1.0,0.9133811355469743
2019-05-20,1.927252230880002,1.854140729460538,2.450689275435434,-0.09185679567200056,-0.034282102691232,1.0,0.9355217174456331
2019-05-21,1.9463385330001075,1.8725029809441014,2.4727839331779777,-0.08286311270284896,-0.025575488339604324,1.0,0.9433197881067056
2019-05-22,1.950627937533135,1.8766296642719953,2.4651884960977433,-0.08084189642670847,-0.028568544048375055,1.0,0.9104750262202356
2019-05-23,1.9247649609634263,1.851747815661508,2.43506763847965,-0.09302882558893377,-0.040437960369590686,1.0,0.8982947583109347
2019-05-24,1.932496435460181,1.8591859919072153,2.440590899853807,-0.0893856667376105,-0.03826146561197208,1.0,0.9564725545047229
2019-05-28,1.9210568022365961,1.8481803282218483,2.417892089596024,-0.09477615222028124,-0.04720615212661072,1.0,0.927442940812372
2019-05-29,1.9133697457115992,1.8407848849247588,2.4016664466928117,-0.09839838081735153,-0.053600024211511776,1.0,0.9776536521198476
2019-05-30,1.9213069092400796,1.848420947261978,2.4082257959200075,-0.09465829895129596,-0.05101524897831711,1.0,0.9813596614372477
2019-05-31,1.904479410172993,1.8322318097451942,2.3757745101135828,-0.10258760819206547,-0.06380299314811932,1.0,0.9632517194812522
2019-06-03,1.902035739105885,1.8298808408464007,2.3697326918255697,-0.10373909383449931,-0.06618383029116559,1.0,0.9936271946791152
2019-06-04,1.901655331958064,1.8495753391729148,2.4211718374935276,-0.10391834601573235,-0.04591373563177892,0.0,1.0047948609505282
2019-06-05,1.909381469215612,1.8574597983847252,2.4421437858069757,-0.10027770213231935,-0.037649535828589875,1.0,0.9647526920290177
2019-06-06,1.9168821193535195,1.8647564838912811,2.458024408084066,-0.09674331034818195,-0.03139162247045446,1.0,0.9392878452003345
2019-06-07,1.9136865134610161,1.8616477758764052,2.482622444031434,-0.09824911624555654,-0.02169852763745206,1.0,0.9414893574568595
2019-06-10,1.9174835827041394,1.8653415916929388,2.494015453083975,-0.09645989396616106,-0.01720900183076457,1.0,0.9504373389249605
2019-06-11,1.9161288196877624,1.864023668648314,2.493411593704357,-0.09709827373144786,-0.017446958480838548,1.0,0.9443128431575164
2019-06-12,1.9184532183425043,1.8662848601002118,2.48900957608119,-0.09600299060834094,-0.01918161625470316,1.0,0.941141860824619
2019-06-13,1.920121713035909,1.8679079835392858,2.4992804619758777,-0.09521677690315256,-0.015134273970580425,1.0,0.9331378716673137
2019-06-14,1.9238268655616109,1.8715123821229813,2.496518245017557,-0.09347086682802008,-0.016222752375263605,1.0,0.9383155057709173
2019-06-17,1.9282599055649112,1.8758248747932618,2.4974668318876754,-0.0913819678821498,-0.01584895251136098,1.0,0.9204819065580734
2019-06-18,1.9311949487427678,1.8786801055563587,2.523618340059454,-0.08999894210396064,-0.00554369686910261,1.0,0.9241420491239287
2019-06-19,1.9444789552681017,1.891602881062515,2.529314844585724,-0.083739366912434,-0.0032989339657590877,1.0,0.9181818181818182
2019-06-20,1.9426368385664154,1.8898108569057492,2.553480065788429,-0.0846073932856356,0.0,1.0,0.8900620907123141
2019-06-21,1.9333483696792426,1.8807749686745943,2.5497695550956108,-0.0889842256292912,-0.001453119114784407,1.0,0.9138785971367552
2019-06-24,1.9372147001161355,1.884536162270314,2.5466467813232465,-0.08716236668644406,-0.0026760672843053612,1.0,0.9238152327245646
2019-06-25,1.9266446545460634,1.8742535471773913,2.5216698675855116,-0.09214309256139364,-0.012457586267898058,1.0,0.9265331290953134
2019-06-26,1.9302608210098189,1.8777713794906232,2.519153591413356,-0.09043911373228164,-0.013443016389663609,1.0,0.9509345328238307
2019-06-27,1.9367149270702202,1.884049979516333,2.528086899468627,-0.08739786543854411,-0.009944532820138186,1.0,0.9507331803725427
2019-06-28,1.9418740285655833,1.8890687899415544,2.5410962583363204,-0.08496683804712002,-0.004849776435707054,1.0,0.9439140682550845
2019-07-01,1.9641575422216995,1.9107463496384107,2.564165445451456,-0.07446659258308352,0.0,1.0,0.9389788606144964
2019-07-02,1.9787345581963607,1.9249269738823804,2.570843368037417,-0.06759773661049262,0.0,1.0,0.9112119067997534
2019-07-03,1.9807575312142875,1.926894936342789,2.591397158387261,-0.06664448868096218,0.0,1.0,0.8783967231958403
2019-07-05,1.97930838589633,1.925485197527617,2.5884482140382525,-0.06732734246185312,-0.0011379746788190426,1.0,0.8651066917418038
2019-07-08,1.9686678061293947,1.9151339662690945,2.574226153105763,-0.07234130485381263,-0.006626157332125793,1.0,0.8865153808954963
2019-07-09,1.967072323442299,1.9135818694261748,2.577435401886374,-0.0730931144699557,-0.005387733198556122,1.0,0.9018088121973717
2019-07-10,1.979247128639137,1.9254256060345447,2.589749736196264,-0.06735620757921779,-0.0006357274050660111,1.0,0.9049454255727314
2019-07-11,1.9859699474671846,1.931965611741237,2.595820868046394,-0.06418833876848506,0.0,1.0,0.8578012086864852
2019-07-12,1.9930406117106358,1.9388440039283585,2.6074422297478295,-0.0608565612357419,0.0,1.0,0.8631508942002084
2019-07-15,1.9932402345669529,1.9390381984549243,2.608310204322125,-0.06076249667196132,0.0,1.0,0.8371621513732427
2019-07-16,1.9919454770976603,1.937778649230925,2.599897505130058,-0.061372601139944694,-0.0032253445844464546,1.0,0.8430851085213527
2019-07-17,1.9827845279641099,1.928866813118046,2.5822041321716287,-0.06568934472312882,-0.010008806508994605,1.0,0.8449408524557458
2019-07-18,1.9862801900065958,1.9322674178779342,2.5916571696832413,-0.06404214894997284,-0.00638460663585505,1.0,0.8830594354923106
2019-07-19,1.9818717164802357,1.927978823650181,2.5772603999205326,-0.06611947189207457,-0.011904183923423295,1.0,0.8706563727936232
2019-07-22,1.9900967033671109,1.9359801490693955,2.5835921293378865,-0.06224376438097623,-0.00947666230162314,1.0,0.9070935168347161
2019-07-23,2.003600790630686,1.9491170206743527,2.6020646567773955,-0.05588048463867279,-0.0023944803552814475,1.0,0.8745959771465855
2019-07-24,2.014153853156296,1.959383114541501,2.6142939817571453,-0.05090776136772579,0.0,1.0,0.8446081542026822
2019-07-25,2.001379236899007,1.9469558774910367,2.6018049386170357,-0.05692730606253604,-0.004777214508873029,1.0,0.8289834925923546
2019-07-26,2.011436784336378,1.956739930775548,2.6192371277369992,-0.052188075145530366,0.0,1.0,0.8465116171787855
2019-07-29,2.008707445824101,1.9540848109660842,2.6144678111805018,-0.05347417054213721,-0.0018208800211296783,1.0,0.8277740195607761
2019-07-30,1.9985923050330028,1.944244730459707,2.6080496067549013,-0.05824054010345936,-0.004271289859030025,1.0,0.8553333333333334
2019-07-31,1.9761387314825736,1.9224017352948224,2.5795160785254647,-0.06882091972683146,-0.01516512147407334,1.0,0.8878980999587975
2019-08-01,1.9455286352109573,1.8926240171353546,2.5570545615530222,-0.08324474576656116,-0.023740716533635187,1.0,0.9532820902104852
2019-08-02,1.942718151326247,1.889889958533643,2.5378005345474635,-0.08456907778697742,-0.031091722214512285,1.0,0.9933296402087334
2019-08-05,1.8854146438453487,1.8341447011462164,2.4614817961680004,-0.11157114325049722,-0.06022949579418113,1.0,0.984348831794234
2019-08-06,1.8850375609165797,1.8573430771758332,2.4959976361543523,-0.11174882902184713,-0.04705167404568855,0.0,1.1228310697865782
2019-08-07,1.8850375609165797,1.8556844532974437,2.497472401464478,-0.11174882902184713,-0.04648862257756903,0.0,1.0243778289955927
2019-08-08,1.9073518887455656,1.878022447558254,2.5464732450355116,-0.10123406356855325,-0.027780563252917445,1.0,0.9994871794871794
2019-08-09,1.8930256323208816,1.8639164866635776,2.529128410330658,-0.10798475878481795,-0.03440265734328318,1.0,0.946808478281857
2019-08-12,1.8654582012217675,1.836772961270525,2.4983400829031526,-0.12097484633657007,-0.046157349998432906,1.0,0.968211234756497
2019-08-13,1.8650851095815233,1.8642460293914378,2.537193157540392,-0.12115065136730263,-0.03132361301990727,0.0,1.028780487804878
2019-08-14,1.812364074508493,1.8119215621073699,2.4621747687764564,-0.14599340363375035,-0.05996492539651943,1.0,0.9454937588117085
2019-08-15,1.8120016016935914,1.820860754206976,2.468679448210303,-0.14616420495302362,-0.0574815002171174,0.0,1.0375587226100698
2019-08-16,1.8120016016935914,1.841084986599406,2.5051050667686017,-0.14616420495302362,-0.04357454304528996,0.0,1.0052207074878508
2019-08-19,1.8387556813163712,1.868636697406967,2.5352851377821715,-0.1335573778817255,-0.03205207694477119,1.0,0.9375634154667959
2019-08-20,1.8299449783665116,1.859682814610383,2.51585816076012,-0.1377090814735351,-0.03946911330865177,1.0,0.9193899476497227
2019-08-21,1.8473212361361342,1.8773414482515172,2.536326355508581,-0.12952119088127512,-0.031654549849807756,1.0,0.9273979449759762
2019-08-22,1.8414434863836742,1.8713681811137328,2.535545149078153,-0.1322908535174937,-0.03195280708744208,1.0,0.8916478900816038
2019-08-23,1.7955768217910253,1.8247561523834548,2.470413638545167,-0.1539037483361373,-0.05681940272449271,1.0,0.9149753383896034
2019-08-26,1.805065285540348,1.8343988100481787,2.497732999031702,-0.1494326761353152,-0.0463891288874162,1.0,0.9759331731010641
2019-08-27,1.798493126976193,1.8277198494886304,2.4879328889446195,-0.15252955211354569,-0.05013071836906402,1.0,0.9747729716184209
2019-08-28,1.8067096745200186,1.8360699214543577,2.5054518462084507,-0.1486578213170241,-0.04344214593004725,1.0,0.9840116570054773
2019-08-29,1.8212694308153226,1.8508662835785685,2.5374525825651313,-0.14179709830194953,-0.03122456699540188,1.0,0.9650873185188624
2019-08-30,1.820924805443932,1.8505160578131874,2.5363263555085815,-0.1419594897025419,-0.031654549849807645,1.0,0.9395690675170321
2019-09-03,1.8026130256223856,1.8319066992577968,2.5214957450265354,-0.15058820894210645,-0.03731673687556181,1.0,0.9713407937927812
2019-09-04,1.8253848599233335,1.8550485911765529,2.5501163345354607,-0.13985786122781352,-0.026389666086192975,1.0,0.9771371361806104
2019-09-05,1.8396136382540773,1.8695085967217497,2.5828979841869484,-0.13315309879977666,-0.013873941830325087,1.0,0.9213184737925119
2019-09-06,1.8496158916553078,1.8796733934656664,2.5848933583602784,-0.1284399230624491,-0.013112126814723957,1.0,0.8998893843283248
2019-09-09,1.853596948099161,1.8837191447533561,2.5861942942470475,-0.1265640039182898,-0.012615441778843661,1.0,0.8591065742574776
2019-09-10,1.853949556239517,1.8840774830130655,2.5855869172399757,-0.12639785094603007,-0.012847332584238758,1.0,0.8700855079101174
2019-09-11,1.8611200345815189,1.8913644864491252,2.603972383399997,-0.12301903987307738,-0.0058279352317333055,1.0,0.8730614665834926
2019-09-12,1.8699698567439875,1.9003581241718244,2.612992752734757,-0.11884890286268335,-0.002384043405660452,1.0,0.8543859458524927
2019-09-13,1.8755847633039364,1.9060642767384992,2.6112582692642716,-0.11620309493279657,-0.003046252814696948,1.0,0.8459250714915365
2019-09-16,1.8696240815917113,1.900006729940845,2.6031926426476746,-0.11901183605312604,-0.006125632887308274,1.0,0.8242351491971115
2019-09-17,1.8711612034323784,1.9015688310448915,2.6097837970897673,-0.11828752673260257,-0.0036091923664046677,1.0,0.8529069389118399
2019-09-18,1.8836245300009067,1.9142346950497529,2.61134533054376,-0.1124146652850061,-0.0030130136403715424,1.0,0.8380731505304377
2019-09-19,1.8901064879365674,1.9208219891599485,2.611171207984783,-0.1093602928703884,-0.003079491989022465,1.0,0.8274021052784004
2019-09-20,1.8718003316969014,1.9022183455734247,2.598835181638926,-0.11798636221411318,-0.007789270349760402,1.0,0.8368075779559131
2019-09-23,1.874134981735724,1.904590935245057,2.598223993868779,-0.11688624852205498,-0.008022616068509847,1.0,0.865048040201871
2019-09-24,1.85671018890864,1.8868829778191456,2.5778369976873834,-0.1250970093862488,-0.015806178681265548,1.0,0.8343592221476147
2019-09-25,1.8647283644871648,1.8950314541417626,2.5930829813446326,-0.12131875371941203,-0.009985406099891292,1.0,0.9191375041103108
2019-09-26,1.8622115060769249,1.8924736950901715,2.5876813712532627,-0.12250472607159946,-0.012047689821425345,1.0,0.8866666666666667
2019-09-27,1.8518940339693422,1.8819885571239903,2.573741893059585,-0.12736643645398493,-0.017369650955093796,1.0,0.886865301087915
2019-09-30,1.862373459361849,1.8926382802248636,2.5856783755537824,-0.12242841183894948,-0.012812414663735061,1.0,0.9184
2019-10-01,1.8461171188954248,1.8761177632960702,2.5549219999089847,-0.13008858464107642,-0.024554908429990974,1.0,0.9042316719292216
2019-10-02,1.8210557097795255,1.8506490894322467,2.5097899602662026,-0.14189780608849212,-0.041785894950778335,1.0,0.9591731077056587
2019-10-03,1.8345843752201136,1.864397604782109,2.53035225154906,-0.13552294482921245,-0.03393540632372416,1.0,0.9913211295513693
2019-10-04,1.8546920476338218,1.8848320403917345,2.5645931303227507,-0.1260479805433884,-0.020862562169565946,1.0,0.9666329290326513
2019-10-07,1.8507327348437626,1.8808083861068319,2.5535278468946823,-0.12791365383020026,-0.025087182884846015,1.0,0.916621832175073
2019-10-08,1.8212519876470423,1.8508485569470758,2.513885064894001,-0.1418053177215366,-0.04022242267695009,1.0,0.9444738309949904
2019-10-09,1.8347138555758047,1.8645291892806344,2.53775656420429,-0.135461932210713,-0.031108509676291862,1.0,0.9946052283991592
2019-10-10,1.8465059107766832,1.876512873306799,2.554921999908985,-0.12990538147793806,-0.02455490842999075,1.0,0.9554074721335
2019-10-11,1.8675694009822295,1.8979186593900148,2.5814088552313863,-0.11998002496097515,-0.014442477202625925,1.0,0.9350718011663757
2019-10-14,1.8803327875102096,1.9108894595304113,2.578534074194535,-0.11396577184253187,-0.015540041453837916,1.0,0.8877493263418226
2019-10-15,1.890769454814151,1.9214957296950317,2.6040620829000765,-0.10904789532588166,-0.00579368880970077,1.0,0.8510513601500744
2019-10-16,1.895627002330413,1.926432215624357,2.5998799169927898,-0.1067589636043812,-0.007390400257854424,1.0,0.8216019645691464
2019-10-17,1.8973300315221018,1.9281629201854256,2.6075468791645906,-0.10595647685022236,-0.004463226505386664,1.0,0.8300971104361833
2019-10-18,1.8979595877157858,1.928802707090533,2.5961336437541886,-0.10565982280054687,-0.008820692001556885,1.0,0.8388077586391925
2019-10-21,1.9081395485988903,1.939148099182384,2.6137326270426002,-0.10086290927351205,-0.0021015663820995734,1.0,0.8558558754644509
2019-10-22,1.9022754293828172,1.933188684086367,2.605194758940292,-0.10362614904572098,-0.005361243794233972,1.0,0.8599508236805056
2019-10-23,1.9068784451066705,1.937866501910525,2.612773487290119,-0.1014571556041497,-0.0024677568817392803,1.0,0.8737160523620815
2019-10-24,1.9119968025082592,1.9430680360611665,2.6170435938837575,-0.09904532729382398,-0.000837470510024807,1.0,0.8600367840769065
2019-10-25,1.9249197430672247,1.9562009830928264,2.627760925329493,-0.09295589049851649,0.0,1.0,0.8436923076923077
2019-10-28,1.920629561820141,1.9518410835160167,2.6425718957249202,-0.09497747277116775,0.0,1.0,0.8052196033916811
2019-10-29,1.920842202951635,1.9520571802088647,2.64178775793828,-0.09487727384783384,-0.0002967328109062528,1.0,0.819887441379446
2019-10-30,1.9306358380517805,1.9620099684640413,2.649890319643145,-0.09026240143032771,0.0,1.0,0.8203853247246198
2019-10-31,1.9243313612107071,1.955603039635548,2.6428327864277645,-0.0932331427315064,-0.002663330313358303,1.0,0.7858508814376133
2019-11-01,1.9418031949750971,1.973358802445624,2.667316352915064,-0.08500021564181548,0.0,1.0,0.8236760516146391
2019-11-04,1.9407783917663177,1.9723173454956855,2.6780325118183144,-0.08548311458722324,0.0,1.0,0.7976653657031753
2019-11-05,1.9330137809209273,1.9644265545035982,2.6750709626375953,-0.08914188766347642,-0.0011058675231347959,1.0,0.8213828485275164
2019-11-06,1.9346948730159566,1.9661349654754372,2.675680098458394,-0.0883497379191468,-0.0008784110534650891,1.0,0.8233815289527373
2019-11-07,1.9383418205390799,1.9698411783478003,2.6850900450336948,-0.08663125470423672,0.0,1.0,0.7972204713091026
2019-11-08,1.946484184321256,1.9781158610158744,2.6917119787160106,-0.08279448014122415,0.0,1.0,0.8056961928054207
2019-11-11,1.9474769851433875,1.9791247955188656,2.686571845598728,-0.08232666108494091,-0.0019096148317229167,1.0,0.7772054222495968
2019-11-12,1.9520379853177054,1.9837599150125595,2.6922343463929423,-0.08017746584890562,0.0,1.0,0.8134615185698113
2019-11-13,1.9494272527482257,1.9811067562835256,2.693106424865934,-0.081407672774238,0.0,1.0,0.8185926525087791
2019-11-14,1.9552976342329018,1.9870725354142207,2.697027406934755,-0.07864148214973044,0.0,1.0,0.8322663313217237
2019-11-15,1.9722349353576627,2.004285079069886,2.7165432040500224,-0.07066043292864055,0.0,1.0,0.8365384410824301
2019-11-18,1.9727627812860615,2.0048215028495133,2.7185467860207453,-0.07041170591453894,0.0,1.0,0.8038692584383638
2019-11-19,1.9685967673370925,2.0005877883728953,2.71776382077659,-0.07237477914194113,-0.00028800874356160744,1.0,0.8213579391783364
2019-11-20,1.9647552874125676,1.9966838818168156,2.707656797694139,-0.07418492824029077,-0.004005812363651273,1.0,0.8296774193548386
2019-11-21,1.963924184916759,1.9958392733466666,2.70329933668539,-0.07457655320332113,-0.005608676449403105,1.0,0.8171355319347045
2019-11-22,1.9751723308508566,2.0072702092147727,2.7093127208181493,-0.06927629871266938,-0.0033966916626483323,1.0,0.8299620893352927
2019-11-25,1.9926556902910701,2.0250376850006537,2.7303097322272074,-0.061037940593242634,0.0,1.0,0.8012987211474808
2019-11-26,1.997913547943344,2.030380986374846,2.736495186969596,-0.05856037817576065,0.0,1.0,0.7918612529181225
2019-11-27,1.9996799975887574,2.032176142014652,2.7486940258447436,-0.0577280069813908,0.0,1.0,0.7771043571419671
2019-11-29,1.993049119729,2.025437507931468,2.738499648347182,-0.060852552160574724,-0.00370880767437487,1.0,0.785427805483844
2019-12-02,1.970642681502166,2.002666950018701,2.7152366985864504,-0.07141072108255497,-0.012172081338886365,1.0,0.8136685888952958
2019-12-03,1.9480086448708769,1.9796650950743826,2.697027406934755,-0.08207613696526517,-0.01879678801066631,1.0,0.8853919159679284
2019-12-04,1.96598978757687,1.9979384434387917,2.7136678367419282,-0.07360321770080369,-0.012742847611803887,1.0,0.9052751423560486
2019-12-05,1.9708658809759048,2.002893776633954,2.7185467860207453,-0.07130554694808644,-0.01096784128773054,1.0,0.8716136866309235
2019-12-06,1.9841043705417436,2.0163474005560054,2.743378304490378,-0.065067419866353,-0.0019339079957187977,1.0,0.8653158167958749
2019-12-09,1.9638847293788413,1.99579917662973,2.7347524957017177,-0.0745951451022221,-0.005072056042593309,1.0,0.8402221325876827
2019-12-10,1.963590505264047,1.9955001711752516,2.7317032989702676,-0.0747337868565906,-0.0061813816724305415,1.0,0.9167630462100981
2019-12-11,1.971424012146539,2.0034609778113652,2.7394579086927995,-0.07104254918286723,-0.003360183805509509,1.0,0.91535322639784
2019-12-12,1.9938811876501599,2.02628309751578,2.763069982978349,-0.06046047227812168,0.0,1.0,0.8864577253260032
2019-12-13,2.0117194369840172,2.0444112303946835,2.7647247335598752,-0.052054885998294664,0.0,1.0,0.8663766232319091
2019-12-16,2.0208155184083694,2.0536551292578418,2.783718749269453,-0.047768708818586525,0.0,1.0,0.8265706950731799
2019-12-17,2.0240244288025,2.056916186603356,2.7843284713614946,-0.046256633688494864,0.0,1.0,0.8104139099451301
2019-12-18,2.019421741786117,2.0522387028283857,2.7845020076492295,-0.04842547223936189,0.0,1.0,0.8112211425383701
2019-12-19,2.0293791967050914,2.06235797308459,2.795916122466495,-0.043733406057168356,0.0,1.0,0.8276315893327761
2019-12-20,2.0250333112851813,2.057941464104693,2.8081741747371196,-0.045781236770576106,0.0,1.0,0.8256274581600599
2019-12-23,2.0230406554431895,2.0559164262655263,2.8124639214173768,-0.04672019890146595,0.0,1.0,0.8165796507310922
2019-12-24,2.0272511913791416,2.06019538624135,2.8125512758324867,-0.04473614640665169,0.0,1.0,0.8135483870967741
2019-12-26,2.0282176745302207,2.0611775753934394,2.8275234708195596,-0.04428072853675036,0.0,1.0,0.8163659553026625
2019-12-27,2.019243227536917,2.052057287602614,2.826822876684954,-0.04850959018702272,-0.0002477765938412313,1.0,0.8150772955468573
2019-12-30,2.004687570299125,2.037265091148355,2.81123861452087,-0.05536838167950586,-0.005759406231902742,1.0,0.842006279661439
2019-12-31,2.021337295145065,2.0541853852173197,2.818067501951735,-0.047522841676748806,-0.003344258311349657,1.0,0.8884891923773751
2020-01-02,2.0369064380086983,2.0700075371202464,2.8444224462446077,-0.0401864842128562,0.0,1.0,0.8683049842072854
2020-01-03,2.0164036816158633,2.049171597151202,2.8228825476651354,-0.049847616570006914,-0.007572679159493556,1.0,0.8209348482210647
2020-01-06,2.021194936385131,2.0540407130318235,2.8336535229295454,-0.04758992274602414,-0.0037859788827360186,1.0,0.8757026733021589
2020-01-07,2.0227995511704777,2.0556714038862784,2.8256852173391778,-0.04683380998116238,-0.006587357981993169,1.0,0.8699748702026497
2020-01-08,2.030628571150678,2.063627650704921,2.8407441804701183,-0.04314468658690873,-0.0012931503122349808,1.0,0.8694829948621245
2020-01-09,2.0450083655633082,2.078241126444869,2.860007587815555,-0.03636876366087782,0.0,1.0,0.8733766450108279
2020-01-10,2.0474329475891113,2.080705109558735,2.851777218979858,-0.03522627299214809,-0.002877743706261704,1.0,0.8387959973235879
2020-01-13,2.058330330467655,2.0917795822358025,2.8713900439857336,-0.0300913020487803,0.0,1.0,0.8401337899827963
2020-01-14,2.0604901738843657,2.0939745245601844,2.8670117703478817,-0.029073559228265933,-0.0015247923726079415,1.0,0.8415300349100814
2020-01-15,2.0622977602961847,2.0958114854665086,2.873490653847065,-0.028221803920980837,0.0,1.0,0.8463114555629796
2020-01-16,2.0718460270627435,2.1055149179877066,2.897393225533198,-0.023722551857226937,0.0,1.0,0.8489405265103531
2020-01-17,2.0706836711352,2.1043336729948425,2.90641154291861,-0.024270267210565355,0.0,1.0,0.8525951669632957
2020-01-21,2.068011786024441,2.1016183679546176,2.900719728562278,-0.025529289909931085,-0.001958364901969878,1.0,0.8396946653800997
2020-01-22,2.065359997965031,2.0989234865563384,2.9010700256295805,-0.02677884264977748,-0.001837839277112674,1.0,0.8641560254804848
2020-01-23,2.0664513073116964,2.100032530413618,2.9043974080655244,-0.026264605254633255,-0.0006929971283636815,1.0,0.8618157806747635
2020-01-24,2.0425047621049073,2.0756968377469955,2.8785692284839004,-0.037548490128772816,-0.009579618723489669,1.0,0.8659106202929429
2020-01-27,2.0002200119139935,2.032724931935746,2.8324270434905534,-0.057473546080090365,-0.02545561711943989,1.0,0.9060361093030664
2020-01-28,1.9998199679116107,2.0556446997626336,2.8621084908125067,-0.05766205137087432,-0.015243213650883769,0.0,1.003854633985466
2020-01-29,1.9990686567911193,2.055283544823291,2.859744938298982,-0.05801607772895967,-0.01605643382931421,1.0,0.9559600319198085
2020-01-30,2.0052651043240672,2.0616542398004567,2.8690244395228603,-0.05509624106832067,-0.012863664640626049,1.0,0.9624192213246721
2020-01-31,1.9597727095156363,2.0148825743317693,2.8169286700634735,-0.07653277570137118,-0.030788094367832697,1.0,0.9336949883983997
2020-02-03,1.9593807549737332,2.0299117944470324,2.8378556220590716,-0.0767174691462309,-0.023587822938073932,0.0,1.0112721872621253
2020-02-04,1.9802552251967005,2.0519436569218072,2.881107489827645,-0.06688118099816687,-0.008706287020025516,1.0,0.9961196833716847
2020-02-05,1.9958347344245304,2.0680871695010126,2.9143789691021142,-0.05953993878538244,0.0,1.0,0.9610778004045407
2020-02-06,1.999563627729958,2.071951054755829,2.9241855281728624,-0.057782841784414396,0.0,1.0,0.9404096477976104
2020-02-07,1.994354347750062,2.066553190442245,2.9085998003306726,-0.06023751384932852,-0.005329938094566944,1.0,0.9414726039503483
2020-02-10,1.9987471360365174,2.0711050047467356,2.930314114604743,-0.05816758197093885,0.0,1.0,0.9496623161791395
2020-02-11,1.9980344171350284,2.070366484271965,2.935392689241579,-0.05850342323583013,0.0,1.0,0.9324241030701456
2020-02-12,2.0172469431184408,2.0902745346704648,2.9543046269772284,-0.049450262144485,0.0,1.0,0.9405204816634538
2020-02-13,2.0102851850157992,2.0830607497007416,2.9511525396427465,-0.05273072186313965,-0.0010669472963954485,1.0,0.894531269994332
2020-02-14,2.0156168519599724,2.0885854315840224,2.9558805240766586,-0.05021837966656051,0.0,1.0,0.9024234518241211
2020-02-18,2.008685545469201,2.081403200623614,2.948262808689215,-0.05348449023883073,-0.002577139138539186,1.0,0.8825806451612903
2020-02-19,2.013638612687691,2.0865355768607623,2.962359993847084,-0.051150548545585095,0.0,1.0,0.9211179905976008
2020-02-20,2.0005974582547554,2.0730223116123687,2.950189002855948,-0.057295689064869815,-0.004108545557061083,1.0,0.9089759973070456
2020-02-21,1.9744712343146622,2.045950276244873,2.9198078408062527,-0.06960666338664478,-0.014364274811033528,1.0,0.9373493760499754
2020-02-24,1.9018887759920275,1.9707402159133178,2.8229699020802452,-0.10380834452779109,-0.04705373150338121,1.0,0.9699034303246976
2020-02-25,1.9015083982368293,1.9326421490659087,2.737429410194276,-0.10398758285888554,-0.07592952379859164,0.0,1.1418795580694117
2020-02-26,1.9015083982368293,1.9415978725687557,2.7273610810138194,-0.10398758285888554,-0.07932827655023855,0.0,1.1672254521199548
2020-02-27,1.9015083982368293,1.878527652582335,2.6048696715364077,-0.10398758285888554,-0.12067754191023206,0.0,1.1628691608776893
2020-02-28,1.9015083982368293,1.8622559333720505,2.593924866848641,-0.10398758285888554,-0.12437216535589668,0.0,1.3088235260743544
2020-03-02,1.9015083982368293,1.877629717828741,2.7062588339167597,-0.10398758285888554,-0.08645173458399869,0.0,1.3437185757926982
2020-03-03,1.9015083982368293,1.834921876679935,2.6287722432225404,-0.10398758285888554,-0.11260878195675605,0.0,1.2064981617153414
2020-03-04,1.9015083982368293,1.8547560644225152,2.739267663674657,-0.10398758285888554,-0.07530898696842958,0.0,1.2204176303244787
2020-03-05,1.9015083982368293,1.795750637920249,2.648209479991333,-0.10398758285888554,-0.10604737928822006,0.0,1.1628498630986837
2020-03-06,1.9015083982368293,1.7583530857081762,2.604432020053995,-0.10398758285888554,-0.1208252793504222,0.0,1.2164568735410861
2020-03-09,1.9015083982368293,1.6617906454002958,2.401040162438174,-0.10398758285888554,-0.1894840034887012,0.0,1.1827411472879825
2020-03-10,1.9015083982368293,1.6942032122203632,2.525281884709615,-0.10398758285888554,-0.1475438873213566,0.0,1.265040672825771
2020-03-11,1.9015083982368293,1.6523235827434075,2.4021775286483287,-0.10398758285888554,-0.18910006426034376,0.0,1.1992901026109108
2020-03-12,1.9015083982368293,1.5728902980080646,2.1723445448670096,-0.10398758285888554,-0.26668448487724705,0.0,1.2147847937239158
2020-03-13,1.9015083982368293,1.6007601963646028,2.3580502113471202,-0.10398758285888554,-0.20399606521662939,0.0,1.3184835392552263
2020-03-16,1.9015083982368293,1.4753999956275412,2.1000235900891155,-0.10398758285888554,-0.2910977752700781,0.0,1.1970606159405384
2020-03-17,1.9015083982368293,1.4825293249666374,2.2134083017913313,-0.10398758285888554,-0.25282264600229176,0.0,1.2214180757381412
2020-03-18,1.9015083982368293,1.4324627717664202,2.1013371308075954,-0.10398758285888554,-0.29065436504268904,0.0,1.16301522758028
2020-03-19,1.9015083982368293,1.4593667479741785,2.1058023191571253,-0.10398758285888554,-0.28914705723445366,0.0,1.0475472250404705
2020-03-20,1.9015083982368293,1.4649343896287463,2.015054126393193,-0.10398758285888554,-0.3197808063238349,0.0,1.0364185797443588
2020-03-23,1.9015083982368293,1.5107666231859365,1.9635329027513067,-0.10398758285888554,-0.3371727586013763,0.0,1.006860858167931
2020-03-24,1.9015083982368293,1.537203645182951,2.1414352989957703,-0.10398758285888554,-0.27711847869820017,0.0,1.0873940795143482
2020-03-25,1.9015083982368293,1.5122094947091118,2.1734930502307694,-0.10398758285888554,-0.2662967854193333,0.0,1.18345805560688
2020-03-26,1.9015083982368293,1.5386780146158607,2.300402599790513,-0.10398758285888554,-0.22345609427330837,0.0,1.187558065219495
2020-03-27,1.9015083982368293,1.5113628893594342,2.231883760587053,-0.10398758285888554,-0.2465859094699001,0.0,1.225145589040886
2020-03-30,1.9015083982368293,1.5209754355169633,2.3043657933887824,-0.10398758285888554,-0.22211824417861992,0.0,1.1756053811659195
2020-03-31,1.9015083982368293,1.5365917147819352,2.2700183598167953,-0.10398758285888554,-0.2337128625380792,0.0,1.1135388581552477
2020-04-01,1.9015083982368293,1.5101111902064306,2.167856491939029,-0.10398758285888554,-0.26819951105141304,0.0,1.1080298083225137
2020-04-02,1.9015083982368293,1.5264812129414678,2.217880965099202,-0.10398758285888554,-0.2513128148821172,0.0,1.1151065476220652
2020-04-03,1.9015083982368293,1.5397549576572573,2.1858230672963925,-0.10398758285888554,-0.26213455763768867,0.0,1.0763213704263854
2020-04-06,1.9015083982368293,1.5616017628799475,2.3326368186694584,-0.10398758285888554,-0.21257483104200048,0.0,1.0437109687944321
2020-04-07,1.9015083982368293,1.5524385058074475,2.335014441692799,-0.10398758285888554,-0.21177221993859685,0.0,1.049895563699203
2020-04-08,1.9015083982368293,1.5588486504830885,2.4133980273878097,-0.10398758285888554,-0.185312375133166,0.0,1.0755412705982241
2020-04-09,1.9015083982368293,1.5655122670827295,2.450122351144085,-0.10398758285888554,-0.1729153930538263,0.0,1.042317861047245
2020-04-13,1.9015083982368293,1.5720773909761496,2.427753611595744,-0.10398758285888554,-0.18046637929277154,0.0,1.0261019299117726
2020-04-14,1.9015083982368293,1.5972407170418474,2.499354039016793,-0.10398758285888554,-0.15629631638017283,0.0,1.030022485430281
2020-04-15,1.9015083982368293,1.570655952001334,2.4462479776390307,-0.10398758285888554,-0.17422326026547563,0.0,1.0356555388966253
2020-04-16,1.9015083982368293,1.5688241977392234,2.4580490314762455,-0.10398758285888554,-0.17023959391103993,0.0,1.03971489992829
2020-04-17,1.9015083982368293,1.581713516424188,2.524454655986663,-0.10398758285888554,-0.14782313384259982,0.0,1.0229533521178722
2020-04-20,1.9015083982368293,1.5504790233326773,2.4799780675928256,-0.10398758285888554,-0.16283703778615055,0.0,1.0233369433795763
2020-04-21,1.9015083982368293,1.5252465695697934,2.4046784152003733,-0.10398758285888554,-0.1882558432482997,0.0,1.0698071441074708
2020-04-22,1.9015083982368293,1.5399260635281662,2.458049031476245,-0.10398758285888554,-0.17023959391104015,0.0,1.0492144473377853
2020-04-23,1.9015083982368293,1.5400604252484338,2.457872710400109,-0.10398758285888554,-0.17029911438677647,0.0,1.0259042492298822
2020-04-24,1.9015083982368293,1.5569183896592187,2.492131470446691,-0.10398758285888554,-0.15873442943365168,0.0,1.0127263676427039
2020-04-27,1.9310286435869333,1.581400380679956,2.5280652074326606,-0.09007730698775518,-0.14660432469938411,1.0,0.9502776697961443
2020-04-28,1.9243662508476105,1.575944267716953,2.51644003496815,-0.09321670233717327,-0.15052861900819747,1.0,0.9422586548166678
2020-04-29,1.9484000888307131,1.5956265860822985,2.5823166962501594,-0.08189168411249137,-0.12829072036696643,1.0,0.949109443419798
2020-04-30,1.9355144279237866,1.585073977693396,2.5582740057371054,-0.08796355431110936,-0.13640678005012152,1.0,0.9369936478941912
2020-05-01,1.9017903693815652,1.5574559311181375,2.4905467792786258,-0.10385471484358089,-0.15926937156470833,1.0,0.9743224177845652
2020-05-04,1.909509355805556,1.5637773329833569,2.4974164125608342,-0.1002174405143943,-0.15695039841611158,1.0,0.9794574349321371
2020-05-05,1.924110137856282,1.5757345260420539,2.5204908761171514,-0.09333738569604466,-0.14916118184410698,1.0,0.9721621621621621
2020-05-06,1.9197058188724883,1.5721276444244567,2.5034057595726575,-0.09541275097036517,-0.15492858235585438,1.0,0.9462274652829797
2020-05-07,1.9351583537352353,1.5847823735997975,2.53361397160586,-0.08813134052476013,-0.1447312356134106,1.0,0.9562780187266565
2020-05-08,1.9617869064366882,1.6065896127201933,2.5755352967899254,-0.07558366316865595,-0.1305799085393422,1.0,0.9244340356257523
2020-05-11,1.9886041322728933,1.6285513641872145,2.576064113450523,-0.06294708088229961,-0.13040139658883787,1.0,0.8843236580198586
2020-05-12,1.948396909248629,1.5956239821891167,2.524718184910099,-0.08189318236778764,-0.14773417472757566,1.0,0.9072063360880159
2020-05-13,1.908371424372273,1.562845433185931,2.480066887686042,-0.10075364676782039,-0.1628070549031111,1.0,0.9643900063834385
2020-05-14,1.9269838107733468,1.5780878973708987,2.509745989923026,-0.09198327828380304,-0.1527883190645809,1.0,0.9663106442596641
2020-05-15,1.9374039904772153,1.5866214197529604,2.5212838079724267,-0.08707317091211575,-0.1488935128717599,1.0,0.9343839133021001
2020-05-18,1.9620794489402396,1.6068291880512053,2.598081823092509,-0.07544581380866011,-0.12296890705761365,1.0,0.9240800217628987
2020-05-19,1.94220889641696,1.5905563588371001,2.5713953424120883,-0.08480904450110527,-0.13197742753988095,1.0,0.9222536851692089
2020-05-20,1.965658283513882,1.6097600458486516,2.6150792920862718,-0.07375942619141318,-0.11723109361526796,1.0,0.9305089522139719
2020-05-21,1.9569674376867625,1.602642747539752,2.5970238966356924,-0.07785465174170725,-0.12332602991203168,1.0,0.8997106863021593
2020-05-22,1.9599530987112475,1.6050878306286964,2.6019559034619415,-0.07644777425760385,-0.1216611387993739,1.0,0.9119826752902227
2020-05-26,1.9649138490547189,1.609150397234157,2.634014094400372,-0.07411021218834934,-0.11083929709039309,1.0,0.8928344699614974
2020-05-27,1.9739056243350916,1.6165141392990892,2.673205447544446,-0.06987318525182507,-0.0976095231177917,1.0,0.9079416419334766
2020-05-28,1.9585805058056907,1.6039637567054146,2.6682731475825756,-0.07709455566977075,-0.09927451318385883,1.0,0.9148724581452599
2020-05-29,1.971156896953108,1.6142630911115385,2.6801630215130063,-0.07116841690469444,-0.09526086394638389,1.0,0.9160525741323672
2020-06-01,1.9692326278738237,1.612687226421692,2.6909955552578633,-0.07207515441400969,-0.09160413965650804,1.0,0.9088206007259645
2020-06-02,1.9798004245044625,1.6213416384989763,2.7132779663657685,-0.06709548826493861,-0.08408229519662258,1.0,0.9130012914082642
2020-06-03,1.9970925275892897,1.6355028672782177,2.749386412181958,-0.058947252318751864,-0.0718932142303701,1.0,0.8967590954337067
2020-06-04,2.000799124627892,1.6385383551190322,2.7421653092899625,-0.05720066157268644,-0.07433083251680173,1.0,0.8875821561893562
2020-06-05,2.0222556297865224,1.6561099874915546,2.812445160737624,-0.04709011193303614,-0.05060655471341691,1.0,0.8946273711863688
2020-06-08,2.0132379500466557,1.648725031177812,2.8464400987251497,-0.05133934534594908,-0.039130927828725626,1.0,0.8942377801522637
2020-06-09,1.9929128742784508,1.6320799738069989,2.8252156140740605,-0.06091675256883178,-0.046295649434193176,1.0,0.9191595466569198
2020-06-10,1.9953484986818553,1.6340746088278355,2.809450194096091,-0.059769058605993686,-0.05161756169695486,1.0,0.9292214334043152
2020-06-11,1.8611292599190008,1.5241568424709968,2.6474886594988694,-0.12301469278897104,-0.10629070572186106,1.0,0.9323638919355726
2020-06-12,1.860757034067017,1.5452001925579186,2.679193915149406,-0.12319008985041324,-0.09558800391776245,0.0,1.0089042713852794
2020-06-15,1.869363471273476,1.5526561454846708,2.7042068845685456,-0.11913463860366458,-0.08714440844959104,1.0,0.948488849504325
2020-06-16,1.876920251350375,1.5589326568249082,2.756256338599787,-0.11557379775290388,-0.06957414212836421,1.0,0.9442766871213182
2020-06-17,1.877619772855438,1.5595136654839652,2.7448067543723593,-0.11524417525153874,-0.0734391633449647,1.0,0.9405028133392934
2020-06-18,1.8838968309222814,1.5647272651572322,2.745863801422312,-0.1122863539891017,-0.07308233735077485,1.0,0.9370100463658708
2020-06-19,1.8777698559616376,1.5596383215290601,2.7301722516208784,-0.11517345438231585,-0.0783793133543752,1.0,0.9373933002885447
2020-06-22,1.8962097966546525,1.5749541697733174,2.7476850530366645,-0.10648434428024767,-0.0724675398183563,1.0,0.9574700029390224
2020-06-23,1.9035451736956843,1.581046788152367,2.7603353207684203,-0.10302783106196756,-0.06819720543697438,1.0,0.9413333333333334
2020-06-24,1.8771355518609532,1.5591114811498785,2.6899232651556098,-0.11547234569985299,-0.09196611122798515,1.0,0.9488807833306275
2020-06-25,1.8917737966426107,1.571269716329186,2.7187601887529613,-0.10857463801595413,-0.0822316685345762,1.0,0.9562023335297991
2020-06-26,1.8680553002509817,1.551569604633395,2.6541856359002054,-0.11975106369070909,-0.10403001613138396,1.0,0.9451451996416042
2020-06-29,1.8860828801323577,1.5665429541832105,2.6931967106372574,-0.11125626270024591,-0.09086109850554536,1.0,0.97011175251778
2020-06-30,1.9055991277297035,1.5827527615505155,2.727694669350717,-0.10205998452475284,-0.07921566757037435,1.0,0.9371866748157871
2020-07-01,1.9162517459344979,1.5916006145097414,2.7468009560032045,-0.09704034948374551,-0.07276598330101758,1.0,0.9357318441468621
2020-07-02,1.9227346647525667,1.5969851980314766,2.7619285128694995,-0.09398552429039186,-0.0676593936570461,1.0,0.9034090822064845
2020-07-06,1.9229808487559674,1.5971896735717737,2.8045647958336075,-0.09386951958373202,-0.05326671921752324,1.0,0.8966634028989351
2020-07-07,1.9116035975814616,1.5877399548700462,2.7756381727361767,-0.099230609934289,-0.0630314416541995,1.0,0.9018721889233159
2020-07-08,1.9202390135640124,1.594912359755539,2.796868226964068,-0.09516150355815167,-0.05586483993395386,1.0,0.9176800835688723
2020-07-09,1.913849304744809,1.589605194606305,2.7809465657000128,-0.09817240713829412,-0.061239494363910074,1.0,0.9002885386083375
2020-07-10,1.923539808431816,1.5976539343691631,2.809341440780634,-0.09360613141741847,-0.05165427341183182,1.0,0.912663716364539
2020-07-13,1.8867439062628555,1.5670919893492525,2.785015581257526,-0.11094477965787286,-0.05986592208843888,1.0,0.8797549837936856
2020-07-14,1.9091091241438465,1.5856680948106308,2.821106732072066,-0.1004060342323907,-0.047682679373339365,1.0,0.9319629168141998
2020-07-15,1.9191573196706,1.594013926306427,2.8470240248825265,-0.09567121004219448,-0.038933812637260146,1.0,0.9066338683945901
2020-07-16,1.926059980523985,1.599747139220288,2.8376483751749033,-0.09241859762056026,-0.042098738482564735,1.0,0.8795944382051366
2020-07-17,1.9397727184690379,1.6111366668156373,2.845874640111904,-0.08595699930042533,-0.039321808955401605,1.0,0.8874802116352984
2020-07-20,1.9576506822434139,1.625985748200611,2.8688731815423374,-0.07753269912384275,-0.03155822131642394,1.0,0.84557126408852
2020-07-21,1.9541646103373802,1.6230902861614296,2.8749771445820396,-0.07917537591546209,-0.02949771447310301,1.0,0.8405498171599894
2020-07-22,1.9583262673601356,1.6265468757712496,2.8913414406340667,-0.07721435572132096,-0.02397364039499761,1.0,0.8428910953093784
2020-07-23,1.9462890947152167,1.6165490394121915,2.8568428956493643,-0.08288640858583607,-0.03561926923698744,1.0,0.837177302537542
2020-07-24,1.9446602063036562,1.6151961170718427,2.8384442383863906,-0.0836539593598683,-0.04183007997612387,1.0,0.8621487603305784
2020-07-27,1.9554674579437563,1.6241724054890812,2.859143424004336,-0.07856145928273095,-0.034842682880248166,1.0,0.8455497529964753
2020-07-28,1.9577003128526358,1.6260269703982189,2.8410097613429035,-0.07750931261544003,-0.04096403973731377,1.0,0.8246666666666667
2020-07-29,1.9656832341202486,1.6326574261418714,2.875950647979957,-0.07374766918148346,-0.029169090200584002,1.0,0.8451827135411423
2020-07-30,1.9563784428468245,1.6249290514436687,2.8656891424251465,-0.07813219281946726,-0.032633053249006116,1.0,0.8228063928541567
2020-07-31,1.964335573483971,1.6315380860022466,2.8883341622964442,-0.07438270222436494,-0.024988803421729155,1.0,0.8319892409130637
2020-08-03,1.966634012287423,1.6334471235907309,2.908414245482471,-0.07329965167889185,-0.0182103959264438,1.0,0.8232918463058296
2020-08-04,1.9783910971560235,1.643212324609547,2.9196486681639566,-0.06775957936502985,-0.01441800651232128,1.0,0.8186109280145015
2020-08-05,1.9862146568023777,1.6497104177579076,2.9377823308253888,-0.0640730289422825,-0.008296649655255894,1.0,0.8167755199508404
2020-08-06,1.9906471162873745,1.6533919305106435,2.957420072359064,-0.06198440354324952,-0.0016675628547104804,1.0,0.8038461431243716
2020-08-07,1.993324941051449,1.6556160785376932,2.959542667391984,-0.06072258201158365,-0.0009510412174590366,1.0,0.8031914676316858
2020-08-10,2.005179049923222,1.6654618657651843,2.968389500439009,-0.055136790882236,0.0,1.0,0.7853606598562812
2020-08-11,1.9862941183088745,1.6497764169059,2.94388600072947,-0.06403558577528323,-0.008254812822210633,1.0,0.788948328054182
2020-08-12,2.007803043188295,1.6676413024190688,2.9849308504062253,-0.05390033536608885,0.0,1.0,0.8237915645234725
2020-08-13,2.007756831529713,1.6676029199339113,2.9795336373491734,-0.053922110826005065,-0.0018081534640299601,1.0,0.7923186107773741
2020-08-14,2.007325693110799,1.667244824932073,2.979622164306768,-0.05412526816005203,-0.0017784955047567275,1.0,0.7855875023097064
2020-08-17,2.0226207977952613,1.679948634891505,2.989087806650091,-0.0469180406077262,0.0,1.0,0.7772294447558369
2020-08-18,2.0263914752680456,1.68308048465787,2.9955455843845504,-0.045141254431140365,0.0,1.0,0.7777777561603886
2020-08-19,2.018400791493268,1.676443581530047,2.983072663703605,-0.048906555646894945,-0.004163822692589081,1.0,0.7864716526502696
2020-08-20,2.022721977748169,1.68003267294943,2.992360958996118,-0.0468703634613854,-0.0010631203227329244,1.0,0.8018498580786085
2020-08-21,2.0208609356359166,1.6784869283593604,3.0029756929744424,-0.04774730770362312,0.0,1.0,0.80767865900572
2020-08-24,2.0222150404279486,1.6796116208866765,3.033405808672874,-0.04710923810114542,0.0,1.0,0.8001419928631172
2020-08-25,2.0249809122636915,1.681908899061511,3.0440208357868195,-0.045805927786374045,0.0,1.0,0.7960853984454634
2020-08-26,2.0155943538494268,1.6741126102012551,3.0745391853072244,-0.05022898103252338,0.0,1.0,0.7893228276761414
2020-08-27,2.0027071203336138,1.663408730177863,3.081261664507603,-0.05630159226236209,0.0,1.0,0.8108013721744823
2020-08-28,2.004748641177375,1.6651043768152938,3.1011646937784407,-0.055339604386022145,0.0,1.0,0.8175743317907155
2020-08-31,1.9855595564111073,1.649166304393094,3.0899311505038183,-0.06438171970883222,-0.0036223626875280246,1.0,0.7751519024127831
2020-09-01,1.9782754206164208,1.6431162459748345,3.119033361838332,-0.06781408746815054,0.0,1.0,0.8291993621251349
2020-09-02,1.9676053518890497,1.634253898958387,3.164146640801359,-0.0728419453941731,0.0,1.0,0.8137072037887433
2020-09-03,1.9154165567845927,1.5909069230012853,3.0552546721970635,-0.09743390012473685,-0.034414324292099674,1.0,0.8132844043210352
2020-09-04,1.9472947182269615,1.6173842903141966,3.030309123970794,-0.08241254733214509,-0.042298139758993325,1.0,0.8929045720508909
2020-09-08,1.9583457409293532,1.6265630501308042,2.947513260905875,-0.07720517955368411,-0.06846502532531784,1.0,0.8848920863309353
2020-09-09,1.97806364958426,1.642940353164489,3.0057182698461453,-0.06791387639076729,-0.05006985735499603,1.0,0.916933801829876
2020-09-10,1.9735153961932754,1.6391626642948531,2.9535278175811195,-0.0700570651972986,-0.0665641789493353,1.0,0.8969489712965398
2020-09-11,1.9975776701409182,1.6591483107960614,2.955031896453362,-0.058718647622214126,-0.06608882839103691,1.0,0.902490937196545
2020-09-14,2.0038384633479924,1.6643484012000693,2.9939529785547134,-0.05576849054697175,-0.05378817152530646,1.0,0.8631545366009674
2020-09-15,2.003987300580229,1.6644720224470126,3.0090799491497666,-0.05569835674775181,-0.04900742893898247,1.0,0.8480971255980333
2020-09-16,2.0062802415924312,1.6663764936793535,2.997137897078767,-0.05461789682414053,-0.05278160675900123,1.0,0.8453914639250247
2020-09-17,2.0150658620137962,1.6736736553863998,2.97077679693785,-0.05047801240547012,-0.061112794637904644,1.0,0.8518155139009965
2020-09-18,2.0148174200270064,1.6734673044099775,2.9365751983373967,-0.050595081099623296,-0.0719219013207072,1.0,0.8604878048780488
2020-09-21,2.0014439868497638,1.662359596611061,2.9038935079327297,-0.05689679514817936,-0.08225065473031212,1.0,0.8479973990927382
2020-09-22,1.998679508973429,1.6600634762312059,2.933467960752955,-0.05819944861339921,-0.07290391572685839,1.0,0.8780025453821184
2020-09-23,1.9772554699490918,1.6422690952221557,2.8654367526553175,-0.06829469984075198,-0.09440456529233099,1.0,0.8481212483515467
2020-09-24,1.984246992839229,1.6480761151776024,2.873074694400622,-0.06500021461518157,-0.09199066271056888,1.0,0.8587740699611836
2020-09-25,1.9948941868335632,1.656919462895427,2.919523206118095,-0.059983135523929754,-0.07731102962450265,1.0,0.8623714100336688
2020-09-28,1.996181837997049,1.6579889603596438,2.9680154593863923,-0.059376379628189646,-0.061985490459220416,1.0,0.8236029036957426
2020-09-29,2.0039770174220877,1.664463481460239,2.95185225437049,-0.055703202289002496,-0.06709372558570892,1.0,0.8251417828878377
2020-09-30,2.0045184156024725,1.6649131560285326,2.9742325727758674,-0.05544808929939271,-0.06002062786110118,1.0,0.8449662229356187
2020-10-01,2.002505512751374,1.6632412789270223,2.993326547732265,-0.0563965920516053,-0.053986149335301326,1.0,0.8334387012860498
2020-10-02,1.991119972065615,1.6537846751220027,2.964906462988223,-0.0617615885142897,-0.06296806072258276,1.0,0.8417402452073505
2020-10-05,2.0027670075258848,1.6634584712895006,3.0174841474088194,-0.05627337273519495,-0.04635135789894862,1.0,0.8530410781307488
2020-10-06,1.9976271604156448,1.659189416434626,2.9745884394199726,-0.05869532724102422,-0.059908159418736284,1.0,0.8938618729614374
2020-10-07,2.0100934790194622,1.6695436928978336,3.0263652773235226,-0.05282105591231745,-0.04354455691185721,1.0,0.9247177156855079
2020-10-08,2.025844566039131,1.6826262327222006,3.053185427847198,-0.045398964289593224,-0.035068290300875216,1.0,0.9140064919435956
2020-10-09,2.047196397108471,1.7003606392389692,3.080452317057543,-0.03533773827314868,-0.026450835958291563,1.0,0.8938623331498423
2020-10-12,2.0547596814257125,1.7066425528719626,3.130008652630701,-0.03177383255024957,-0.01078900318033682,1.0,0.8840169516617302
2020-10-13,2.0503525799629823,1.7029821019885285,3.109581496869205,-0.03385050896033992,-0.017244821472096827,1.0,0.8959971554737294
2020-10-14,2.0536962643563026,1.7057592997896138,3.090042835175486,-0.03227492678663291,-0.023419839229418704,1.0,0.9195767072031508
2020-10-15,2.050445327202261,1.7030591360021143,3.086224157438455,-0.033806805404717144,-0.024626697877431325,1.0,0.9348442002113617
2020-10-16,2.047677722478894,1.7007604185252603,3.084359228616547,-0.03511093227587636,-0.02521609180685913,1.0,0.9390668748191522
2020-10-19,2.0294123537016664,1.6855895662446247,3.0374672027042373,-0.04371778210269417,-0.040035893552973545,1.0,0.9383772974703894
2020-10-20,2.029578542954415,1.6857275997349324,3.0496340897966774,-0.04363947183375383,-0.03619065865281135,1.0,0.959868433097393
2020-10-21,2.039332009035298,1.6938286348107612,3.0438607837376592,-0.039043527515685406,-0.03801525994801436,1.0,0.9747591964481634
2020-10-22,2.048498598770027,1.7014422220576904,3.06055808185534,-0.03472412601697472,-0.03273822951510996,1.0,0.9675785008252937
2020-10-23,2.0479994565105777,1.7010276444174859,3.070948860219088,-0.03495932753530673,-0.029454317755218784,1.0,0.9593856905103479
2020-10-26,2.0120666419567157,1.6711825628167378,3.0141969245529765,-0.051891279060182094,-0.04739025502636185,1.0,0.9503277067096499
2020-10-27,2.0116642286283244,1.6696199506469798,3.003806732460471,-0.05208090080437,-0.05067398150051616,0.0,1.0121609076671967
2020-10-28,2.0116642286283244,1.6214118081406608,2.901139498771801,-0.05208090080437,-0.08312103447991537,0.0,1.0192542407027252
2020-10-29,2.0116642286283244,1.6486150583576153,2.930624838363189,-0.05208090080437,-0.07380245890848725,0.0,1.067019867549669
2020-10-30,2.0116642286283244,1.633816864566612,2.9000745370600765,-0.05208090080437,-0.08345760602119356,0.0,1.048828120534641
2020-11-02,2.0116642286283244,1.6408382376612547,2.9325797598207965,-0.05208090080437,-0.07318462361842859,0.0,1.0482492285676754
2020-11-03,2.0116642286283244,1.6580679743102071,2.984356597724346,-0.05208090080437,-0.05682102111154974,0.0,1.0590416014155073
2020-11-04,2.0116642286283244,1.6871386320418331,3.0510549181525057,-0.05208090080437,-0.035741618669168806,0.0,1.0605608447050647
2020-11-05,2.018871965344416,1.6935210303404904,3.110558517894576,-0.048684533161139965,-0.01693604279137062,1.0,0.9863242312042496
2020-11-06,2.04501023952025,1.7154469958169734,3.1098479571488507,-0.03636788063102092,-0.017160609104626356,1.0,0.9493976152954525
2020-11-09,2.0541760576827963,1.7231356982631936,3.14892586680753,-0.03204884270591135,-0.0048103883042457385,1.0,0.9082937244329401
2020-11-10,2.0673334842373303,1.7341727421955275,3.144308101367179,-0.025848913438485388,-0.0062697914118025055,1.0,0.957961339432781
2020-11-11,2.0755763949468817,1.7410872681671943,3.1676648545266866,-0.02196476001797354,0.0,1.0,0.9362023485949307
2020-11-12,2.0475904616717777,1.7176114027489489,3.1369363267659005,-0.035152050562168524,-0.009700687784843787,1.0,0.915300516465622
2020-11-13,2.0728159734265,1.7387717018620408,3.1803652484496627,-0.023265502082062794,0.0,1.0,0.9313005378204751
2020-11-16,2.0833580174483846,1.7476148447459388,3.220064605625231,-0.018297970855582046,0.0,1.0,0.8991825426152088
2020-11-17,2.0898637685226302,1.7530721627193029,3.202745859990662,-0.01523238684303796,-0.005378384521948609,1.0,0.8856015645826356
2020-11-18,2.0741924445744293,1.7399263480588725,3.1642014571625188,-0.02261689319791338,-0.017348455793440687,1.0,0.8947990839615948
2020-11-19,2.0818665230036193,1.746363711810218,3.1775238848736254,-0.01900078002741945,-0.013211138893701069,1.0,0.9033725104727103
2020-11-20,2.0831798454461143,1.747465386019461,3.155763841442652,-0.01838192753259127,-0.01996878077236408,1.0,0.8957364605966157
2020-11-23,2.088326416457379,1.7517825623393724,3.1746810556194824,-0.01595680464800775,-0.014093987408347886,1.0,0.9094397730503928
2020-11-24,2.094661942576216,1.7570970879282652,3.2258373254130075,-0.012971432573467667,0.0,1.0,0.8910735245012167
2020-11-25,2.109880576791853,1.7698631659855448,3.2208642795997937,-0.0058002387771198816,-0.0015416294473488135,1.0,0.8711755179979536
2020-11-27,2.1071654278392145,1.7675855763559243,3.2298336433364696,-0.00707964789159321,0.0,1.0,0.8701883674696927
2020-11-30,2.1153298206956506,1.774434238004449,3.215535074006854,-0.0032324929778583256,-0.0044270296580491975,1.0,0.8530495186111317
2020-12-01,2.111969427484888,1.7716153883347678,3.2507046064284237,-0.004815948536672443,0.0,1.0,0.8454582846076181
2020-12-02,2.113705804323599,1.7730719396879149,3.2575428741991663,-0.0039977479913770875,0.0,1.0,0.8481012737490803
2020-12-03,2.110359540634106,1.7702649424991386,3.256654966402631,-0.005574545558821087,-0.0002725697959550244,1.0,0.8626731544498427
2020-12-04,2.1165320936971104,1.7754427589246133,3.2847194776381894,-0.0026659682445989707,0.0,1.0,0.8664495302416113
2020-12-07,2.1140646931765485,1.7733729918747094,3.277969150553799,-0.003828635475800146,-0.002055069582150182,1.0,0.8559077487193516
2020-12-08,2.1286917168533797,1.7856428002792142,3.28756172062109,0.0,0.0,1.0,0.8686786134726953
2020-12-09,2.1132961803307384,1.7727283285732187,3.2580757947584598,-0.007232393681410487,-0.00896893453822667,1.0,0.8663594165447106
2020-12-10,2.1096457985563277,1.7696662233927738,3.2570099536398716,-0.008947241230968572,-0.009293138677696544,1.0,0.9005256939841467
2020-12-11,2.0935550276082973,1.7561685576355335,3.253190982767219,-0.01650623665554596,-0.01045478101240871,1.0,0.8990020233885873
2020-12-14,2.0835659786195335,1.7477892919733415,3.238626246293578,-0.02119881327886719,-0.014885035928167256,1.0,0.8948176845563038
2020-12-15,2.1030750433953203,1.764154377054125,3.282411034621445,-0.012033998749206298,-0.0015667191789396906,1.0,0.9118406286778549
2020-12-16,2.117613634252016,1.7763500040131286,3.28756172062109,-0.005204174241697612,0.0,1.0,0.884808629974451
2020-12-17,2.1221294637991694,1.7801380858919276,3.3059460142386263,-0.0030827634655855585,0.0,1.0,0.8833922499637739
2020-12-18,2.1118818302372224,1.7715419078052108,3.2927452378103066,-0.00789681590954161,-0.00399304053105054,1.0,0.8719682040806948
2020-12-21,2.0811980601282287,1.7458029749448256,3.280972324992724,-0.022311195345541046,-0.007554173340502568,1.0,0.8569725838147867
2020-12-22,2.089134390248631,1.7524603272650026,3.275442028363659,-0.018582928796858522,-0.0092270066551563,1.0,0.912255259956474
2020-12-23,2.1051479927867285,1.7658932606730187,3.278385696271486,-0.011060184939063578,-0.008336590448978498,1.0,0.8891743119266056
2020-12-24,2.1166165261162453,1.7755135846529915,3.291140027148758,-0.005672587834834042,-0.004478593124660701,1.0,0.887661835370538
2020-12-28,2.1196207961300684,1.7780337020931098,3.319413250946592,-0.004261265570535411,0.0,1.0,0.8486400980604213
2020-12-29,2.102903394104597,1.764010389872831,3.3130812283936164,-0.012114634798740531,-0.0019075728372084377,1.0,0.8628230747173313
2020-12-30,2.1187287525085736,1.7772854155950482,3.317808040285044,-0.004680322785082902,-0.0004835826515695585,1.0,0.8795731784038995
2020-12-31,2.1189876473612292,1.7775025882960147,3.334665390451886,-0.004558701203805526,0.0,1.0,0.8950471510217473
2021-01-04,2.0784844691839433,1.7435266922430128,3.2892677699363206,-0.023585964689923467,-0.013613845828595594,1.0,0.8999208616326496
2021-01-05,2.0941615665310778,1.7566773498913486,3.311920997605011,-0.016221301585813586,-0.006820592228533373,1.0,0.9543524338841494
2021-01-06,2.0967133430958538,1.7588178953797995,3.331721429408437,-0.015022548123969859,-0.0008828355168343238,1.0,0.929908256880734
2021-01-07,2.1222784160534833,1.7802630337734808,3.381222948620436,-0.0030127898507429363,0.0,1.0,0.9357969071762726
2021-01-08,2.126308666622469,1.783643790063766,3.4004884079152204,-0.001119490535920864,0.0,1.0,0.894084715856135
2021-01-11,2.100165747709791,1.7617139283721388,3.3775657886106716,-0.013400704722878132,-0.006740978516848517,1.0,0.8658634670803493
2021-01-12,2.1142985182801035,1.773569134937315,3.3782795738482303,-0.006761523267705516,-0.006531071835238489,1.0,0.9018726334054601
2021-01-13,2.1210220910315463,1.7792091715761171,3.387377037851359,-0.0036029763075183796,-0.0038557314394433995,1.0,0.8904579893371934
2021-01-14,2.115624871810713,1.774681740212098,3.3755141323980764,-0.006138439370629967,-0.007344320145015626,1.0,0.869275955507042
2021-01-15,2.105039396963452,1.765802165589386,3.3508983617456276,-0.011111200228133722,-0.014583212827358416,1.0,0.8833586728563706
2021-01-19,2.116696449021321,1.775580627597207,3.377209628830946,-0.005635042283055336,-0.006845716347713138,1.0,0.8928833380643882
2021-01-20,2.1253399715718504,1.7828312048833435,3.4239457065927916,-0.0015745564540852186,0.0,1.0,0.8707380867356946
2021-01-21,2.1287917094119915,1.785726678555694,3.4270661352801866,0.0,0.0,1.0,0.8390357922286219
2021-01-22,2.122620614946457,1.780550085667686,3.414937062682878,-0.002898871899139066,-0.0035392000383198674,1.0,0.8295719598088258
2021-01-25,2.10546887207641,1.7661624287206235,3.4284051787977083,-0.010955903873763106,0.0,1.0,0.8430165522489872
2021-01-26,2.112349386290153,1.7719341149496424,3.4230534017619383,-0.007723782016409886,-0.0015610106614197816,1.0,0.8627232412212112
2021-01-27,2.02450116418966,1.6982430566958187,3.339391909207693,-0.048990488247973474,-0.0259634625861902,1.0,0.8560803466905904
2021-01-28,2.0240962639568223,1.7051602760924682,3.368111871692196,-0.04918069015032378,-0.01758640066185413,0.0,1.0414217877616867
2021-01-29,1.9971895607146661,1.6828342826973044,3.3006833504316924,-0.061820115192799285,-0.03725400636887566,1.0,0.9508970590089352
2021-02-01,2.0204349338650185,1.7024208615684187,3.3556248805014346,-0.05090060012348652,-0.0212286163684412,1.0,0.976682377709288
2021-02-02,2.0540833761157593,1.7307730787503695,3.4030738640939746,-0.03509424288244145,-0.007388658394401615,1.0,0.9296034778595103
2021-02-03,2.0760216551166337,1.7492582985473524,3.40574989917967,-0.02478873534787196,-0.006608110312674054,1.0,0.870572188986543
2021-02-04,2.0941694625248854,1.764549662503544,3.444458751091292,-0.016263802012207784,0.0,1.0,0.83097570742088
2021-02-05,2.095049046258418,1.7652908007962764,3.4580151010280957,-0.015850617514333476,0.0,1.0,0.8126166202324473
2021-02-08,2.09841513066092,1.7681270674894372,3.4829899628164824,-0.014269399216827128,0.0,1.0,0.7869532292519382
2021-02-09,2.0961659141508586,1.7662318750015567,3.480670087510513,-0.015325968772278209,-0.0006660585677064068,1.0,0.796998135235672
2021-02-10,2.0901830369849193,1.7611906956352843,3.479153696942181,-0.0181364255865768,-0.0011014289203403749,1.0,0.7978605500931231
2021-02-11,2.0996305116315352,1.769151148930739,3.484773399935704,-0.013698473951926027,0.0,1.0,0.7999272529315684
2021-02-12,2.113121102330001,1.7805183365867228,3.5019872030178933,-0.007361268372432228,0.0,1.0,0.7806759932420155
2021-02-16,2.1124148942242758,1.779923284802751,3.4989550081524716,-0.007693009661447481,-0.0008658497846047997,1.0,0.7535849056603773
2021-02-17,2.118248755166879,1.7848389029232408,3.499757320347624,-0.004952553224676248,-0.0006367478066017229,1.0,0.7789473899923665
2021-02-18,2.114533702971313,1.7817085955554859,3.48486222002892,-0.006697699158466186,-0.004890075833005714,1.0,0.7812499870048015
2021-02-19,2.130932572783212,1.7955263026273567,3.4787084239336186,0.0,-0.0066473055824458616,1.0,0.8072505207212269
2021-02-22,2.1129015398263924,1.7803333329618616,3.4519507112972527,-0.008461568980227874,-0.014288028145140297,1.0,0.813953483787396
2021-02-23,2.130246842647993,1.7949485056055192,3.4561437232225227,-0.0003217981385134072,-0.013090704545083542,1.0,0.8432218788324009
2021-02-24,2.146417481264965,1.8085739048029852,3.4942264374473173,0.0,-0.0022161033495177174,1.0,0.8521386166982601
2021-02-25,2.0796866557012184,1.7523464323685796,3.4100311449269145,-0.031089397168168498,-0.026258250747385414,1.0,0.8242564891110945
2021-02-26,2.0993483712720016,1.7689134171305656,3.392461182064999,-0.021929149573093998,-0.0312753915429812,1.0,0.9553571500880919
2021-03-01,2.1314345323882327,1.7959492543834006,3.4746942247372647,-0.006980444861035218,-0.007793568822041519,1.0,0.9442567445876566
2021-03-02,2.124300669014249,1.7899382526788241,3.4475812317280363,-0.010304058946482897,-0.015535742461586288,1.0,0.8719193204369126
2021-03-03,2.1054999256922247,1.7740967241505186,3.4019150989834754,-0.019063185950491723,-0.028575805173753688,1.0,0.8873343201545093
2021-03-04,2.0879797349023166,1.7593341906982085,3.359816719884221,-0.027225713018423914,-0.04059708813646001,1.0,0.9263632911389051
2021-03-05,2.1167390266701664,1.7835668039088013,3.421625831286823,-0.013826972084343914,-0.022947363046277758,1.0,0.9498005343239372
2021-03-08,2.106434891910056,1.7748845277899328,3.4045911340691712,-0.018627592117515412,-0.027811657582526128,1.0,0.8841879003107016
2021-03-09,2.126596331153359,1.791872580308597,3.4532000553146958,-0.00923452696626581,-0.013931275265984588,1.0,0.905439060073754
2021-03-10,2.1314655877462942,1.7959754216647819,3.4746942247372647,-0.006965976399828211,-0.007793568822041519,1.0,0.8808650804676668
2021-03-11,2.142460889180725,1.8052400756397555,3.5099247293680382,-0.0018433469344967257,0.0,1.0,0.8455772017222757
2021-03-12,2.149764131784681,1.8113937964835574,3.5146518343950865,0.0,0.0,1.0,0.8397853534633547
2021-03-15,2.17411345182302,1.8319105623063383,3.5356116175802557,0.0,0.0,1.0,0.8038073109548133
2021-03-16,2.174062032245378,1.8318672361094868,3.531152145375339,-2.365082539679264e-05,-0.0012613014910186626,1.0,0.8047408795168683
2021-03-17,2.1937328078340994,1.8484418548532882,3.5431929841506737,0.0,0.0,1.0,0.8008903574762049
2021-03-18,2.168518500637513,1.8271962498293495,3.491640394997322,-0.011493791361711359,-0.014549754807021698,1.0,0.8052764102100025
2021-03-19,2.1823893679784248,1.8388838590333954,3.485180565313515,-0.005170839317881315,-0.016372921005618046,1.0,0.8536392173201133
2021-03-22,2.2150138082541804,1.866373250941796,3.513009102374028,0.0,-0.008518836516007822,1.0,0.838335341811914
2021-03-23,2.192215893610602,1.8471637011369733,3.4853593780424306,-0.010292448091575146,-0.01632245445476521,1.0,0.8230165457917064
2021-03-24,2.189594476117308,1.8449548916610217,3.467641088556201,-0.011475924909428614,-0.021323110519926414,1.0,0.8529412038127099
2021-03-25,2.2031184182576338,1.8563501812813075,3.4871492641453172,-0.005370345752346517,-0.015817292553933715,1.0,0.8688524726000375
2021-03-26,2.2202472025055826,1.8707829151190807,3.5433436558599567,0.0,0.0,1.0,0.8476679199233534
2021-03-29,2.2076910051631438,1.8602030484084777,3.541554356028312,-0.005655315015494211,-0.0005049749630369194,1.0,0.8449820904062755
2021-03-30,2.2281923661566503,1.877477519395338,3.532158479962828,0.0,-0.003156672618708778,1.0,0.893965487843037
2021-03-31,2.2309779054721135,1.87982461811249,3.5464758099721987,0.0,0.0,1.0,0.8789780577958282
2021-04-01,2.244747762442512,1.89142711585904,3.584774272014177,0.0,0.0,1.0,0.8758465162125928
2021-04-05,2.258058071694698,1.9026423981554619,3.6362271950563296,0.0,0.0,1.0,0.8264187204318885
2021-04-06,2.2538895273952226,1.899129977805343,3.6340793903599895,-0.0018460748869698618,-0.0005906684541769902,1.0,0.8544847701480998
2021-04-07,2.2675412773292822,1.9106329584235802,3.6382855933882126,0.0,0.0,1.0,0.8563327093887525
2021-04-08,2.2743346151737773,1.916357032914822,3.655555385374046,0.0,0.0,1.0,0.8305905192031973
2021-04-09,2.2753535860071183,1.9172156189424807,3.68213281960339,0.0,0.0,1.0,0.8232151468862232
2021-04-12,2.2822924750835103,1.9230623350736264,3.6834745013415024,0.0,0.0,1.0,0.8047251776367877
2021-04-13,2.2860744490152998,1.9262490307753632,3.6943914581452573,0.0,0.0,1.0,0.8121998197821189
2021-04-14,2.2754779399271574,1.9173203997023776,3.681774021603073,-0.00463524234423196,-0.003415294964036808,1.0,0.8012511766036804
2021-04-15,2.2905039795045736,1.9299813583972518,3.721325638425569,0.0,0.0,1.0,0.8067426605340485
2021-04-16,2.297739198298434,1.9360777622983254,3.7337639691032156,0.0,0.0,1.0,0.7981695480401488
2021-04-19,2.281641568880484,1.9225138807381847,3.715419541930159,-0.007005855768953628,-0.004913119127201382,1.0,0.791524571675753
2021-04-20,2.2711417593054164,1.9136667287891254,3.6882168494208516,-0.01157548211420778,-0.012198714235625241,1.0,0.8090781151611897
2021-04-21,2.294573014726885,1.9334099322814238,3.723115524528456,-0.001377956024728122,-0.002851932972430804,1.0,0.835794169179858
2021-04-22,2.2625957891391257,1.9064658842335407,3.6891117924722954,-0.015294777225079992,-0.011959024994728007,1.0,0.8143322562301472
2021-04-23,2.2829914614004823,1.9236513017698647,3.7291110273883237,-0.006418368502775773,-0.001246179928189095,1.0,0.8308170346217648
2021-04-26,2.2862624717121496,1.9264074589217979,3.7368952438085943,-0.004994790790348813,0.0,1.0,0.8034307021412884
2021-04-27,2.296270210526188,1.9348399914664391,3.7360900002572297,-0.0006393187587756533,-0.00021548464669940426,1.0,0.81894146937032
2021-04-28,2.2979380259960926,1.936245294751203,3.7350159513412486,0.0,-0.0005029021004694378,1.0,0.8236397866489171
2021-04-29,2.3007668881691794,1.9386288973593564,3.758818563780561,0.0,0.0,1.0,0.81779463730812
2021-04-30,2.2820743647916695,1.9228785550841152,3.734121301425426,-0.00812447513636827,-0.006570485362904832,1.0,0.8263726157358324
2021-05-03,2.2991919687476416,1.937301868394664,3.742174909481555,-0.0006845193355468071,-0.004427895099641699,1.0,0.843226110436438
2021-05-04,2.2816985677133186,1.9225619080220504,3.7190893067716333,-0.008287810709512788,-0.010569612854356203,1.0,0.8422263198146415
2021-05-05,2.2921799108535468,1.9313935001313032,3.72025217578083,-0.0037322239640129595,-0.010260241973728546,1.0,0.8592853963141477
2021-05-06,2.294976793810747,1.9337501570143805,3.7499608847155526,-0.0025165932229839205,-0.002356506150725135,1.0,0.8602875023852568
2021-05-07,2.3224981450849747,1.9569396801029413,3.777251811046834,0.0,0.0,1.0,0.8404936337006549
2021-05-10,2.301980688053942,1.9396516465758507,3.7398491714631623,-0.008834218909691272,-0.009902077344773552,1.0,0.8027897674374227
2021-05-11,2.2660156437640824,1.9093474577796476,3.70647187022945,-0.02431971859285409,-0.018738475579092473,1.0,0.8776785863753487
2021-05-12,2.1880078922082884,1.8436180341853998,3.627726848313532,-0.0579075824716172,-0.03958564856491853,1.0,0.9013619650272704
2021-05-13,2.2290563696681356,1.8782055297745714,3.6713046828928504,-0.04023330464852548,-0.028048733167360895,1.0,0.9790631547627267
2021-05-14,2.2811842911136173,1.92212857795174,3.727678473607648,-0.017788541213171083,-0.01312418126167958,1.0,0.9156769513229682
2021-05-17,2.271890715283331,1.9142977999806916,3.718193191177706,-0.021790084056145465,-0.015635340936605457,1.0,0.8450134684003489
2021-05-18,2.259435080073704,1.9038026670419677,3.6861587442245907,-0.027153117493216916,-0.024116228247170413,1.0,0.8522039982776163
2021-05-19,2.2397343621594827,1.8872028188593357,3.6764943559301115,-0.035635672347313685,-0.02667480489970253,1.0,0.8810900332368502
2021-05-20,2.263474071412564,1.9072059259144596,3.7160462658882287,-0.02541404556008864,-0.016203723823655425,1.0,0.8777206014329796
2021-05-21,2.2694932041910816,1.9122776543027116,3.713002931869202,-0.02282238244455248,-0.01700942441531994,1.0,0.8681226570192154
2021-05-24,2.290199574262372,1.9297248661806448,3.7508552414957537,-0.01390682308657809,-0.0069883001905992614,1.0,0.8578118431816751
2021-05-25,2.2901454091521174,1.9296792265947709,3.7425340006174928,-0.013930145004130257,-0.00919128831384941,1.0,0.8277103184388535
2021-05-26,2.311600493415647,1.9477573059353754,3.749960884715552,-0.004692211140142399,-0.007225074656518116,1.0,0.8410714428947899
2021-05-27,2.3340134591026493,1.9666424972947323,3.7519289972761127,0.0,-0.006704031141546607,1.0,0.8150235033715298
2021-05-28,2.327271908898097,1.9609620591300714,3.758639751051645,-0.002888393885759455,-0.004927407789111826,1.0,0.8242245416141504
2021-06-01,2.3155501021404943,1.951085250911733,3.755329077346108,-0.007910561479475664,-0.00580388462230963,1.0,0.8183593932917579
2021-06-02,2.3267926822679748,1.960558262205526,3.7612351738415173,-0.003093716879186581,-0.0042402884442267474,1.0,0.8388003688851555
2021-06-03,2.3181947758133714,1.9533136560720683,3.747274883018736,-0.006777460184552497,-0.007936174109554606,1.0,0.816059754329579
2021-06-04,2.3426730450248807,1.9739390746204615,3.781548299846377,0.0,0.0,1.0,0.8267644478601506
2021-06-07,2.351001776878655,1.980956873917344,3.7778788281405236,0.0,-0.0009703622471257667,1.0,0.7963142255919742
2021-06-08,2.3451624159497193,1.9760366215018748,3.7786843648275092,-0.0024837756340143624,-0.0007573445561924741,1.0,0.7990267936549424
2021-06-09,2.3380260643006974,1.9700235231738121,3.7730467805610948,-0.0055192270399663235,-0.0022481583233057156,1.0,0.8187050209922695
2021-06-10,2.3662305258486147,1.993788635785791,3.790585377911545,0.0,0.0,1.0,0.840695461594936
2021-06-11,2.378935029562324,2.004493465619988,3.796849686136029,0.0,0.0,1.0,0.8017928317316703
2021-06-14,2.375291649240624,2.0014235490578027,3.8053506191500692,-0.0015315173707665108,0.0,1.0,0.7968432019528765
2021-06-15,2.3643833936025493,1.9922322399736467,3.7983698874674365,-0.006116869850981921,-0.0018344516396210375,1.0,0.8138034010281121
2021-06-16,2.3597755020969537,1.988349625148747,3.777162697817997,-0.008053825441754592,-0.007407443926512158,1.0,0.8230173959784828
2021-06-17,2.3625933036045637,1.990723908027106,3.775910129308721,-0.006869345213167399,-0.0077366037424230205,1.0,0.8537158892097807
2021-06-18,2.3213764289968704,1.9559945208022687,3.7249713661461072,-0.024195112455863588,-0.021122693031086492,1.0,0.8460438697468136
2021-06-21,2.351735197378069,1.9815748548963776,3.7782977189431812,-0.01143361707917645,-0.007109174137790886,1.0,0.9027474803533944
2021-06-22,2.373484960293199,1.9999012308168593,3.7984979877338887,-0.002290970203640885,-0.0018007884429086518,1.0,0.8470643602800805
2021-06-23,2.3828106203617447,2.0077590430049597,3.793919502466775,0.0,-0.0030039588535595296,1.0,0.8300946812817536
2021-06-24,2.3931316770145132,2.0164555775305684,3.8163622587594626,0.0,0.0,1.0,0.8284263638558804
2021-06-25,2.4001785610994815,2.022393290383491,3.829919194967508,0.0,0.0,1.0,0.8291796370828579
2021-06-28,2.3993169661111073,2.021667309428675,3.8376395078223626,-0.00035897120420047557,0.0,1.0,0.8221052631578947
2021-06-29,2.390821273689263,2.014508828959943,3.8397049414091535,-0.003898579698142113,0.0,1.0,0.8286014521922375
2021-06-30,2.395672721387362,2.0185966645203055,3.8429370547682153,-0.0018772935418834846,0.0,1.0,0.8219599891293848
2021-07-01,2.402174971169498,2.0240754678664055,3.8642137175598736,0.0,0.0,1.0,0.8113787705940614
2021-07-02,2.4045432714850397,2.026071000509431,3.8937494764781033,0.0,0.0,1.0,0.795886858240952
2021-07-06,2.392872640339952,2.0162373129226396,3.8866576463950455,-0.004853575015050571,-0.001821337023837577,1.0,0.7808290464106366
2021-07-07,2.3916286325649176,2.0151891105021242,3.900393395332008,-0.005370932215391533,0.0,1.0,0.8114511260747077
2021-07-08,2.3595935764447464,1.9881963343793283,3.868613390098071,-0.018693651960163038,-0.008147897407469462,1.0,0.7937285703632223
2021-07-09,2.3925040320168076,2.0159267231142026,3.90990887073093,-0.005006871621319076,0.0,1.0,0.8644222200045991
2021-07-12,2.395029263438445,2.0180544860925727,3.923914597574993,-0.00395667990650006,0.0,1.0,0.7915851065189796
2021-07-13,2.388763068352181,2.012774582712014,3.91053823290959,-0.006562661325330454,-0.0034089336892473288,1.0,0.7903226160098713
2021-07-14,2.399923497799374,2.02217837374557,3.9163730974490547,-0.0019212686835169412,-0.0019219327889039572,1.0,0.8102224647404521
2021-07-15,2.392764427706291,2.016146132829709,3.902996439648031,-0.0048985784196240445,-0.0053309411830445574,1.0,0.79194953129823
2021-07-16,2.3743648019442256,2.000642586431177,3.8723831141863663,-0.012550603642152769,-0.013132672005775392,1.0,0.8065433796553461
2021-07-19,2.3055176756991287,1.942631916543147,3.815194992715948,-0.041182704823919836,-0.027706924336792227,1.0,0.8359764501640129
2021-07-20,2.342230339342466,1.9735660502895875,3.869869476234801,-0.02591466449430513,-0.013773266465481271,1.0,0.9036144716747616
2021-07-21,2.3740442985093946,2.0003725298584483,3.9012009839683417,-0.0126838944165929,-0.005788508654262836,1.0,0.8504310065160617
2021-07-22,2.365447799712841,1.993129109819326,3.909370673730456,-0.016259001131659234,-0.0037064832791022795,1.0,0.8189300097268671
2021-07-23,2.368425060763845,1.9956377534972831,3.9495903466336073,-0.015020819608244529,0.0,1.0,0.8092405995461454
2021-07-26,2.3746727430261108,2.0009020579504764,3.959286100439552,-0.012422537291450375,0.0,1.0,0.7944572888250071
2021-07-27,2.358857779081354,1.9875763506518986,3.9412418441425774,-0.018999654922188358,-0.004557451984834149,1.0,0.8086476626073946
2021-07-28,2.3707459650373366,1.997593350179299,3.939625201191804,-0.014055603344093726,-0.0049657687646177395,1.0,0.8417391304347825
2021-07-29,2.380312350010955,2.0056539974567285,3.9559642875804104,-0.010077140952892805,-0.0008389928827756687,1.0,0.819239359619015
2021-07-30,2.3672092016799073,1.9946132691971314,3.936752472104301,-0.01552647034797372,-0.005691336206481656,1.0,0.808957983496552
2021-08-02,2.349739623095679,1.979893381649104,3.92849366911335,-0.0227917081132476,-0.007777268564346351,1.0,0.8223624774136559
2021-08-03,2.373080674548839,1.999560579171168,3.9604527802118237,-0.013084645765916947,0.0,1.0,0.8442516548422081
2021-08-04,2.373413670992595,1.9998411623679722,3.9409718662354765,-0.012946159406488467,-0.004918860306498907,1.0,0.8133453449858746
2021-08-05,2.3858040758707495,2.0102813321523554,3.9659300192934563,-0.00779324532709158,0.0,1.0,0.8105548009995298
2021-08-06,2.3977936023606716,2.0203837213333444,3.972482772969175,-0.0028070483090950615,0.0,1.0,0.8029739606146697
2021-08-09,2.403326475340899,2.0250457266412454,3.969250366474492,-0.000506040443759348,-0.0008136993108386337,1.0,0.7738380139228218
2021-08-10,2.4099876608581043,2.0306584494254305,3.974188529148786,0.0,0.0,1.0,0.786083669024892
2021-08-11,2.4231675874330416,2.0417638711240103,3.9840636819548894,0.0,0.0,1.0,0.7916077663714547
2021-08-12,2.4337058976956816,2.0506434637978903,3.9960042683477828,0.0,0.0,1.0,0.7713736904613144
2021-08-13,2.433649110992954,2.0505956152551024,4.003276669973484,-2.333342857141485e-05,0.0,1.0,0.7698765432098765
2021-08-16,2.43132046641454,2.048633496583017,4.012702152736707,-0.000980164153524199,0.0,1.0,0.7625863684826175
2021-08-17,2.415449853330576,2.0352608992540175,3.9863988003131605,-0.007501335466372883,-0.0065550223820143305,1.0,0.7810077750333971
2021-08-18,2.382351987550157,2.0073725984562345,3.942767321915167,-0.02110111587194996,-0.017428363272325997,1.0,0.8253455931019025
2021-08-19,2.3668432096664764,1.9943048838943496,3.9488715780904906,-0.027473610551099537,-0.015907129962956068,1.0,0.9063025500610913
2021-08-20,2.4022381961179033,2.0241287412826057,3.9802933715953523,-0.012929952467787054,-0.008076547899088737,1.0,0.895454517224067
2021-08-23,2.4188823000856132,2.0381530829438037,4.015306369595215,-0.006090956850662965,0.0,1.0,0.828201701310734
2021-08-24,2.4199283508434997,2.039034486547868,4.0216806036776385,-0.005661138786419051,0.0,1.0,0.8089622350382449
2021-08-25,2.430928721708465,2.0483034120309975,4.030119098804368,-0.0011411304832872338,0.0,1.0,0.8114986124982034
2021-08-26,2.4096782343419316,2.030397726277447,4.006329091196766,-0.009872870578363724,-0.005903053240947753,1.0,0.8075997720356096
2021-08-27,2.43445631406897,2.051275765520325,4.042149091561719,0.0,0.0,1.0,0.8618481003645776
2021-08-30,2.4394602151329763,2.0554920584668603,4.059924835629699,0.0,0.0,1.0,0.7952450031354182
2021-08-31,2.4410334668643503,2.0568176822338513,4.053909399547591,0.0,-0.001481661933570022,1.0,0.7936274658208261
2021-09-01,2.453605330303859,2.0674107492163483,4.056063653227597,0.0,-0.0009510477554206531,1.0,0.8070519068769259
2021-09-02,2.4545132088697073,2.0681757287682085,4.068543022892209,0.0,0.0,1.0,0.8022908397016899
2021-09-03,2.4498487428237827,2.0642454441688085,4.067556035255717,-0.0019003629840201874,-0.00024258994704950965,1.0,0.8152012262366665
2021-09-07,2.439001993271852,2.055105960185481,4.053011525139937,-0.006319467152103075,-0.0038174593865377693,1.0,0.8075787522860963
2021-09-08,2.439643913821966,2.0556468431991664,4.048073948736885,-0.00605794052931119,-0.0050310575653623735,1.0,0.8425452587770591
2021-09-09,2.428824335125383,2.046530253410646,4.030747581576165,-0.010465974944234957,-0.009289674732055886,1.0,0.8318665990304415
2021-09-10,2.4125862500252038,2.03284802372677,3.9989675763422285,-0.01708157800617849,-0.017100826059477492,1.0,0.8522212355002377
2021-09-13,2.4280481618740133,2.04587624891232,4.009201234013027,-0.010782197830534801,-0.014585513424655416,1.0,0.8987559193473807
2021-09-14,2.420244830995657,2.0393011530978646,3.987565773221052,-0.013961374398074877,-0.019903255100297,1.0,0.862038299595671
2021-09-15,2.4398121475486394,2.055788597135959,4.020871549363198,-0.005989399962462505,-0.01171708723756415,1.0,0.8629712043634049
2021-09-16,2.4446754773803154,2.059886444596107,4.014498487823259,-0.00400801733469669,-0.013283510771512352,1.0,0.8354779323885237
2021-09-17,2.4125221522928917,2.0327940149018193,3.975393023416189,-0.01710769224018649,-0.022895173764145738,1.0,0.8569463758669758
2021-09-20,2.359841508047295,1.9884052418404645,3.9091059722645363,-0.03857045889193156,-0.03918775092965188,1.0,0.8962101901541214
2021-09-21,2.3774174510163264,2.0032147521447516,3.905413929115852,-0.031409795463632095,-0.04009521169089003,1.0,0.9738636504355872
2021-09-22,2.404128487117219,2.025721502711214,3.9435104207148415,-0.02052737853290676,-0.03073154234178055,1.0,0.9564193426274458
2021-09-23,2.4338428852943634,2.050758889710335,3.9914243174025628,-0.008421353570495671,-0.018954870344427333,1.0,0.9054230234612992
2021-09-24,2.448561027378597,2.0631604136138018,3.9979987631142486,-0.0024249946871751638,-0.017338948950775146,1.0,0.8717828389504316
2021-09-27,2.44411275332276,2.059412292640589,3.986560611176047,-0.004237278295901592,-0.02015031210309859,1.0,0.852545641699149
2021-09-28,2.3919289420685823,2.015442151644603,3.9062235697015337,-0.02549762884753215,-0.03989621156206602,1.0,0.8766355296453232
2021-09-29,2.385469544130731,2.0099994553131086,3.912799187955704,-0.028129269987009153,-0.038280001971268685,1.0,0.967540546635149
2021-09-30,2.384153158259589,2.008890267023328,3.8649749907680615,-0.028665582387523147,-0.050034626887007105,1.0,0.9510961489488152
2021-10-01,2.4022701622823885,2.024155676010556,3.91090787692789,-0.021284483782173846,-0.03874486396662469,1.0,0.969417645011828
2021-10-04,2.388394785777008,2.0124642673792033,3.8604721344912107,-0.026937489215283827,-0.05114137597421464,1.0,0.9215685968147694
2021-10-05,2.4058917757557707,2.0272072518006405,3.9006408017962784,-0.01980899224263144,-0.04126839022008766,1.0,0.9523019252907936
2021-10-06,2.411364489263852,2.031818566666258,3.916851494782811,-0.017579338929581523,-0.03728399263713944,1.0,0.9216789025292879
2021-10-07,2.4294724909243888,2.047076390252411,3.95071481487643,-0.010201908001485016,-0.028960787031820145,1.0,0.9194395735422354
2021-10-08,2.43857241536518,2.0547439973339534,3.9435104207148415,-0.0064944826725409355,-0.03073154234178055,1.0,0.8833634384562341
2021-10-11,2.432977398544977,2.050029629553092,3.914960476890619,-0.008773963915495564,-0.03774878258320902,1.0,0.8578610932333491
2021-10-12,2.442162215857613,2.057768767468716,3.9053233502089095,-0.005031952147359631,-0.04011747492036388,1.0,0.893255942170619
2021-10-13,2.451318842971953,2.0654841522899607,3.9193727542605274,-0.0013014254257061042,-0.03666429672547511,1.0,0.8889386505965355
2021-10-14,2.4778041357167053,2.0878006912379186,3.985300128005,0.0,-0.02046012403428732,1.0,0.8653667227359844
2021-10-15,2.478011212269702,2.0879751741860475,4.015650803950093,0.0,-0.013000285026976699,1.0,0.8276877420410802
2021-10-18,2.488033938525648,2.096420335166942,4.02753979847366,0.0,-0.010078110072288538,1.0,0.8029556952022946
2021-10-19,2.4925977594445,2.1002658160634007,4.05861158804684,0.0,-0.0024410298206234415,1.0,0.8038442219841613
2021-10-20,2.4966635419857997,2.1036916492347113,4.0745523031262705,0.0,0.0,1.0,0.7857858037889988
2021-10-21,2.5129890956752345,2.117447580055202,4.085179641936306,0.0,0.0,1.0,0.7795671537876804
2021-10-22,2.5027911197858357,2.1088547535261766,4.080946470430935,-0.004058105905413334,-0.0010362265252463754,1.0,0.7705338990103915
2021-10-25,2.5174041533695255,2.1211677128829445,4.102831975907771,0.0,0.0,1.0,0.7711144339583165
2021-10-26,2.50767400683218,2.112969079918503,4.106524605327698,-0.0038651507443975275,0.0,1.0,0.7791411255678043
2021-10-27,2.495871309829901,2.1030241134844623,4.08833231554203,-0.008553590217447948,-0.004430093944174929,1.0,0.7946295134259889
2021-10-28,2.5113761547932185,2.116088514163004,4.127779282947768,-0.00239452952686936,0.0,1.0,0.812829128583606
2021-10-29,2.508134611539485,2.113357185988889,4.136155633322809,-0.0036821826235701183,0.0,1.0,0.8071289242907373
2021-11-01,2.5149510001300466,2.1191006830659913,4.143271207391182,-0.0009744773147352115,0.0,1.0,0.7982326622531415
2021-11-02,2.527997855839923,2.1300939790965034,4.160022735598781,0.0,0.0,1.0,0.8048063016780178
2021-11-03,2.546274736706327,2.14549410050098,4.185419712681657,0.0,0.0,1.0,0.7975124226752813
2021-11-04,2.5386566537649773,2.1390750948170396,4.205143636087958,-0.002991854269113081,0.0,1.0,0.7743589743589744
2021-11-05,2.521270968229665,2.124425895651113,4.219734168496262,-0.009819744945906872,0.0,1.0,0.7837563148244358
2021-11-08,2.520023508155526,2.123374784319294,4.223336805280488,-0.010309660686795286,0.0,1.0,0.8042947869247666
2021-11-09,2.511667724469136,2.1163341911162994,4.209377687000192,-0.013591232610647541,-0.003305234444679672,1.0,0.8207817147628241
2021-11-10,2.5028925189277933,2.108940192562951,4.175513194364088,-0.017037524330406617,-0.011323655469913207,1.0,0.830453065236669
2021-11-11,2.5124871223908642,2.1170246167729214,4.176864256442078,-0.013269429974853364,-0.011003751531325823,1.0,0.8513636363636364
2021-11-12,2.529574644999964,2.131422583505067,4.208386009193761,-0.006558637002370471,-0.0035400435191514923,1.0,0.8260056451455343
2021-11-15,2.536483103678347,2.1372436589469097,4.209827357043073,-0.0038454738944022626,-0.003198761751732504,1.0,0.7873368573956865
2021-11-16,2.535188708539192,2.1361530000738744,4.226488892614971,-0.004353822471441227,0.0,1.0,0.7901293405317233
2021-11-17,2.5258938248275435,2.1283211200804453,4.216222403754601,-0.008004207709788047,-0.002429082181739428,1.0,0.7832536028128009
2021-11-18,2.5222197485529927,2.1252253390721334,4.2305420788489405,-0.009447129882162675,0.0,1.0,0.7928637655463718
2021-11-19,2.5152913464424986,2.1193874592708393,4.2229765416020655,-0.012168125386149864,-0.00178831391010148,1.0,0.8031963610226072
2021-11-22,2.5070045979750426,2.112405035224854,4.211088426485362,-0.015422585067187744,-0.004598382902474718,1.0,0.8170620409517844
2021-11-23,2.5178705479653383,2.1215606975202252,4.216671780661859,-0.011155194029741744,-0.003278610147013361,1.0,0.8471056434343504
2021-11-24,2.5251910497407675,2.1277289609622945,4.227930240464281,-0.008280208989871918,-0.0006173767654309437,1.0,0.8632516410419271
2021-11-26,2.3986457708126028,2.021101759477421,4.1336343738450925,-0.057978412056464146,-0.02290668741680857,1.0,0.848401841262083
2021-11-29,2.4634204657360383,2.0756809939239553,4.184339801053252,-0.03253940738439831,-0.010921124748216604,1.0,0.9811450094324504
2021-11-30,2.394059647313577,2.0172374864005667,4.102921968543471,-0.05977952308070422,-0.030166372991187296,1.0,0.9169328738227989
2021-12-01,2.357181358690255,1.9861637968503745,4.057349932333307,-0.0742627554246833,-0.04093852354796956,1.0,0.9665837472872152
2021-12-02,2.356709922418517,2.0081889556507795,4.119494097750911,-0.07444790287359837,-0.026249113950012726,0.0,1.010717735455027
2021-12-03,2.314933724417194,1.9729924493354671,4.083648008315673,-0.09085469409651314,-0.03472228092652263,1.0,0.9588336317586965
2021-12-06,2.3522538229100545,2.0047999571523083,4.132012454453139,-0.07619794949827119,-0.023290070766205484,1.0,0.9650723517097989
2021-12-07,2.402894831025039,2.0479607291362902,4.217482886925647,-0.05630967609832782,-0.003086883827154052,1.0,0.9411357614207951
2021-12-08,2.4309690821637897,2.0718881033558043,4.228651060956748,-0.045284058660413073,-0.0004469918646233806,1.0,0.8770032372964922
2021-12-09,2.4174137009382624,2.0603350016303708,4.200100530861284,-0.05060767163513147,-0.007195661317222823,1.0,0.842149839473562
2021-12-10,2.4487353312870144,2.0870300812895186,4.239637490902722,-0.038306709018164464,0.0,1.0,0.8751013841658505
2021-12-13,2.429041499254772,2.07024524572889,4.20208212766042,-0.04604107944895186,-0.00885815434052728,1.0,0.8062985226029862
2021-12-14,2.420446642444542,2.0629199441831743,4.173171920157775,-0.04941654270369378,-0.015677182515620003,1.0,0.8351151420582613
2021-12-15,2.4550992429011558,2.092453972881102,4.238377300867296,-0.03580740620437095,-0.0002972400442561307,1.0,0.863510835132022
2021-12-16,2.4338212364813248,2.0743189629840875,4.2010013366251515,-0.04416393038972055,-0.009113079682042335,1.0,0.8278970228169658
2021-12-17,2.418079462310855,2.060902422696179,4.156290239734375,-0.050346206773152824,-0.01965905135691226,1.0,0.8440705495128357
2021-12-20,2.401308226757662,2.046608483840194,4.112095354672485,-0.0569327841410322,-0.030083264548894317,1.0,0.8498818247931131
2021-12-21,2.424229801888877,2.0661442891998694,4.185121300619302,-0.04793078023281894,-0.01285869143302909,1.0,0.8692512529163913
2021-12-22,2.4515486443036227,2.0894278369059482,4.226967583084348,-0.03720183491481166,-0.0029884413102678753,1.0,0.8404
2021-12-23,2.4576534716516845,2.0946309138386385,4.253267711016061,-0.034804282419766075,0.0,1.0,0.7907470467871173
2021-12-27,2.468916373270527,2.104230160511318,4.31346047260351,-0.03038099633186675,0.0,1.0,0.7728055153563316
2021-12-28,2.4814182992883467,2.1148854139966065,4.309935809894516,-0.02547110745082981,-0.000817131101903068,1.0,0.7774846164446837
2021-12-29,2.4936813031941427,2.125337036804252,4.315449104657553,-0.020655050593721525,0.0,1.0,0.7854903743810192
2021-12-30,2.4939485193062714,2.125564782145732,4.303519071147022,-0.020550106650212063,-0.002764494081891722,1.0,0.7764544232358576
2021-12-31,2.4978002542810795,2.128847573329765,4.292673639434834,-0.019037412470246817,-0.0052776581696070135,1.0,0.7920475623726126
2022-01-03,2.515832567765643,2.144216314980479,4.3175277293472965,-0.011955571212265093,0.0,1.0,0.7870201398763065
2022-01-04,2.5161179827068643,2.1444595709830234,4.316081691328046,-0.011843480031723197,-0.00033492269416623976,1.0,0.7710171607331413
2022-01-05,2.477436561065315,2.1114918224797474,4.233204043424819,-0.027034857884210783,-0.019530548778947887,1.0,0.7821461306011491
2022-01-06,2.473910465859099,2.108486570474421,4.229227072452354,-0.028419663363126735,-0.020451671055808363,1.0,0.8406476598733251
2022-01-07,2.488204927738344,2.120669582479296,4.212506030349358,-0.022805790801309178,-0.02432449901458189,1.0,0.8344680851063829
2022-01-10,2.4975203684123746,2.128609029694668,4.207264765442771,-0.019147332214833,-0.02553844950549855,1.0,0.8202885575682749
2022-01-11,2.5146552827861526,2.143212927993305,4.245585798927579,-0.012417927046267985,-0.016662760479964067,1.0,0.8553791772027773
2022-01-12,2.5197693303795914,2.147571574282385,4.257063231039019,-0.010409484076734365,-0.014004426166689288,1.0,0.8375796352781406
2022-01-13,2.487870636726579,2.1203846699415694,4.1984076726490045,-0.02293707711026316,-0.027589876467637664,1.0,0.8164967591424356
2022-01-14,2.495918616262977,2.127243874026005,4.200123981710977,-0.0197763892943017,-0.02719235520788843,1.0,0.8675779637924772
2022-01-18,2.4574175643640706,2.0944298526625467,4.125742869787473,-0.034896930429901496,-0.044420064347523436,1.0,0.8409290208865544
2022-01-19,2.4452423383435806,2.0840530419772096,4.082902271295406,-0.03967851422562296,-0.054342548041343974,1.0,0.9072451926198063
2022-01-20,2.4242955074507875,2.066200289324694,4.0377118976640105,-0.0479049756481984,-0.06480927262639424,1.0,0.924060460809823
2022-01-21,2.379194360397564,2.027761079746553,3.958449784512341,-0.06561757610056096,-0.08316749013427627,1.0,0.9390825688073394
2022-01-24,2.3688392122841364,2.0189355013621495,3.975259646708553,-0.0696843596114487,-0.07927409019570697,1.0,0.9632720956621608
2022-01-25,2.364868257695219,2.0155511006175617,3.926726647588912,-0.07124387498175555,-0.09051501374316906,1.0,0.9701492633376397
2022-01-26,2.3572990131083142,2.0090999170438737,3.9168749456325034,-0.07421654893472251,-0.0927968061424268,1.0,0.9811083052721074
2022-01-27,2.356827553305693,2.0056081005707105,3.8975335642118347,-0.07440170562493542,-0.09727654145233589,0.0,1.000312965158741
2022-01-28,2.386419766094663,2.031191540515356,3.9943304639508783,-0.0627799382004004,-0.07485702134570371,1.0,0.9876902873695278
2022-01-31,2.4181817951497466,2.0582256631969105,4.066272980641838,-0.05030601753614061,-0.058194125077094094,1.0,0.9597501836534529
2022-02-01,2.4537767590317365,2.088522172867699,4.0937479961432155,-0.036326786085243534,-0.05183052599361326,1.0,0.9247672121873111
2022-02-02,2.4634103068767206,2.0967217281872994,4.1335150676472745,-0.0325433970792931,-0.04261991427391254,1.0,0.8869143698304286
2022-02-03,2.4039886916284727,2.046145260488359,4.036356731687324,-0.05588008356942076,-0.06512314808050557,1.0,0.8786794167185106
2022-02-04,2.4206814391661764,2.060353225100565,4.0553366768870855,-0.04932433084679966,-0.060727126470557224,1.0,0.9130108710289764
2022-02-07,2.4335914455320293,2.071341524850207,4.042321162171348,-0.04425417632665063,-0.06374170229534415,1.0,0.8845714285714286
2022-02-08,2.4559528937341595,2.09037438112602,4.075581209156591,-0.035472151402248575,-0.05603820875222998,1.0,0.8898403863282975
2022-02-09,2.474685863095389,2.1063188722988913,4.135232549251733,-0.028115141142836864,-0.04222212143687187,1.0,0.8736755990271434
2022-02-10,2.4287043806044406,2.067181919285461,4.060939378014582,-0.046173476258090984,-0.05942946227967938,1.0,0.8497232947844287
2022-02-11,2.3641589075348475,2.0122443007071213,3.980862934107292,-0.07152245849442429,-0.07797629021618346,1.0,0.9171461557303718
2022-02-14,2.364110684584768,2.0122032559380276,3.9678485919340387,-0.071541397122446,-0.08099059446367951,1.0,0.9490114489213953
2022-02-15,2.4016729198008773,2.044174200655212,4.031837459815689,-0.056789558024086584,-0.06616987485446835,1.0,0.9622961781955977
2022-02-16,2.420318434992371,2.0600442555649106,4.0363567316873254,-0.049466893693052016,-0.06512314808050512,1.0,0.9420820877244709
2022-02-17,2.36449168604294,2.0125275437895436,3.9501346994821267,-0.0713917661919421,-0.08509338049363502,1.0,0.9249809515723024
2022-02-18,2.3520356499211794,2.001925638978691,3.9245565645853646,-0.07628363270665794,-0.09101763541454766,1.0,0.9587312514523042
2022-02-22,2.354434926824913,2.0039677738199524,3.8824397179419763,-0.07534136325350482,-0.10077248802547811,1.0,0.949692014103414
2022-02-23,2.328207147063738,1.9816441050612998,3.8135710213746457,-0.08564181488312805,-0.11672344442564508,1.0,0.9896942423888208
2022-02-24,2.327741505634325,1.9939785132832448,3.8709611132880526,-0.08582468652015152,-0.10343109391604388,0.0,1.0045337060569377
2022-02-25,2.327741505634325,2.0102607324108304,3.9563705735513572,-0.08582468652015152,-0.08364906456559973,0.0,1.0089850505755242
2022-02-28,2.3040710394838957,1.9902207343962912,3.946247428009741,-0.09512080284617208,-0.08599372710773157,1.0,0.9839514657334354
2022-03-01,2.303610225275999,1.9473854652581843,3.8861452453292338,-0.09530177868560274,-0.09991423589149173,0.0,1.016863419490813
2022-03-02,2.303610225275999,1.9716574704994936,3.957636333163585,-0.09530177868560274,-0.08335589687992995,0.0,1.0223995042649345
2022-03-03,2.300840452626828,1.9696811566146992,3.937933222386388,-0.09638955315441511,-0.0879194137841226,1.0,0.9925734801919961
2022-03-04,2.2816888440628436,1.9532860334916364,3.9059389350133733,-0.10391097583826803,-0.09532973964156688,1.0,0.9896104141237931
2022-03-07,2.2411958233622387,1.9186211614630995,3.790795263016304,-0.11981382407254126,-0.12199862962098951,1.0,0.9888682699168422
2022-03-08,2.240747584197566,1.9223739985511443,3.7620544879026974,-0.11998986130772682,-0.12865539639014034,0.0,1.019865648802165
2022-03-09,2.240747584197566,1.9380216802872425,3.862917764978664,-0.11998986130772682,-0.10529404623820637,0.0,1.0037142857142858
2022-03-10,2.2597231974211356,1.954821284834021,3.845475022976338,-0.11253755737915905,-0.1093340300196105,1.0,0.981548658561647
2022-03-11,2.251102681253508,1.9473639252291077,3.7965791219576843,-0.11592309784867583,-0.12065900673864738,1.0,0.9590735901323272
2022-03-14,2.236597586538607,1.934815986649913,3.768832662871099,-0.12161969236999748,-0.12708547596500241,1.0,0.9508348749200406
2022-03-15,2.251244008392583,1.947486183256066,3.851710897045568,-0.11586759435683447,-0.10788971409157544,1.0,0.9534814012898989
2022-03-16,2.2974886908409315,1.9874911226502312,3.937119184766388,-0.0977058925649189,-0.08810795631842228,1.0,0.9333542194778256
2022-03-17,2.30458997755735,1.9936342407271737,3.9863768151415697,-0.09491699998626324,-0.07669919800510205,1.0,0.9209254434783296
2022-03-18,2.3261527637951263,2.01228758444026,4.030038486508544,-0.08644863405271586,-0.0665865423132358,1.0,0.9096385763500795
2022-03-21,2.3309932042316976,2.0164749096861927,4.028859788175804,-0.08454764498551381,-0.06685954538504646,1.0,0.8990584062496094
2022-03-22,2.339541157406105,2.0238694971410482,4.076003617586703,-0.08119060222371655,-0.05594037303313537,1.0,0.891963637170799
2022-03-23,2.340293627527559,2.0245204373142953,4.023510649360626,-0.08089508418294633,-0.06809848098673799,1.0,0.8874274530550597
2022-03-24,2.350921011604702,2.0337138803960912,4.084162461330833,-0.07672138527923344,-0.05405067034780631,1.0,0.8924649805444661
2022-03-25,2.364316506795974,2.0453019364689213,4.104109167809226,-0.07146056444235882,-0.04943073326140135,1.0,0.8565217649594564
2022-03-28,2.371371340315987,2.051404869227066,4.133301078643819,-0.06868991545530634,-0.042669477129525735,1.0,0.8418285023478057
2022-03-29,2.39330423850477,2.070378386101372,4.184433311316408,-0.06007619523391594,-0.030826534622166668,1.0,0.8118279467431667
2022-03-30,2.3880419649254945,2.065826145184818,4.158594871988043,-0.062142851083505146,-0.03681107970168862,1.0,0.8150064495359894
2022-03-31,2.36437357415121,2.0453513037900213,4.094589588511607,-0.07143815234581119,-0.051635601392974184,1.0,0.8201103203342303
2022-04-01,2.380574356426576,2.059366132711984,4.1061939483470145,-0.06507560943485968,-0.048947868837945,1.0,0.8405560412735911
2022-04-04,2.4060906263289557,2.0814395209799215,4.141369343481007,-0.055054589497558704,-0.040800753789928756,1.0,0.810822005052859
2022-04-05,2.3653126936501967,2.0461637089499622,4.089058998746921,-0.07106933138338778,-0.05291656358045305,1.0,0.8063395330582103
2022-04-06,2.354307956097723,2.036643828273365,4.048170390356251,-0.07539122854312175,-0.062386938979026696,1.0,0.8445783261920106
2022-04-07,2.3679815702296576,2.0484724770106166,4.068568818826873,-0.0700211818883677,-0.05766237674125141,1.0,0.8565891726172743
2022-04-08,2.367938342538158,2.0484350819829715,4.057690555925113,-0.07003815872550023,-0.06018193505880842,1.0,0.8541419100671874
2022-04-11,2.340859989089096,2.0250103803465525,3.9883349610910126,-0.080672656668204,-0.07624566392907672,1.0,0.8406833506500179
2022-04-12,2.3364677905172715,2.021210816194085,3.9735568218851567,-0.08239760743981861,-0.07966848831660889,1.0,0.9025925925925926
2022-04-13,2.3678098145443425,2.0483238961269805,4.01906876529298,-0.07008863560137013,-0.06912728365949283,1.0,0.8928965745998306
2022-04-14,2.356375156895207,2.038432103989417,3.9690246520461883,-0.07457937553775529,-0.08071820244077355,1.0,0.8543460931019103
2022-04-18,2.362848236987589,2.0440317786564135,3.97065595177802,-0.07203719892222027,-0.08034037053462417,1.0,0.8720706646637186
2022-04-19,2.386133685152951,2.064175347458334,4.034753279839505,-0.06289229093971327,-0.06549453002599248,1.0,0.8609708737864078
2022-04-20,2.397106246089542,2.0736673930736846,4.0317612445541835,-0.058583030521576096,-0.06618752737838551,1.0,0.8527534100326998
2022-04-21,2.362374018262639,2.0436215457313116,3.9714717482117465,-0.07222343912564932,-0.08015142063438818,1.0,0.8414078807855749
2022-04-22,2.30320308672491,1.9924344815168034,3.862498287904765,-0.09546167445223785,-0.10539120301407323,1.0,0.8686326874695014
2022-04-25,2.313940364698824,2.0017229906353275,3.884891504277474,-0.09124481685273034,-0.10020461990992846,1.0,0.9444258187949887
2022-04-26,2.2653179312987337,1.9596611275543125,3.7723822421078936,-0.11034033419780076,-0.1262633436107231,1.0,0.9294805739131393
2022-04-27,2.264864867712474,1.9515058377341241,3.7829890614244466,-0.11051826613096116,-0.12380665543604019,0.0,1.0114665243618037
2022-04-28,2.287866815007209,1.9717156146968273,3.8785445318078193,-0.10148469761490675,-0.10167466778628897,1.0,0.9813664363750568
2022-04-29,2.2529368521913113,1.9416124842815772,3.735210593393708,-0.11520276279945185,-0.13487281899672254,1.0,0.9627608464611273
2022-05-02,2.252486264820873,1.9468442967490582,3.757695268080223,-0.11537972224689197,-0.1296650528638773,0.0,1.0066304910428194
2022-05-03,2.2791948057984635,1.9703180996796832,3.7749202103160164,-0.1048904609772543,-0.1256755145642826,1.0,0.9797031700817705
2022-05-04,2.3208282320205456,2.006309359851193,3.88987774119364,-0.08853974060057734,-0.0990497374798115,1.0,0.9493671050638343
2022-05-05,2.238385299571281,1.9350391017836523,3.7516203254670164,-0.12091760276163632,-0.1310720948087185,1.0,0.9049483752907027
2022-05-06,2.244250653096758,1.9401095820176657,3.729227109094307,-0.1186140989641381,-0.13625867791286328,1.0,0.9547123533857071
2022-05-09,2.2083605129669097,1.9090832772375848,3.6098274010134155,-0.13270925515936982,-0.1639133255644123,1.0,0.9343855994062721
2022-05-10,2.2229000399735352,1.9216524061023286,3.6181685751139163,-0.12699913802352902,-0.1619813926103275,1.0,0.9914408204396381
2022-05-11,2.2268673683364884,1.9250820817320782,3.560689369971673,-0.12544104678311363,-0.1752943829940471,1.0,0.9711509807039437
2022-05-12,2.2347139881641835,1.931865326862543,3.556972117159568,-0.1223594390859627,-0.17615535090094392,1.0,0.9681831390386215
2022-05-13,2.2636269103033926,1.9568599669260347,3.6420122265401935,-0.11100444988451907,-0.15645886839717515,1.0,0.9603989794878158
2022-05-16,2.282217065376033,1.9729307823395699,3.6272340873343376,-0.10370352716606668,-0.1598816927847072,1.0,0.940390856108753
2022-05-17,2.2933376085138972,1.9825442683685215,3.7018476558054325,-0.0993361496095313,-0.1426001434471249,1.0,0.9308708840034077
2022-05-18,2.2259805009273967,1.9243154026822207,3.552620811998864,-0.12578934675102627,-0.17716317422796668,1.0,0.91998587338446
2022-05-19,2.254696675849041,1.9491399587305844,3.5308619411103748,-0.11451162620199018,-0.18220283401766268,1.0,0.9439024609798911
2022-05-20,2.252549491136427,1.9472837607031688,3.532403248206507,-0.11535489133817545,-0.18184584566860007,1.0,0.9532315403472056
2022-05-23,2.259498469941856,1.9532910132117274,3.598494777898837,-0.11262581473648192,-0.16653812008224422,1.0,0.9450867237262415
2022-05-24,2.257323931575268,1.9514111685002375,3.5710244525673973,-0.11347982248954969,-0.1729006328565612,1.0,0.9402442766319133
2022-05-25,2.2674302308886487,1.9601478611283862,3.602574639474334,-0.10951076951671401,-0.16559316689809556,1.0,0.9580351405099818
2022-05-26,2.272242385842227,1.9643078723654148,3.6745596608303632,-0.10762088902416245,-0.14892042595268618,1.0,0.954254976011546
2022-05-27,2.289391759885465,1.9791331615375405,3.7647656992629353,-0.10088580510096368,-0.12802744179894943,1.0,0.9392076282478586
2022-05-31,2.2970704466154412,1.985771231880344,3.74364205326553,-0.09787014986970255,-0.13291997459122828,1.0,0.9179157594508034
2022-06-01,2.300184994438167,1.9884636958732516,3.713361729869519,-0.09664697164080704,-0.1399333223435052,1.0,0.9356913259793765
2022-06-02,2.309674562904838,1.9966672370802003,3.7840765945790023,-0.09292012774220015,-0.12355476749860705,1.0,0.9267676997244184
2022-06-03,2.30529149948094,1.9928781668461955,3.7219743475552263,-0.09464149086170681,-0.13793851924654643,1.0,0.9135255169207414
2022-06-06,2.3106237255666042,1.9974877691239117,3.7333072638054263,-0.09254736252245255,-0.13531365683439167,1.0,0.9070618393415047
2022-06-07,2.3233754219306024,2.0085113543320237,3.7691172975592604,-0.08753938118400006,-0.12701955057760383,1.0,0.9210139835565803
2022-06-08,2.323343701291636,2.0084839324771955,3.728138989668511,-0.08755183884951012,-0.13651070163894152,1.0,0.9057315077446839
2022-06-09,2.3007559306458747,1.9889572587494684,3.639473672060829,-0.09642274752253843,-0.15704683323226099,1.0,0.9027882130170575
2022-06-10,2.273031090869888,1.964989692009508,3.5339439690313967,-0.10731114042700929,-0.18148899310818278,1.0,0.9314530448699506
2022-06-13,2.2117090912684843,1.9119780558756372,3.3997672942871335,-0.13139416600056764,-0.21256619356997286,1.0,0.9337146918280955
2022-06-14,2.2250638989028877,1.923523018654976,3.389521911191488,-0.12614932441223292,-0.21493916804469493,1.0,0.9935747176494694
2022-06-15,2.251472489951376,1.9463527148255262,3.437844732070747,-0.11577786265761936,-0.20374692472665046,1.0,0.9822716706448947
2022-06-16,2.2227060071883473,1.9214846686594318,3.3240650201189994,-0.12707534063528603,-0.23009990242227907,1.0,0.962313168915919
2022-06-17,2.2356567873916604,1.9326803578452105,3.3312315997854567,-0.12198917298156875,-0.22844002201948643,1.0,0.9838757345057405
2022-06-21,2.2445200262506573,1.9403424496950328,3.415090665748373,-0.1185083078843241,-0.20901708574211042,1.0,0.9619900931040742
2022-06-22,2.262000412046202,1.9554538918739646,3.408899348293561,-0.11164322551769934,-0.21045108173308658,1.0,0.96608
2022-06-23,2.261976170403215,1.955432935460839,3.442315343429269,-0.11165274595264596,-0.202711468410265,1.0,0.9573412770872364
2022-06-24,2.2712547749266156,1.9634541025790317,3.5517595795438557,-0.10800875404963439,-0.17736264774823018,1.0,0.9622391350151991
2022-06-27,2.285285808477236,1.9755836490713574,3.5381926767246896,-0.10249833785284579,-0.1805049327941255,1.0,0.9405871945557486
2022-06-28,2.2719431409572657,1.9640491811769398,3.4658972247458375,-0.10773841164677944,-0.19724957382733577,1.0,0.9563520123543126
2022-06-29,2.270659546626502,1.9629395396771805,3.463074914985176,-0.10824251841588017,-0.1979032603668518,1.0,0.9728988120456756
2022-06-30,2.2663613238925624,1.9592238125144164,3.4349403443361566,-0.10993056200048545,-0.20441962167653882,1.0,0.9710344827586207
2022-07-01,2.27799777175995,1.9692832878127824,3.471270107546332,-0.10536057287101708,-0.19600513878550074,1.0,0.9663413290041034
2022-07-05,2.278233828452038,1.9694873540785476,3.4778252063070205,-0.10526786618517336,-0.19448688593998176,1.0,0.9361851182134804
2022-07-06,2.285640984656422,1.9758906917395158,3.4895714437830763,-0.10235884929960126,-0.1917662925327377,1.0,0.9529411890490731
2022-07-07,2.2905847766082044,1.980164500515697,3.5418351799533956,-0.10041727093002706,-0.1796612779395319,1.0,0.9415287275330585
2022-07-08,2.3000933396101946,1.9883844621166546,3.5389208256076854,-0.09668296729620562,-0.18033628329639406,1.0,0.9304316575498851
2022-07-11,2.2870202530182095,1.9770830415161262,3.4984947852272277,-0.10181716841108435,-0.1896995214536552,1.0,0.9025641277876111
2022-07-12,2.282534428631862,1.9732051364954937,3.46753614600382,-0.10357888890482414,-0.1968699766687947,1.0,0.9263716814159293
2022-07-13,2.2895261460371206,1.9792493356645946,3.449326268080882,-0.10083302754726198,-0.20108763989285716,1.0,0.9469118767860711
2022-07-14,2.2887207357116437,1.978553074626302,3.4409493314345982,-0.1011493368260159,-0.20302785595431838,1.0,0.9390756478123425
2022-07-15,2.311911759145556,1.998601248264503,3.50668909838152,-0.09204151232475632,-0.18780160355527242,1.0,0.9227542620340963
2022-07-18,2.298402637337513,1.9869228839836401,3.4777343342644564,-0.09734695781078329,-0.19450793318003679,1.0,0.8947562802165616
2022-07-19,2.304898633973708,1.9925385425114637,3.5716998370385817,-0.09479578116729281,-0.17274420433692628,1.0,0.9094176950946175
2022-07-20,2.315090720182498,2.001349396186448,3.5944629905652126,-0.09079303705572295,-0.16747193859746057,1.0,0.8971073042514459
2022-07-21,2.326975468703722,2.0116235224094168,3.6310665424455637,-0.08612553266199163,-0.15899404240896642,1.0,0.8943819969153816
2022-07-22,2.3293033802056087,2.013635955113699,3.5973767586396797,-0.08521129058578192,-0.16679706902924418,1.0,0.8813882763234668
2022-07-25,2.335175077590725,2.018711919486864,3.6017468244801387,-0.08290529536049396,-0.16578490046556482,1.0,0.8867924762769377
2022-07-26,2.3243968217746214,2.009394333967882,3.559135164908209,-0.08713824621246902,-0.17565435869331125,1.0,0.9054263833637795
2022-07-27,2.3386152041179553,2.021685839725953,3.651552911602537,-0.08155425241228476,-0.15424911187436385,1.0,0.9345193008592672
2022-07-28,2.3627160054702463,2.042520498088807,3.697351541647868,-0.07208913028509989,-0.1436415065695904,1.0,0.9182141639817964
2022-07-29,2.3671999242690376,2.0463967557672977,3.75125419907617,-0.07032815817390048,-0.13115689481784354,1.0,0.917796961365489
2022-08-01,2.3505883918270105,2.032036419849247,3.740145824711789,-0.07685201524343044,-0.13372975017876565,1.0,0.8965951735663136
2022-08-02,2.3458952378077025,2.027979282528075,3.7154714269351055,-0.07869516042790448,-0.1394446869026148,1.0,0.9187449492857033
2022-08-03,2.3692862761064895,2.048200364996826,3.773654157568166,-0.06950878396915516,-0.12596875014427544,1.0,0.9325798964263601
2022-08-04,2.36763640687093,2.0467740862036936,3.771104170799575,-0.07015673810064593,-0.126559362857949,1.0,0.9006975479731036
2022-08-05,2.3796888370988225,2.0571931698918138,3.764731109259636,-0.06542337996998226,-0.1280354533290351,1.0,0.8815789584307792
2022-08-08,2.3769862779874766,2.0548568618592613,3.760359870876692,-0.06648475762589134,-0.12904789347000545,1.0,0.8746898152632693
2022-08-09,2.373632891436035,2.05195792658584,3.7454275423340984,-0.0678017351315392,-0.13250643027130837,1.0,0.8696895587464168
2022-08-10,2.4007777214646633,2.0754240865569256,3.824096935259754,-0.05714112980198982,-0.11428549508404362,1.0,0.8817334762698874
2022-08-11,2.3968533959103673,2.072031585990939,3.824096935259754,-0.058682332523645964,-0.11428549508404362,1.0,0.8414322579008627
2022-08-12,2.40282693567086,2.0771955910506694,3.8888338852466404,-0.056336340681375385,-0.09929150916315344,1.0,0.8519612307040827
2022-08-15,2.4103213768982528,2.0836743848596715,3.9048593165205907,-0.053393044296521364,-0.09557979443228526,1.0,0.8378378570336203
2022-08-16,2.4066675550845074,2.080515729340489,3.9125078111482576,-0.05482801192239184,-0.09380829576287808,1.0,0.8554888619671733
2022-08-17,2.408825397222535,2.082381140497969,3.8847370218051154,-0.05398056128915063,-0.10024040021802205,1.0,0.8443396336909095
2022-08-18,2.4164346749669527,2.0889592081678203,3.8960274333902456,-0.05099216509029414,-0.09762538248266706,1.0,0.8432203253532615
2022-08-19,2.3923475049364735,2.068136333808694,3.8436722389061195,-0.06045193378031244,-0.10975158010457342,1.0,0.8362548315694502
2022-08-22,2.36124646489563,2.0412501097986016,3.7636380065282786,-0.0726662638337432,-0.12828863125860046,1.0,0.8470394843131553
2022-08-23,2.369319463134562,2.0482290545155615,3.7545326278633784,-0.06949575040777456,-0.13039756471211572,1.0,0.9153846153846155
2022-08-24,2.384817714188407,2.061626981049565,3.7665514814671255,-0.06340911300355945,-0.12761382958470657,1.0,0.9301697503485216
2022-08-25,2.400946823053722,2.075570271481863,3.8197256968768105,-0.05707471843379741,-0.11529793522501386,1.0,0.9168340923901616
2022-08-26,2.3521870396434483,2.0334184187550552,3.690432075310061,-0.07622417733050135,-0.14524415205829777,1.0,0.9026108892458021
2022-08-29,2.3566402205883685,2.03726810417668,3.666030000525448,-0.07447527691503375,-0.15089601495630445,1.0,0.9623494169408899
2022-08-30,2.3485758697060897,2.030296634925742,3.625784531687633,-0.07764239425945296,-0.16021743021074653,1.0,0.9772557903890678
2022-08-31,2.357718551686837,2.0382002997377415,3.5981963658364817,-0.07405178329789841,-0.16660723650281217,1.0,0.973987370814518
2022-09-01,2.361268845237838,2.041269457154614,3.609486484285991,-0.07265747438856462,-0.1639922866617799,1.0,0.9707317212121863
2022-09-02,2.3570227867769162,2.0375988249574153,3.5714263415040266,-0.07432503146703373,-0.17280754974005963,1.0,0.9670828492194375
2022-09-06,2.347009149624451,2.0289422369049452,3.5579517764055306,-0.07825769317400177,-0.17592844807428598,1.0,0.9618580226700778
2022-09-07,2.372149238720481,2.050675338633437,3.621869998602478,-0.06838441094973191,-0.16112409099685965,1.0,0.9753533835147837
2022-09-08,2.379533442818013,2.05705883465935,3.645543045097232,-0.06548440805880928,-0.15564108127955245,1.0,0.9440612888838773
2022-09-09,2.3843224739387163,2.061198855807628,3.7021777265148743,-0.06360360900297046,-0.14252369443969914,1.0,0.9251567232169616
2022-09-12,2.386748719433132,2.06329629627202,3.741967369461764,-0.06265074815907179,-0.1333078548571459,1.0,0.9065234905846471
2022-09-13,2.3452106965513706,2.027387510370689,3.5792574596236855,-0.07896400072485421,-0.17099375290757413,1.0,0.9408750181468767
2022-09-14,2.3461596758420558,2.0282078838937863,3.592914941349794,-0.07859130752054089,-0.16783048851594662,1.0,0.975670814154642
2022-09-15,2.347110575722661,2.029029917728267,3.5521233608497322,-0.07821786004179976,-0.17727839089368735,1.0,0.9526584439979918
2022-09-16,2.3471142893731716,2.0290331281044924,3.5250253177571835,-0.078216401577614,-0.1835546778781012,1.0,0.9518115810475615
2022-09-19,2.361990524749211,2.0418933345870345,3.552361386974125,-0.0723740487625042,-0.17722326070360772,1.0,0.951863944945205
2022-09-20,2.34617665685917,2.028222563641777,3.5115859289332283,-0.0785846385555351,-0.18666742889359667,1.0,0.9537208360500047
2022-09-21,2.3309765495940824,2.0150823764207106,3.450329964447781,-0.0845541857713038,-0.200855169731733,1.0,0.9741750651922615
2022-09-22,2.333719175615494,2.017453321491703,3.4213476455823275,-0.08347707261384496,-0.20756788142283666,1.0,0.9732266960099474
2022-09-23,2.30516957208015,1.992772763058849,3.364024095454927,-0.09468937548273082,-0.22084481992117178,1.0,0.9691708244322039
2022-09-26,2.2891712032112292,1.9789424947256673,3.330744115247444,-0.10097242445552745,-0.22855293027823342,1.0,0.9868073977951755
2022-09-27,2.288713368970587,1.9730194650479367,3.3222423028265404,-0.10115222997063644,-0.23052206932118968,0.0,1.015423340735791
2022-09-28,2.288713368970587,1.9892928905898308,3.3876121326195405,-0.10115222997063644,-0.21538149955746466,0.0,1.0149439939002847
2022-09-29,2.2752969946333295,1.9780295693765262,3.316847727990079,-0.10642125068699948,-0.23177152854290883,1.0,0.9869195577271415
2022-09-30,2.2748419352344027,1.9690329202424746,3.265557788353299,-0.10659996643686209,-0.24365099819591185,0.0,1.003150605847604
2022-10-03,2.2953890276585116,1.98721165542824,3.351772492167968,-0.09853049454213358,-0.22368246314085094,1.0,0.9924670243015129
2022-10-04,2.311984048458136,2.0015786400037165,3.455632494699194,-0.09201312209979828,-0.19962702932735987,1.0,0.9807754798373863
2022-10-05,2.308458528316326,1.998526453802235,3.4475879738473214,-0.09339770173332607,-0.20149025322681335,1.0,0.9797775505645064
2022-10-06,2.295043147440651,1.9869122128535688,3.4120227083371675,-0.09866633228692778,-0.209727667724098,1.0,0.9700985288463957
2022-10-07,2.276161498649773,1.9705656014082704,3.3168477279900785,-0.1060817335076546,-0.23177152854290894,1.0,0.9912308896557653
2022-10-10,2.2651578842976536,1.9610393248473534,3.2915231554056317,-0.11040318955224182,-0.2376370548746357,1.0,0.9769470869377866
2022-10-11,2.258123615141339,1.9549494718915315,3.2706774019770988,-0.11316576228444186,-0.24246522384893998,1.0,0.9914451712144083
2022-10-12,2.2576719904183107,1.9585004657954805,3.2598894248466608,-0.11334312913198497,-0.2449638707150873,0.0,1.008093506735868
2022-10-13,2.2576719904183107,1.9696971264878629,3.3459209188980963,-0.11334312913198497,-0.22503776961175026,0.0,1.0132809815182358
2022-10-14,2.2576719904183107,1.9615847708166805,3.269671653660852,-0.11334312913198497,-0.24269816927032328,0.0,1.0044025398207022
2022-10-17,2.268681677919288,1.9715428862681565,3.353692237351035,-0.10901928797601501,-0.22323782322110752,1.0,0.9867488211762834
2022-10-18,2.2775497055333793,1.9792494309667614,3.3930975794985656,-0.10553654218811848,-0.21411099309569037,1.0,0.9883427922562606
2022-10-19,2.274266306473844,1.9763960725068193,3.369052250764921,-0.10682603346421804,-0.21968022860290037,1.0,0.9845061475361895
2022-10-20,2.280002212137465,1.98138072245462,3.3408018915455386,-0.10457336780291526,-0.2262234081700767,1.0,0.9811802113463941
2022-10-21,2.2816801415522128,1.9828388863889892,3.4219875606433505,-0.10391439358047205,-0.20741966811625534,1.0,0.973060711446624
2022-10-24,2.2889182198499918,1.9891289630961482,3.4638605184499225,-0.10107177876226847,-0.1977213035818597,1.0,0.9744010721715826
2022-10-25,2.3070472285401666,2.0048835391859012,3.519173451351692,-0.09395196233836389,-0.18491005224332302,1.0,0.9841740875399448
2022-10-26,2.3177574635665206,2.0141910096353626,3.4926608000946278,-0.08974572533182323,-0.1910507542651887,1.0,0.9716626531381451
2022-10-27,2.326940408995422,2.022171226036609,3.474009459926202,-0.08613930168219774,-0.19537066633932498,1.0,0.9585383302026722
2022-10-28,2.3379103927353455,2.0317044248169505,3.5566581689092924,-0.08183105340804908,-0.17622806572061755,1.0,0.9685289722405916
2022-10-31,2.3450140051212323,2.037877647178867,3.530967763069621,-0.07904124746783248,-0.18217832416714652,1.0,0.9572490842067489
2022-11-01,2.3496261965441705,2.041885760471491,3.515516877613171,-0.07722989877224584,-0.1857569660254087,1.0,0.9613670106483476
2022-11-02,2.3370139081845887,2.030925356622458,3.427290384030386,-0.08218313032175883,-0.20619145981755915,1.0,0.9670288304065525
2022-11-03,2.347318512858451,2.039880323834602,3.3920006660041353,-0.07813619676611616,-0.2143650536514511,1.0,0.9500367616582834
2022-11-04,2.3529507241603325,2.044774860707826,3.440821817439389,-0.07592425505350775,-0.20305738998471778,1.0,0.9475655159949394
2022-11-07,2.357326844570917,2.0485778222025623,3.4737350849847837,-0.07420561866777153,-0.19543421542542672,1.0,0.9302766414473589
2022-11-08,2.34479499456032,2.0376873213532627,3.4924772971957734,-0.07912725961638611,-0.1910932561112353,1.0,0.9272657954213901
2022-11-09,2.3306807470595103,2.025421676275734,3.420525693300558,-0.08467035647759402,-0.20775825710385032,1.0,0.9424354110881705
2022-11-10,2.3560246944115577,2.047446220132284,3.6084965652932888,-0.07471701287853272,-0.1642215657897339,1.0,0.9347904028175456
2022-11-11,2.361462171418648,2.052171527881235,3.6434219157424206,-0.07258154928196736,-0.15613236459903035,1.0,0.8987776824184424
2022-11-14,2.3618303632773645,2.052491496101942,3.6124283933800934,-0.0724369490731177,-0.1633108992385781,1.0,0.874902882682571
2022-11-15,2.3563476891269337,2.0477269108698164,3.643238999114808,-0.07459016297081467,-0.1561747306564315,1.0,0.9081515791102617
2022-11-16,2.368563274521501,2.0583425696114817,3.6154459314644565,-0.06979272881397725,-0.16261199508010515,1.0,0.9229033418268568
2022-11-17,2.3727813629471695,2.0620081972357607,3.6043826999857362,-0.06813615642417903,-0.16517439471532247,1.0,0.9262389306186015
2022-11-18,2.3777512802661556,2.0663271835576205,3.6207481685802483,-0.06618431782352008,-0.16138392257005474,1.0,0.9264421243005003
2022-11-21,2.3902961590417995,2.077229006739752,3.6075825684264693,-0.06125756008021732,-0.1644332602880939,1.0,0.9127516806015565
2022-11-22,2.4069405277412286,2.09169339238943,3.656129931191548,-0.05472080720768213,-0.15318900991881657,1.0,0.90453076946165
2022-11-23,2.4173694210345955,2.1007563696172644,3.679169804744566,-0.0506250617081776,-0.14785265193866737,1.0,0.893411668827608
2022-11-25,2.4154142861176617,2.099057306952506,3.6783466799203097,-0.05139290301326116,-0.14804329919697246,1.0,0.8704020842801754
2022-11-28,2.3976886284852474,2.083653253334167,3.6196509619501946,-0.05835431113505041,-0.16163805102013873,1.0,0.8690122877235799
2022-11-29,2.404121122606864,2.0892432566166312,3.6134338485607196,-0.05582807387208433,-0.16307802171151742,1.0,0.8919678851509537
2022-11-30,2.4225299267410856,2.105240982163044,3.7272595828049915,-0.048598373216123814,-0.13671438460721574,1.0,0.8880324681037527
2022-12-01,2.4305807645617614,2.1122373678562583,3.7245172990689106,-0.04543656286446873,-0.1373495359966187,1.0,0.8746281087735035
2022-12-02,2.440431887815249,2.1207982480190397,3.7202196377268817,-0.04156772533822817,-0.1383449346625767,1.0,0.8511368706373286
2022-12-05,2.4307857217121724,2.112415480905707,3.6532964822772818,-0.045356069920224895,-0.15384527644259738,1.0,0.8301394059240124
2022-12-06,2.4172573563591166,2.1006589825241817,3.6006349610690296,-0.050669072935192294,-0.166042423631786,1.0,0.868564275015888
2022-12-07,2.4105263553771574,2.0948095690817383,3.594509305993361,-0.05331254297592558,-0.16746121129446412,1.0,0.8968446851057595
2022-12-08,2.419908437593351,2.102962840486779,3.622668206898937,-0.049627912216744674,-0.16093921475598838,1.0,0.9007148421415268
2022-12-09,2.408729844733049,2.0932483550009047,3.595606219487793,-0.054018087675486215,-0.16720715073870296,1.0,0.9013344283298891
2022-12-12,2.411863035485379,2.095971178568089,3.6474449090074104,-0.05278758779769899,-0.1552005829134967,1.0,0.905593051530948
2022-12-13,2.431849440815841,2.113339880239574,3.6750553531657713,-0.044938314880545116,-0.14880561665290126,1.0,0.9738994906777314
2022-12-14,2.449989163252046,2.1291037668509296,3.6515590674505853,-0.03781429084075538,-0.15424768609358508,1.0,0.9283655475527359
2022-12-15,2.418489900142108,2.101730094858284,3.562235660373368,-0.05018501527824604,-0.17493624044149692,1.0,0.9011083045604984
2022-12-16,2.4157111455882054,2.0993152854882644,3.5201794928035626,-0.05127631721587478,-0.18467703892761644,1.0,0.9102870841088274
2022-12-19,2.428436395010148,2.1103738554136973,3.4903294924994346,-0.046278722400790784,-0.19159071781408432,1.0,0.899403592170785
2022-12-20,2.4325595631498245,2.113956994861503,3.4951052580395983,-0.044659428111671895,-0.19048458350770758,1.0,0.8939393966587785
2022-12-21,2.4499693819738186,2.1290865764100007,3.5473660628537056,-0.037822059553982657,-0.17838024785772955,1.0,0.8803278826155098
2022-12-22,2.424426444905214,2.106889105357918,3.4967588360786395,-0.04785355250342194,-0.19010159163302864,1.0,0.8595288938807601
2022-12-23,2.437871179976223,2.118572926867562,3.516872629861101,-0.04257339365913304,-0.18544295478265171,1.0,0.8866020738990584
2022-12-27,2.4374778982055956,2.1182311548663484,3.5030040904877473,-0.042727847444091194,-0.1886551030866651,1.0,0.8648984967199215
2022-12-28,2.4379262309957355,2.1186207676232565,3.4594696399803624,-0.04255177343931993,-0.19873829264245424,1.0,0.8862054739890115
2022-12-29,2.444262561128972,2.1241272019197974,3.521740146850692,-0.04006330271701575,-0.18431556955325168,1.0,0.9007323054808959
2022-12-30,2.4464259866526583,2.126007274493534,3.512463870118647,-0.03921365931738596,-0.18646408539693515,1.0,0.8951983013368643
2023-01-03,2.448602855109303,2.1278990293226983,3.4976766437085343,-0.03835873646665677,-0.18988901450847273,1.0,0.8921366481360439
2023-01-04,2.4633112696572543,2.1406810208874614,3.5246797108598225,-0.03258229202571761,-0.18363472528463254,1.0,0.9316517522815048
2023-01-05,2.4593043520341094,2.1371989061365637,3.484451537023657,-0.034155931179962185,-0.19295213477403184,1.0,0.9244015327040606
2023-01-06,2.4708649674364436,2.147245379063633,3.5643567897281816,-0.029615723779841563,-0.17444495712201846,1.0,0.9331117692049486
2023-01-09,2.4681546757203336,2.1448900656652774,3.562336792162673,-0.030680138266243717,-0.17491281690014526,1.0,0.9115616791118831
2023-01-10,2.4890339534751473,2.1630346965002536,3.587318689205968,-0.022480207027943178,-0.16912665903172275,1.0,0.9254423004135186
2023-01-11,2.4861980305436853,2.160570206335791,3.6326908069224917,-0.023593960736677078,-0.1586178399665623,1.0,0.9050132017212437
2023-01-12,2.510873375365023,2.1820137173502316,3.645916499878611,-0.013903197809320589,-0.15555458391235777,1.0,0.927440642580225
2023-01-13,2.522992717524538,2.192545738238572,3.660060293600247,-0.009143561315738014,-0.15227868283927437,1.0,0.8725671949291748
2023-01-17,2.5188689028886238,2.1889620369688627,3.653356281944002,-0.010763109503711066,-0.1538314260007545,1.0,0.8680227308324991
2023-01-18,2.5019185232107914,2.1742317198870835,3.5956765720368753,-0.01742004225078686,-0.16719085610124085,1.0,0.9025640704614574
2023-01-19,2.4994797218449936,2.172112338604748,3.569500147337297,-0.018377834169561735,-0.17325368333490299,1.0,0.9133363081233865
2023-01-20,2.516680190288838,2.1870599892738554,3.635996790458089,-0.011622683911858722,-0.15785212779449542,1.0,0.9140311493385112
2023-01-23,2.521828988469468,2.191534427677731,3.679624164957386,-0.009600593323437101,-0.147747415738392,1.0,0.9139042646191647
2023-01-24,2.5394665457727315,2.2068619198379746,3.675674162462069,-0.002673784896598419,-0.14866229173755874,1.0,0.9171296134325377
2023-01-25,2.5400414226067816,2.2073615026325477,3.677052486152828,-0.0024480131737898425,-0.1483430526319497,1.0,0.9182209536159445
2023-01-26,2.5465671411980133,2.213032520383319,3.7174644560234693,0.0,-0.13898307340218097,1.0,0.9111747618615175
2023-01-27,2.555391750354961,2.220701333322926,3.726006134888853,0.0,-0.13700470073132964,1.0,0.9048308845250638
2023-01-30,2.5408068999458484,2.2080267221814713,3.6792565728884337,-0.005707481213824361,-0.14783255521913086,1.0,0.9042501524621058
2023-01-31,2.552228528964505,2.217952412356736,3.7333538723691952,-0.0012378616272892273,-0.1353028616370725,1.0,0.9330837256399146
2023-02-01,2.5700923487950122,2.2334765324883508,3.7730315375087966,0.0,-0.126112957685813,1.0,0.9322441373316713
2023-02-02,2.557304075628259,2.2223631933033268,3.8279557725768893,-0.004975802979511279,-0.11339173421925386,1.0,0.8948422941632169
2023-02-03,2.5539436371370794,2.2194428855904778,3.78726708267986,-0.006283319611259941,-0.1228158056897064,1.0,0.8987523926516924
2023-02-06,2.5405055966062893,2.207764881808933,3.764122266574461,-0.01151194127424826,-0.12817646983740316,1.0,0.8820981421708985
2023-02-07,2.556280439095812,2.22147362675756,3.813352342201253,-0.005374090820384758,-0.11677409359042201,1.0,0.9066728755625477
2023-02-08,2.5354111606014222,2.203337685537768,3.7716532138180376,-0.013494140866124993,-0.12643219679142204,1.0,0.8979787961216023
2023-02-09,2.5214489693244406,2.1912041812401997,3.7389562803610694,-0.018926704907462955,-0.1340052653405176,1.0,0.8996333764686671
2023-02-10,2.5147112166905328,2.1853489004380915,3.7476820483965496,-0.02154830433639665,-0.13198425503497424,1.0,0.9204444444444445
2023-02-13,2.53265145134299,2.2009394270206806,3.791675842422314,-0.014567919113714467,-0.12179467507542296,1.0,0.9104213168335407
2023-02-14,2.5519201378167766,2.2176844124961073,3.7899313923407085,-0.007070645141119436,-0.12219871419015704,1.0,0.9258079488257565
2023-02-15,2.562028671574634,2.2264689890256726,3.8022383982600694,-0.003137504854313522,-0.11934823894347657,1.0,0.8945127978224827
2023-02-16,2.535065038138259,2.2030368961909557,3.7498864282677764,-0.013628814028093461,-0.13147368972783258,1.0,0.8815280334129107
2023-02-17,2.532401963657992,2.200722615788256,3.7405181069506828,-0.01466499254577025,-0.13364352438886207,1.0,0.9218464704590653
2023-02-21,2.493804093563917,2.1671800712569014,3.665479784964507,-0.0296830793908488,-0.15102345260012096,1.0,0.9196141285729931
2023-02-22,2.5095152008676895,2.1808334286854136,3.660428178804819,-0.023570027729051923,-0.15219347546421313,1.0,0.9781865192868605
2023-02-23,2.5263466916888877,2.195460428284694,3.6798994193056673,-0.017021044837799204,-0.14768366296932223,1.0,0.9828042195798922
2023-02-24,2.5072542199137753,2.1788685779269037,3.6405893462350183,-0.02444975524350268,-0.1567884274398429,1.0,0.9724011141934201
2023-02-27,2.525034438883907,2.1943200467548283,3.652989276146291,-0.017531630694994416,-0.15391642969284813,1.0,0.9661167947019418
2023-02-28,2.536186941154137,2.204011858845067,3.639487156299405,-0.01319229157534818,-0.15704371009341367,1.0,0.9703566397376251
2023-03-01,2.532955776283402,2.2012038932422855,3.625526572341003,-0.014449508994889615,-0.16027717721477308,1.0,0.9709193384756598
2023-03-02,2.55079528514435,2.2167068865143857,3.653723874012953,-0.007508315278908162,-0.15374628652001598,1.0,0.9634831185363564
2023-03-03,2.567161961798578,2.230929950615247,3.7123210984143538,-0.001140187432489781,-0.14017434718929644,1.0,0.9495880173013077
2023-03-06,2.57246993347943,2.23554271489582,3.7148927772189113,0.0,-0.13957871029573876,1.0,0.9254254466279354
2023-03-07,2.561817231165297,2.2262852418570183,3.65794854458531,-0.0041410405523085725,-0.1527677935404247,1.0,0.930965493400755
2023-03-08,2.5722675582217414,2.2353668455777327,3.663918544646136,-7.866962993618998e-05,-0.15138505776313105,1.0,0.9514327272862014
2023-03-09,2.516465519174537,2.186873434539268,3.596319418454109,-0.02177067789054532,-0.16704196385143222,1.0,0.9465081473259095
2023-03-10,2.4635466862049786,2.1408856039387083,3.5444267919801953,-0.042341893235317896,-0.1790610242320262,1.0,0.9886313585617641
2023-03-13,2.448254703435299,2.127596476539333,3.539375185820507,-0.048286368064998975,-0.18023104709611826,1.0,0.9767625284036446
2023-03-14,2.475535832680218,2.151304481419732,3.5978812450437223,-0.03768133478944202,-0.1666802228997767,1.0,0.9954955183033876
2023-03-15,2.438176928411253,2.1188386301427022,3.5753786890843156,-0.05220391629088439,-0.17189213058631025,1.0,0.9541616083327588
2023-03-16,2.4802580758850254,2.1554082325489805,3.638109418879888,-0.03584565028119968,-0.15736281341037728,1.0,0.9610293848085576
2023-03-17,2.427983644780948,2.109980403788323,3.5955701638063884,-0.05616636634623562,-0.16721550174040234,1.0,0.9360749389217407
2023-03-20,2.4483174182129885,2.127650977298528,3.6301440446457325,-0.04826198885773458,-0.15920770584268595,1.0,0.9303428128745616
2023-03-21,2.493350612450374,2.1667859844741835,3.6778096554623194,-0.030756169391664034,-0.14816768159626537,1.0,0.934235963002602
2023-03-22,2.4744782135979113,2.150385383161745,3.615116153890636,-0.03809246460228932,-0.16268837619320808,1.0,0.9070852896402402
2023-03-23,2.4593641132193746,2.137250840147771,3.624888709229328,-0.04396779094987224,-0.16042491526109515,1.0,0.913043509690591
2023-03-24,2.4800836466525036,2.155256649047477,3.6486751992094764,-0.03591345641189603,-0.15491563044088064,1.0,0.921728469918438
2023-03-27,2.499423366812814,2.1720633646284164,3.6554979307922966,-0.02839549870571889,-0.15333539007868335,1.0,0.9073456106302051
2023-03-28,2.510877194119235,2.1820170359461257,3.6472924784843994,-0.023943035663350543,-0.15523588796133103,1.0,0.9007432988223062
2023-03-29,2.5274542680925407,2.1964229407433056,3.700305176166818,-0.017499005450377747,-0.14295740337347806,1.0,0.8923146000384367
2023-03-30,2.5280491844500164,2.196939938400545,3.7219720024702583,-0.01726774274455045,-0.1379390624011282,1.0,0.8897161565211665
2023-03-31,2.529754812549165,2.1984221732059934,3.774431553235522,-0.01660471143874176,-0.12578869440031992,1.0,0.8867132551744277
2023-04-03,2.5431943315977956,2.210101461857672,3.788813959352794,-0.011380347540947633,-0.12245752734851134,1.0,0.8808290345365771
2023-04-04,2.5339837388041433,2.2020972191834454,3.7677937902296628,-0.014960794749982465,-0.12732609344485668,1.0,0.8905424900596736
2023-04-05,2.537406994054667,2.205072116280177,3.7579283108990587,-0.013630067729242024,-0.12961107687728401,1.0,0.8903467602691596
2023-04-06,2.546547515748214,2.213015465361314,3.7725877301783397,-0.010076859361444312,-0.1262157496904689,1.0,0.8882681753546042
2023-04-10,2.551821868027805,2.217599013515164,3.7764600517340456,-0.008026552684989863,-0.12531886568683293,1.0,0.8761904761904761
2023-04-11,2.555983541647727,2.2212156152183398,3.7774737147120643,-0.006408779211426685,-0.1250840871187352,1.0,0.9003322389539437
2023-04-12,2.555428727105695,2.2207334670729266,3.7620773524811524,-0.0066244530798795775,-0.12865010063296445,1.0,0.9090908991873207
2023-04-13,2.5726849115749593,2.235729536405012,3.812047888687029,0.0,-0.1170762233266962,1.0,0.9068883939145337
2023-04-14,2.580768213058382,2.2427541338583747,3.802735849409201,0.0,-0.119233022277756,1.0,0.8785784698375788
2023-04-17,2.5953089382923027,2.255390399084622,3.816380433167978,0.0,-0.11607274523632982,1.0,0.8522216382838662
2023-04-18,2.5999190828240124,2.25939673357598,3.8188706202698497,0.0,-0.11549598296449881,1.0,0.8625954365930811
2023-04-19,2.600622757859028,2.260008245328833,3.818225135632025,0.0,-0.11564548626321236,1.0,0.8491422935992765
2023-04-20,2.589417803485285,2.2502708510079277,3.7973881762721278,-0.00430856583865602,-0.12047161840783382,1.0,0.822177803378465
2023-04-21,2.5991121734979092,2.2586955085618117,3.800338879434863,-0.0005808548573812411,-0.11978819415494979,1.0,0.8355231453748697
2023-04-24,2.6004736563628823,2.25987867228343,3.8043029524399965,-5.733299675825254e-05,-0.11887005922829053,1.0,0.8224620157916124
2023-04-25,2.558833436078742,2.2236922469762312,3.7439140831219815,-0.016068967194107442,-0.1328569686597082,1.0,0.8279411919526716
2023-04-26,2.5721070936356254,2.235227397714097,3.7280563254233425,-0.010964936816471704,-0.13652984783795874,1.0,0.866512717346345
2023-04-27,2.594490920335734,2.2546795203840926,3.8022753333483372,-0.002357834293637451,-0.11933968425880903,1.0,0.8746517734091173
2023-04-28,2.6167833027903957,2.2740521756464944,3.8347277916972464,0.0,-0.11182323957489382,1.0,0.8360333479809963
2023-05-01,2.6230369753015097,2.2794867783377124,3.8308551770059194,0.0,-0.1127201914728524,1.0,0.8075741689172858
2023-05-02,2.5992410880799697,2.258807538658264,3.7877997101035326,-0.009071884020546372,-0.12269244170525473,1.0,0.8174885580900138
2023-05-03,2.584664016593589,2.2461396876012767,3.7618000461835224,-0.01462920998416728,-0.1287143286622936,1.0,0.8568674698795181
2023-05-04,2.5589934726694357,2.223831322900806,3.735156070168172,-0.024415783397301327,-0.13488544734075503,1.0,0.8614372574603398
2023-05-05,2.5983612381029455,2.258042926337342,3.8043029524399965,-0.00940731580641474,-0.11887005922829053,1.0,0.8823012558680078
2023-05-08,2.6070596838150584,2.265602099989696,3.805317201689258,-0.006091142304471275,-0.11863514487154714,1.0,0.8272377012502863
2023-05-09,2.596217082384967,2.256179599721724,3.7886292839114546,-0.010224748323824029,-0.12250030077184892,1.0,0.8198938073701207
2023-05-10,2.611497293440577,2.269458497197986,3.8063314509385195,-0.004399359204460329,-0.11840023051480375,1.0,0.8365611684542017
2023-05-11,2.6163477286350156,2.2736736504722304,3.799693394797039,-0.0025501915258838714,-0.11993769745366323,1.0,0.8187529996490442
2023-05-12,2.617088548842016,2.2743174423374932,3.7947147794070233,-0.0022677630988445774,-0.12109081463138849,1.0,0.8210474932565238
2023-05-15,2.6289527914726825,2.284627775156376,3.8078059231130243,0.0,-0.11805872207132984,1.0,0.8242981667849912
2023-05-16,2.6153911556500193,2.2728423638787336,3.7823599923814113,-0.005158569551591774,-0.12395235665267845,1.0,0.8429345371824526
2023-05-17,2.6327606749927512,2.2879369241387115,3.8282741178614854,0.0,-0.1133180009847381,1.0,0.860765565950048
2023-05-18,2.653730313231356,2.306160080564453,3.8651532172257403,0.0,-0.10477628413285123,1.0,0.8413965407448687
2023-05-19,2.6393553027114014,2.2936678256983414,3.8595285309266574,-0.005416907079171307,-0.10607904039793559,1.0,0.8303155749274729
2023-05-22,2.637935511341078,2.292433990381827,3.861096513364316,-0.005951924282405763,-0.10571587366550206,1.0,0.8388223169678259
2023-05-23,2.6299256968336335,2.2854732550057815,3.8177640332999196,-0.008970247006274135,-0.11575228403291082,1.0,0.8452848469586971
2023-05-24,2.607673084728133,2.266135161202458,3.790104635492823,-0.017355655272724535,-0.12215858864540674,1.0,0.8798670688461402
2023-05-25,2.6206938444374908,2.2774505371887157,3.822926444724412,-0.012449067875943243,-0.11455659711481603,1.0,0.9096275923526582
2023-05-26,2.6411481265876655,2.2952258358828383,3.872436171733803,-0.004741320766830093,-0.10308944968392364,1.0,0.8952292212958963
2023-05-30,2.655221593304023,2.307456041406962,3.8739112301795493,0.0,-0.10274780545180451,1.0,0.8781800161938
2023-05-31,2.6598471376453303,2.311475758730014,3.8524296655886907,0.0,-0.10772323721217125,1.0,0.8673621822115903
2023-06-01,2.689161623452058,2.336950802901865,3.889031165519694,0.0,-0.09924581628393625,1.0,0.8876794068626804
2023-06-02,2.7106365093173,2.3556130325452362,3.9452712863912365,0.0,-0.08621981520251543,1.0,0.8346666666666667
2023-06-05,2.72193412627243,2.3654309530390876,3.9377110255855428,0.0,-0.08797087768077227,1.0,0.8147321393884415
2023-06-06,2.7548059749978915,2.3939974373299138,3.94628612191174,0.0,-0.0859847650571266,1.0,0.8229050454700203
2023-06-07,2.7510281829960275,2.3907144386529438,3.9326400724748574,-0.0013713459445603426,-0.0891453815701665,1.0,0.8192487822743744
2023-06-08,2.7662399817342602,2.4039338840610855,3.956426855590627,0.0,-0.08363602885562915,1.0,0.8133022459976835
2023-06-09,2.760399372392453,2.3988582439166857,3.963526600335456,-0.0021113892432953474,-0.08199162835842555,1.0,0.8096085116164994
2023-06-12,2.7585125207768493,2.3972185212017747,3.999482908764256,-0.00279348899894305,-0.07366364283458149,1.0,0.8154481572267149
2023-06-13,2.761454229645282,2.399774942073631,4.025851044160081,-0.0017300567270298606,-0.0675564127138355,1.0,0.8686342247428364
2023-06-14,2.7770174610342595,2.413299791518541,4.030645277244378,0.0,-0.06644600106512522,1.0,0.8479396626904221
2023-06-15,2.7609799901644667,2.3993628157344054,4.080615813450255,-0.005775070230858326,-0.05487212375885708,1.0,0.8232502667572903
2023-06-16,2.7833252383022535,2.418781412638822,4.066716494836678,0.0,-0.05809140096676002,1.0,0.8440046415849956
2023-06-20,2.7813365361023594,2.4170531791394874,4.04561717909583,-0.0007145058624579148,-0.06297829853025005,1.0,0.8083582089552238
2023-06-21,2.7935559166871258,2.427672135999312,4.024888679915767,0.0,-0.06777930977545088,1.0,0.802312174110729
2023-06-22,2.8050614161835155,2.437670711782704,4.039417946979246,0.0,-0.06441412766794052,1.0,0.7815275593254332
2023-06-23,2.7984818658023087,2.4319529128181494,4.0088793711009805,-0.0023455994022970605,-0.0714872903185676,1.0,0.7795893971223222
2023-06-26,2.8006421366892384,2.4338302439311876,3.9925004182678943,-0.00157546621574145,-0.0752808856026822,1.0,0.7966804582927772
2023-06-27,2.8144395964739357,2.445820592313619,4.036271722357188,0.0,-0.06514283743410443,1.0,0.8357771634983796
2023-06-28,2.835405482467336,2.4640404879415096,4.038306962974997,0.0,-0.06467144715119422,1.0,0.8357663962075784
2023-06-29,2.822437769173257,2.452771210658169,4.054223347797871,-0.004573495175298481,-0.06098498910839212,1.0,0.8446541083150926
2023-06-30,2.8326949012592304,2.461684922967143,4.102066012529647,-0.0009559765701472323,-0.04990395669102554,1.0,0.8409937688935613
2023-07-03,2.8372838340546176,2.465672823912597,4.106785789166167,0.0,-0.04881079020029544,1.0,0.8483145825013984
2023-07-05,2.8263248350679926,2.456149171166163,4.100677722227769,-0.0038624965380936738,-0.05022550420360805,1.0,0.8444306320908387
2023-07-06,2.796558149039071,2.4302811533392097,4.068567060013149,-0.014353757818211577,-0.05766278410718728,1.0,0.8588733981477576
2023-07-07,2.8092278725759194,2.4412914698385113,4.058295001575976,-0.009888316826802912,-0.060041936965280374,1.0,0.8812785157866844
2023-07-10,2.81382089501516,2.4452829247899435,4.068567060013149,-0.008269507180720725,-0.05766278410718728,1.0,0.8602088281256483
2023-07-11,2.818458744713822,2.4493133357858854,4.094477903839944,-0.006634898177914628,-0.05166146912994407,1.0,0.8736231884057971
2023-07-12,2.850025165812647,2.4767453698028445,4.127421950625561,0.0,-0.04403116566676324,1.0,0.87448441959109
2023-07-13,2.8462953985727224,2.473504105882534,4.160180735698598,-0.001308678703846211,-0.03644377141556565,1.0,0.8404717248303395
2023-07-14,2.8531427071131397,2.4794545935927905,4.157589709943042,0.0,-0.037043889334425484,1.0,0.84429276001497
2023-07-17,2.8543869255092877,2.480535851466808,4.172025759878988,0.0,-0.033700297621552244,1.0,0.8316707754727347
2023-07-18,2.863494005936225,2.4884501392248275,4.2030263174962235,0.0,-0.026520133518258326,1.0,0.828518722847832
2023-07-19,2.850895228072657,2.47750147634526,4.2123726536417285,-0.004399791945591591,-0.024355390931435794,1.0,0.8245505698692113
2023-07-20,2.8518975235976907,2.47837249700521,4.184425982925882,-0.004049766583933523,-0.030828231980234655,1.0,0.830917901193118
2023-07-21,2.859300433424347,2.4848058165618854,4.184425982925882,-0.0014644949502896631,-0.030828231980234655,1.0,0.8397359020488313
2023-07-24,2.868744533909299,2.4930129834418975,4.203119241488135,0.0,-0.02649861101794404,1.0,0.8292683119719974
2023-07-25,2.8695382543873116,2.493702747006941,4.214593449107741,0.0,-0.02384102354221973,1.0,0.8554735426935821
2023-07-26,2.884350072861745,2.506574599250552,4.215241571966156,0.0,-0.023690909194601373,1.0,0.8545006526966112
2023-07-27,2.854652033766427,2.4807662373792705,4.1872943149790665,-0.010296267216223343,-0.030163886032046006,1.0,0.8353388240573557
2023-07-28,2.8781111178360375,2.5011527864337086,4.228289917871465,-0.0021630366869849205,-0.020668729205665537,1.0,0.866506357618826
2023-07-31,2.883943749518672,2.5062214937865472,4.23634000830014,-0.00014087171557164435,-0.01880421531407972,1.0,0.8373115537762688
2023-08-01,2.876359925296391,2.4996309549543834,4.22421797095774,-0.002770172608565047,-0.021611849243099668,1.0,0.8513428985098735
2023-08-02,2.8222566898296644,2.4526138480386415,4.165455711201619,-0.02152768612114897,-0.03522201307753192,1.0,0.8525091719655706
2023-08-03,2.8254543467429873,2.455392694362278,4.153518056164938,-0.020419063092547374,-0.037986941477537006,1.0,0.8958797784077079
2023-08-04,2.805814670876632,2.43832530953708,4.134732166746393,-0.027228110319907683,-0.0423380170458193,1.0,0.8984198993733628
2023-08-07,2.835348300345625,2.4639907952030438,4.17082243815407,-0.016988843683423682,-0.03397900381647456,1.0,0.9188607973762428
2023-08-08,2.8228924596661775,2.4531663484227546,4.15268467159394,-0.02130726563804075,-0.03817996503713861,1.0,0.8899548877586639
2023-08-09,2.828804771757865,2.458304300105978,4.124923555726297,-0.019257475584012584,-0.044609828979631505,1.0,0.8819636370751981
2023-08-10,2.8268045306601435,2.456566039006849,4.126403890613224,-0.019950956280597065,-0.04426696264970276,1.0,0.8842105636897022
2023-08-11,2.849112782247162,2.475952484954526,4.123998419705872,-0.012216717709172431,-0.044824103462256404,1.0,0.8727973641618011
2023-08-14,2.8589381957248357,2.4844910226590824,4.14676333204623,-0.008810261062276892,-0.03955143035685427,1.0,0.845102531397121
2023-08-15,2.8260814929127234,2.455937700557562,4.098456633626135,-0.0202016324222426,-0.05073993948714706,1.0,0.8512349299189054
2023-08-16,2.817022641522507,2.4480653250762554,4.06838267770743,-0.023342323101730345,-0.057705489636202256,1.0,0.885422262770053
2023-08-17,2.789803680367713,2.424411345869459,4.0373815338189525,-0.03277909758028319,-0.06488578952814161,1.0,0.8845545918489951
2023-08-18,2.8039767559705675,2.4367281140848114,4.039325609258578,-0.027865312760539496,-0.06443551437960915,1.0,0.9021684351401911
2023-08-21,2.8185910234265066,2.4494282893986097,4.065606390239294,-0.02279856736321706,-0.058348516767045,1.0,0.8991684098650373
2023-08-22,2.8164008841717956,2.447525001903679,4.0545938712230365,-0.023557885476270468,-0.0608991706844253,1.0,0.9126265094423408
2023-08-23,2.8352043022129285,2.463865657112092,4.099752586207345,-0.01703876762783374,-0.05043977868623284,1.0,0.906517127267944
2023-08-24,2.813597223935559,2.4450885488534064,4.042934401890848,-0.02452991042657582,-0.06359966737213285,1.0,0.8907469077084632
2023-08-25,2.838092150918601,2.4663752721134826,4.071435685201957,-0.016037554656896713,-0.05699837026467525,1.0,0.9173333333333333
2023-08-28,2.859703228015377,2.48515585544936,4.097254777579324,-0.00854502547324798,-0.05101830621045533,1.0,0.8848758807898447
2023-08-29,2.8747297527792868,2.498214292995693,4.1564793122100365,-0.0033353510633032935,-0.037301073029033294,1.0,0.8808410783159316
2023-08-30,2.8942930924132053,2.5152153396662307,4.173599605029072,0.0,-0.033335773002663105,1.0,0.8725845692035287
2023-08-31,2.904383918774414,2.523984528011444,4.167491831226294,0.0,-0.03475041911165311,1.0,0.8578491803587891
2023-09-01,2.912530249557649,2.5310638995518375,4.175264615357339,0.0,-0.03295013324939655,1.0,0.8523869305884446
2023-09-05,2.906542761756678,2.5258606182385033,4.1572194796535005,-0.002055768451462492,-0.03712963986406881,1.0,0.8316391480525474
2023-09-06,2.8973720316333087,2.5178910172527904,4.129272808937654,-0.005204484288752864,-0.04360248091286767,1.0,0.8626847412224672
2023-09-07,2.898493162959829,2.5188653092889477,4.116594986457508,-0.004819550492205837,-0.04653884247783735,1.0,0.869957824745327
2023-09-08,2.910004026791583,2.528868546818115,4.122794804845333,-0.0008673636150043906,-0.04510287755150144,1.0,0.8685162886768718
2023-09-11,2.925065985925982,2.5419577777462377,4.149908970397046,0.0,-0.03882285637933591,1.0,0.8574969345337419
2023-09-12,2.9206112632484547,2.538086508854415,4.12714435119231,-0.0015229477553537762,-0.04409546159041522,1.0,0.8614231963590359
2023-09-13,2.930989005359498,2.5471050343856465,4.131956465549499,0.0,-0.0429809083880166,1.0,0.8756923076923078
2023-09-14,2.9489977361742716,2.56275508589977,4.167584462082584,0.0,-0.03472896450566165,1.0,0.8467336642838786
2023-09-15,2.926528276410937,2.5432285458893973,4.1173715027179965,-0.007619354700653003,-0.0463589904168511,1.0,0.8357235901224707
2023-09-18,2.930545123169802,2.546719289315303,4.119786353965226,-0.0062572489555072774,-0.045799676985968873,1.0,0.8607989766515293
2023-09-19,2.9345943172240045,2.5502381433750774,4.111242330014874,-0.004884174298808608,-0.047778592811402176,1.0,0.8679479682833803
2023-09-20,2.912762116182,2.5312653976281214,4.073446595563208,-0.012287435676122338,-0.056532615210554193,1.0,0.8747675594627496
2023-09-21,2.8662385979222638,2.4908352604423385,4.006119499227631,-0.028063479750028986,-0.07212651536733572,1.0,0.9006544010113827
2023-09-22,2.865041000467753,2.4897945173689346,3.9971114415889595,-0.028469582962595052,-0.07421290790569535,1.0,0.9616228190843199
2023-09-25,2.866349229445893,2.4909314020895037,4.013919838107065,-0.028025964792905644,-0.07031984743873998,1.0,0.9508015397965284
2023-09-26,2.808133030845882,2.440340024139693,3.9549500383311527,-0.047766976420650975,-0.08397808045368516,1.0,0.9378468130237402
2023-09-27,2.8351572625327597,2.4638247784168956,3.956528866786795,-0.038603106487696714,-0.08361240163130945,1.0,0.9604462809070043
2023-09-28,2.860270424851971,2.4856487641280807,3.9794661428724023,-0.030087276851357148,-0.0782998066641255,1.0,0.9534274944047115
2023-09-29,2.8503241441044604,2.47700518964893,3.969808789832831,-0.033460043342664725,-0.08053658512739459,1.0,0.9434168004214847
2023-10-02,2.848423787082516,2.475353730387611,3.968229668241568,-0.03410445110148852,-0.08090233184409301,1.0,0.9465153853787045
2023-10-03,2.7953006940945007,2.4291883925632494,3.9151105623286635,-0.05211839948007613,-0.09320546207110714,1.0,0.9457572076417274
2023-10-04,2.8237586358586086,2.453919077872225,3.943620053437164,-0.04246836095511397,-0.0866022639226125,1.0,0.969132785295342
2023-10-05,2.8305599710415734,2.4598296135492257,3.9421347352446765,-0.040162040031386126,-0.08694628445602826,1.0,0.9518442399733752
2023-10-06,2.8388752055338973,2.467055766768759,3.988938820470634,-0.037342358486594174,-0.076105801624194,1.0,0.9482051282051281
2023-10-09,2.8463772736029846,2.4735752573953476,4.014476502651675,-0.034798420260714114,-0.07019091611982198,1.0,0.9316604605702249
2023-10-10,2.865462434966312,2.490160754816765,4.035371796000185,-0.028326675257584255,-0.06535127300497179,1.0,0.9409888624424385
2023-10-11,2.875684338775246,2.499043852844473,4.051901713678176,-0.024860445465832992,-0.06152271214463667,1.0,0.9321291501535379
2023-10-12,2.8629944463883437,2.48801600909433,4.02719917488186,-0.029163565889168797,-0.06724416672347056,1.0,0.9126489373752393
2023-10-13,2.7933574318263035,2.427499647536432,4.0071404905961785,-0.05277735633323344,-0.071890039441169,1.0,0.9226091685583756
2023-10-16,2.847521819070694,2.474569896924037,4.049301307582743,-0.034410306884542496,-0.06212500268182475,1.0,0.9392319050379597
2023-10-17,2.8319014867140058,2.4609954252655815,4.04911575273454,-0.039707134401593236,-0.06216797978813071,1.0,0.9159126749045717
2023-10-18,2.7972717478188294,2.4309012890821724,3.9951606240300475,-0.05145001859251208,-0.07466474462365136,1.0,0.9283488986250155
2023-10-19,2.7693007859450196,2.4065938018568316,3.9600573402588637,-0.06093492308419757,-0.08279515766826895,1.0,0.9389350583642179
2023-10-20,2.7649179133052417,2.4027849725007897,3.9113959477371494,-0.06242114756854178,-0.09406581892909904,1.0,0.9643983544369406
2023-10-23,2.784401801849313,2.419716974125247,3.904616893361884,-0.05581419487235295,-0.09563594303720535,1.0,0.967468782678963
2023-10-24,2.8084428570256255,2.4406092710801506,3.934055331253884,-0.04766191490231109,-0.0888175877798899,1.0,0.9549929710670503
2023-10-25,2.7730217531736847,2.4098274183404103,3.877593013581492,-0.059673149572803785,-0.10189505275796151,1.0,0.9386442780482188
2023-10-26,2.7679433398914317,2.405414146228415,3.831160331187562,-0.06139523067851571,-0.11264951348286101,1.0,0.9465541524714651
2023-10-27,2.750011897947055,2.3898312607359076,3.8137946838536045,-0.06747575143457396,-0.11667164105737982,1.0,0.9587390029014337
2023-10-30,2.79009099833406,2.4246610325920006,3.859391929727189,-0.05388499824566195,-0.10611067915234129,1.0,0.9550965228015944
2023-10-31,2.826830613122485,2.456588705339278,3.8836292622927022,-0.0414266588112997,-0.10049697286372472,1.0,0.9495192655973899
2023-11-01,2.8514818286333767,2.4780112473606586,3.9250472736152124,-0.03306747453370451,-0.09090398031824976,1.0,0.9307337205247842
2023-11-02,2.8703568199303495,2.4944141015742343,4.000268219093379,-0.026666997834302486,-0.07348175394391254,1.0,0.9094339996680906
2023-11-03,2.883915131305146,2.5061966238209448,4.03676419020076,-0.022069398043539135,-0.06502877497187054,1.0,0.8797753186076012
2023-11-06,2.9030405067121303,2.5228170682834006,4.046051019815167,-0.01558401652819219,-0.06287781493256794,1.0,0.8658536930624012
2023-11-07,2.906218578010975,2.525578894202953,4.057566266421738,-0.014506338081762604,-0.060210722251657356,1.0,0.8743393658038052
2023-11-08,2.9165523098663497,2.5345591736870063,4.060537782213577,-0.011002187594085222,-0.05952247750185735,1.0,0.8752955043274381
2023-11-09,2.8935195985473023,2.5145431535487455,4.028870927329413,-0.01881253991701637,-0.06685696540078079,1.0,0.8683894549292585
2023-11-10,2.918345567797143,2.5361175610760833,4.091740603409422,-0.010394096950679055,-0.05229546631586035,1.0,0.8838150678784615
2023-11-13,2.9228032501160857,2.5399914019726233,4.0878404339697045,-0.008882504634326382,-0.05319880028015822,1.0,0.857748160251456
2023-11-14,2.92878013824962,2.545185471901595,4.167147396871413,-0.006855752270220394,-0.03483019494089434,1.0,0.8886212798090676
2023-11-15,2.9417202831819678,2.556430791567617,4.1759690202550175,-0.0024677716442552677,-0.03278698319180895,1.0,0.8692448866901497
2023-11-16,2.9507011393992295,2.56423538723217,4.181076908453972,0.0,-0.03160392461774708,1.0,0.8710073342706834
2023-11-17,2.959533729570676,2.571911135879203,4.186277720644837,0.0,-0.03039934354337115,1.0,0.8872367126100567
2023-11-20,2.9640600810844346,2.575844652076982,4.218501826344852,0.0,-0.022935788536884494,1.0,0.8706624396131633
2023-11-21,2.976676335870792,2.5868085028531747,4.209308213857978,0.0,-0.025065158181550085,1.0,0.8546845352861634
2023-11-22,2.971107007545608,2.581968612908421,4.22555906642461,-0.0018709888804738783,-0.021301232716480878,1.0,0.8612903225806451
2023-11-24,2.996644965836328,2.6041617572741216,4.228159765655665,0.0,-0.02069887428496997,1.0,0.83010338372036
2023-11-27,2.993253662207557,2.6012146269607093,4.220544981624434,-0.001131700173839123,-0.022462565107259747,1.0,0.8240740803113621
2023-11-28,3.000491572957975,2.6075045580648903,4.224723629904266,0.0,-0.021494731536341627,1.0,0.8272490139355814
2023-11-29,2.9915098420506885,2.599699202272148,4.221751527841184,-0.0029934198076857488,-0.02218311207478707,1.0,0.8326771778598872
2023-11-30,3.001107546749817,2.608039855175655,4.238374955782329,0.0,-0.018332892925492117,1.0,0.8368794202742426
2023-12-01,3.0049861121216956,2.611410428510062,4.263448897410672,0.0,-0.012525416239723697,1.0,0.8367875875084226
2023-12-04,3.001536231268794,2.6084123930782033,4.241068579005295,-0.0011480521786724207,-0.017709011993667145,1.0,0.8222656433790694
2023-12-05,3.007155948734845,2.6132960724858805,4.240232263078085,0.0,-0.017902714496496386,1.0,0.8341836572338872
2023-12-06,3.0033386609928643,2.6099787509921732,4.223144801448622,-0.0012694013237279922,-0.021860410358717774,1.0,0.8253050900361674
2023-12-07,3.0033967949508034,2.610029270900868,4.255368907148637,-0.0012500694503798648,-0.014396855352231008,1.0,0.8240152597587119
2023-12-08,3.0208955846022376,2.6252361703929243,4.273663501266094,0.0,-0.010159570668891393,1.0,0.8345048126733753
2023-12-11,3.0339633903974668,2.6365924306410995,4.290286636071618,0.0,-0.0063094194139192705,1.0,0.8146438076718192
2023-12-12,3.051084391948019,2.6514710225305245,4.3098815798046015,0.0,-0.0017709555148244238,1.0,0.8314680940683277
2023-12-13,3.059203386626045,2.6585266382905073,4.369315120133211,0.0,0.0,1.0,0.8138907661560983
2023-12-14,3.06160228543269,2.6606113432198724,4.383337848843302,0.0,0.0,1.0,0.8315143333478184
2023-12-15,3.0424176846437074,2.643939430373068,4.376120556714382,-0.006266196259476331,-0.0016465288275291368,1.0,0.8438133896003331
2023-12-18,3.040963573707836,2.642675770469008,4.400736913638073,-0.006741147216623999,0.0,1.0,0.8116325120367501
2023-12-19,3.031590360935347,2.6345302068392846,4.427496971359409,-0.00980268555460062,0.0,1.0,0.811893974350415
2023-12-20,2.9942411458283384,2.6020727756938733,4.366144565254595,-0.022001923608713114,-0.013857131128872546,1.0,0.8011508775541352
2023-12-21,3.0090800032811558,2.6149681255070214,4.407543522761729,-0.017155161662061325,-0.004506710840629591,1.0,0.824487337931447
2023-12-22,3.0229524047042737,2.6270236001059475,4.416401201826737,-0.012624069727252052,-0.0025061043755529866,1.0,0.837423352079958
2023-12-26,3.0394007661162696,2.641317650367917,4.43504931750333,-0.007251601366401128,0.0,1.0,0.8148843143534845
2023-12-27,3.0639262901107767,2.662630963220039,4.4430686286917815,0.0,0.0,1.0,0.8180100696716736
2023-12-28,3.065171972674679,2.663713493493595,4.444747123258622,0.0,0.0,1.0,0.8140143829321406
2023-12-29,3.0628467935218273,2.661692852844569,4.431879642031577,-0.0007585803255347745,-0.002894986119618026,1.0,0.8187787508080872
2024-01-02,3.062906565414553,2.6617447961608347,4.4070774371240615,-0.0007390799864809283,-0.00847510220265213,1.0,0.8158584412362269
2024-01-03,3.0416135413722643,2.643240609131735,4.371085952420721,-0.007685843245479496,-0.016572634796802044,1.0,0.8527132035104087
2024-01-04,3.042430451640439,2.643950525222482,4.357006062264501,-0.00741932956355329,-0.019740394348867873,1.0,0.8753116707374209
2024-01-05,3.0625843294165747,2.661464764768288,4.362974010375979,-0.0008442081818483826,-0.018397697465113105,1.0,0.8809226429857377
2024-01-08,3.0776433524125504,2.6745514441163993,4.4252597602986095,0.0,-0.0043843580792344294,1.0,0.860734996969271
2024-01-09,3.0911216907718866,2.686264467750211,4.4185454888956235,0.0,-0.005894966268359836,1.0,0.8639365722186867
2024-01-10,3.0974444982281404,2.691759150491711,4.443535007465069,0.0,-0.00027270748142460555,1.0,0.8563758608511051
2024-01-11,3.1000408052414974,2.6940154082437666,4.441577154651249,0.0,-0.000713194366173453,1.0,0.8615071550825987
2024-01-12,3.0903087026827687,2.6855579601342146,4.4446536129954675,-0.003139346599010495,-2.1038376438964335e-05,1.0,0.8543955797720705
2024-01-16,3.069895252044483,2.6678181450769474,4.428336511778449,-0.00972424399899674,-0.0036921361384767426,1.0,0.8500669582799392
2024-01-17,3.046652508894063,2.6476196018606086,4.403720447990379,-0.01722180438953147,-0.009230373321703178,1.0,0.8792884498890187
2024-01-18,3.0689401580177953,2.6669881437363627,4.442881901301093,-0.010032334790922026,-0.00041964636137992173,1.0,0.9029304491922704
2024-01-19,3.083424570427868,2.679575471666407,4.498267238701293,-0.005360005192684869,0.0,1.0,0.8920454459523149
2024-01-22,3.1049232343593864,2.6982583650625966,4.507778610201519,0.0,0.0,1.0,0.8715596199551661
2024-01-23,3.120898180865508,2.7121410055622297,4.520925449675542,0.0,0.0,1.0,0.8810955086654719
2024-01-24,3.1045014537579445,2.6978918268424343,4.525867423112912,-0.005253848782409198,0.0,1.0,0.864325041621446
2024-01-25,3.0972329060039034,2.691575271391992,4.55048319376536,-0.007582841057327094,0.0,1.0,0.8777554953649964
2024-01-26,3.1040778076472155,2.6975236674465912,4.54470197304457,-0.005389593714213214,-0.0012704630419712037,1.0,0.8907284543188119
2024-01-29,3.0963841265201477,2.690837660131013,4.5806937508835315,-0.007854807470380809,0.0,1.0,0.8822355446162545
2024-01-30,3.107874356860078,2.7008229666236585,4.577150034359161,-0.004173101219796194,-0.0007736200490781053,1.0,0.8935610881336036
2024-01-31,3.07581990325126,2.672966819769403,4.502463475118394,-0.014444007782960178,-0.01707825932481255,1.0,0.8791281174488319
2024-02-01,3.0815831842306176,2.6779752595725745,4.561392235907342,-0.01259733395851681,-0.004213666319095477,1.0,0.8991228048684954
2024-02-02,3.083290718021381,2.6794591504731833,4.609411954554307,-0.012050204993774405,0.0,1.0,0.895483870967742
2024-02-05,3.105258397865639,2.6985496307932277,4.592628474564001,-0.005011308313663476,-0.00364113256870513,1.0,0.8872517812052354
2024-02-06,3.1208585254438552,2.71210654397812,4.6059623345643335,-1.2706413139551564e-05,-0.0007483861334124375,1.0,0.8917155947835943
2024-02-07,3.1240336039119416,2.7148657690505593,4.644377757719161,0.0,0.0,1.0,0.8712475116352723
2024-02-08,3.1272277754978592,2.717641586534796,4.646429413931756,0.0,0.0,1.0,0.8639730417791542
2024-02-09,3.1214191788185564,2.7125937662197024,4.673282981916246,-0.0018574267998044958,0.0,1.0,0.8566644165148538
2024-02-12,3.1103181013712615,2.7029466436268144,4.671231032568029,-0.005407240962454596,-0.000439080910819456,1.0,0.8574270600408815
2024-02-13,3.0644873280720972,2.6631185196773113,4.606894505839666,-0.02006264075720343,-0.014205961062806804,1.0,0.8889597914599713
2024-02-14,3.097755186639503,2.692029146733681,4.648760428391329,-0.00942450981322085,-0.005247393239358522,1.0,0.9423305759557948
2024-02-15,3.1029466810027757,2.696540689221387,4.680835621195787,-0.00776441507885306,0.0,1.0,0.9026992921856898
2024-02-16,3.1038706577211475,2.697343648818545,4.657525183464426,-0.007468953160277292,-0.004979973581171526,1.0,0.8889593779526235
2024-02-20,3.085280868885906,2.681188642899442,4.63188373127349,-0.013413447827693159,-0.01045793825799679,1.0,0.8978562615545073
2024-02-21,3.0878459548360957,2.6834177687424297,4.636079381419351,-0.012593205064985735,-0.009561591860600904,1.0,0.9396709410958201
2024-02-22,3.1004943064731085,2.6944095125096035,4.732025308450127,-0.008548615880880184,0.0,1.0,0.9451633045385968
2024-02-23,3.1246408085004242,2.71539344549745,4.735288787320655,-0.0008272397097851547,0.0,1.0,0.9220037779289895
2024-02-26,3.1310159914781273,2.720933643917828,4.717945125158285,0.0,-0.0036626408528260823,1.0,0.9016393442622951
2024-02-27,3.1415771094354197,2.7301115277886208,4.726710173367002,0.0,-0.0018116347996816051,1.0,0.9027595110996849
2024-02-28,3.1318309032008043,2.7216418232209967,4.720463160144168,-0.003102329147148253,-0.0031308813131279978,1.0,0.901947595053114
2024-02-29,3.140580887900028,2.7292457855823145,4.73743307438954,-0.0003171087325533062,0.0,1.0,0.9093298132183143
2024-03-01,3.1392426773302065,2.7280828460853637,4.781909369647757,-0.0007430764943512358,0.0,1.0,0.8975217499061018
2024-03-04,3.1397682766422434,2.728539605442465,4.776781255090943,-0.0005757722093605588,-0.0010723989436862702,1.0,0.8780977717364921
2024-03-05,3.1147001821144156,2.706754784804268,4.729041480962199,-0.008555234006601964,-0.011055811517701852,1.0,0.8857518322695346
2024-03-06,3.1116539405797043,2.704107522349571,4.753004438586293,-0.00952488760051251,-0.006044642176811554,1.0,0.9088623594394337
2024-03-07,3.1161170396164755,2.7079860705135985,4.800184909949838,-0.008104232024888858,0.0,1.0,0.9079523955886383
2024-03-08,3.0992657400851233,2.6933418566343375,4.7713729028802865,-0.01346819380088371,-0.00600227024792932,1.0,0.9076052884028646
2024-03-11,3.10534580689563,2.6986255914945243,4.767270762997581,-0.011532838850579985,-0.006856849802605036,1.0,0.9042945208541084
2024-03-12,3.1362925931393755,2.7255191468423487,4.818553960515073,-0.0016821221036315004,0.0,1.0,0.924665908053276
2024-03-13,3.1405155962509577,2.7291890454554344,4.811000441828667,-0.0003378918127694419,-0.0015675903493667098,1.0,0.883780340667572
2024-03-14,3.1232908871675953,2.7142203290454323,4.801489949735304,-0.005820714128869753,-0.003541313622218989,1.0,0.8814102348569666
2024-03-15,3.1120471143968,2.704449200536382,4.768520400150644,-0.009399735868309333,-0.010383521856229483,1.0,0.8933002016322975
2024-03-18,3.1253539993415353,2.7160132267312087,4.796860752005727,-0.005164001878279478,-0.0045020163076118225,1.0,0.8781231038385712
2024-03-19,3.141725737232661,2.73024068917746,4.823517332852788,0.0,0.0,1.0,0.8834772260564531
2024-03-20,3.1581551915531767,2.7445183086893294,4.868130815581713,0.0,0.0,1.0,0.8763474698059585
2024-03-21,3.161596125222865,2.7475085687882324,4.884220150421079,0.0,0.0,1.0,0.8534031562750803
2024-03-22,3.1582490123032936,2.744599841340771,4.874959996148199,-0.0010586782077787182,-0.0018959330226099302,1.0,0.8511198774874063
2024-03-25,3.1626549735765277,2.7484287353147305,4.861490707490884,0.0,-0.004653648326690463,1.0,0.8535947606006353
2024-03-26,3.165150292391635,2.7505972317180727,4.852512256549952,0.0,-0.006491905134209275,1.0,0.8576072758032923
2024-03-27,3.177436682134109,2.7612744212640776,4.893291232218304,0.0,0.0,1.0,0.8659254436254045
2024-03-28,3.1634490762742136,2.749118831038528,4.89235642272238,-0.004402166670556817,-0.00019103900658290485,1.0,0.8514323654312189
2024-04-01,3.160088972090761,2.7461988138477156,4.883845229961599,-0.005459655621429027,-0.001930398541274303,1.0,0.8564845529555775
2024-04-02,3.143152615425651,2.7314806831256386,4.852792494203795,-0.010789850479547947,-0.008276380066622124,1.0,0.8795102833371227
2024-04-03,3.1460285647287414,2.733979957239306,4.858123751746083,-0.009884734314917099,-0.0071868766446336885,1.0,0.9080173935020224
2024-04-04,3.1177121362896956,2.709372250659367,4.798825053803213,-0.018796455073433527,-0.019305243430660424,1.0,0.9006913977017348
2024-04-05,3.1056632263440576,2.698901437181297,4.84895798714322,-0.022588477118557382,-0.009060005417863892,1.0,0.9527972112695406
2024-04-08,3.1306435014304768,2.7206099404600916,4.8516700779103195,-0.014726707527088712,-0.008505758666874974,1.0,0.9330616830763779
2024-04-09,3.133458792925972,2.7230565013746246,4.8572818662420705,-0.013840681532825805,-0.007358925571227193,1.0,0.9172705609828098
2024-04-10,3.123802697108937,2.71466510508378,4.808645097112534,-0.016879639278649217,-0.017298405324507216,1.0,0.9123020664066307
2024-04-11,3.1356457601774115,2.7249570323169077,4.844935287013851,-0.013152401176607764,-0.009882090174005653,1.0,0.9272299971300225
2024-04-12,3.0804011360447396,2.6769480292146213,4.778061085212987,-0.030538939339051052,-0.0235485977712957,1.0,0.9041843667041466
2024-04-15,3.0456338373356355,2.6467343500053104,4.7182001531487066,-0.041480872156970494,-0.03578186352710144,1.0,0.9510988612290744
2024-04-16,3.066064282625813,2.6644889338533546,4.7095954501247705,-0.0350510208856446,-0.037540332953012734,1.0,0.9836317519412517
2024-04-17,3.0718365315217544,2.6695051670073155,4.681723235856702,-0.03323438393158751,-0.043236338554427434,1.0,0.9766454273341684
2024-04-18,3.066519016148937,2.664884109012297,4.672089333666825,-0.03490790756235451,-0.045205136594986484,1.0,0.9701651335052556
2024-04-19,3.0518417290626143,2.652129168014451,4.631310064862853,-0.03952713008497766,-0.053538846335268175,1.0,0.9646302329684294
2024-04-22,3.097940524002659,2.692190209682022,4.673960125201156,-0.025018959017637066,-0.04482281895936058,1.0,0.971948051948052
2024-04-23,3.1232774831798222,2.714208680634376,4.72942402294783,-0.017044934131594025,-0.033488137430190634,1.0,0.9608622125007181
2024-04-24,3.1288353975603553,2.7190386515668683,4.7271797766321235,-0.015295752342454505,-0.03394677481946562,1.0,0.940647464804387
2024-04-25,3.1149741287590422,2.706992851503396,4.709221409072153,-0.019658158328150876,-0.03761677251789175,1.0,0.9483372835685995
2024-04-26,3.13532557965083,2.7246787871820137,4.753836357479185,-0.013253168102470347,-0.028499197803908194,1.0,0.9389125969476597
2024-04-29,3.1438311960469885,2.732070387185833,4.770671722474439,-0.01057628819987988,-0.02505869851696474,1.0,0.9237860834126792
2024-04-30,3.1262067556776425,2.716754293979443,4.695098134844,-0.01612303613932542,-0.040503025053846176,1.0,0.916875
2024-05-01,3.12488084762235,2.7156020456848937,4.679852737457993,-0.016540324723783306,-0.043618596284438094,1.0,0.9433393523844388
2024-05-02,3.1447219971353566,2.7328445163049357,4.72362521408977,-0.01029593608668844,-0.03467319030827809,1.0,0.9287869814992935
2024-05-03,3.1662964979463437,2.7515933139051785,4.7821767093342675,-0.00350602869615102,-0.022707522935164426,1.0,0.914641788025938
2024-05-06,3.1823075739145144,2.765507351839093,4.831561267433418,0.0,-0.012615223957741284,1.0,0.8834315386769571
2024-05-07,3.1849389484028943,2.767794084131316,4.836891938704464,0.0,-0.011525840346983007,1.0,0.8981357915356899
2024-05-08,3.1906813987402076,2.7727844215693396,4.837360076291478,0.0,-0.011430171079653828,1.0,0.8849498440662734
2024-05-09,3.1943976982252047,2.7760139816632914,4.865232290559547,0.0,-0.005734165478239239,1.0,0.8724832438138218
2024-05-10,3.2023447467607915,2.78292017179109,4.871499237004621,0.0,-0.004453443332822715,1.0,0.862678447796834
2024-05-13,3.1938500859772123,2.775538092497142,4.872153515711081,-0.0026526378186394473,-0.004319733999899378,1.0,0.8560709502473439
2024-05-14,3.205989316281809,2.786087396696464,4.894508038181795,0.0,0.0,1.0,0.9133646532183433
2024-05-15,3.2323779510592314,2.809019800867626,4.955117052351311,0.0,0.0,1.0,0.9129251819133782
2024-05-16,3.2324407748900894,2.8090743963968365,4.944921209175644,0.0,-0.0020576392177918956,1.0,0.8842329593367628
2024-05-17,3.2381531549038334,2.8140386019481793,4.952029747989108,0.0,-0.00062305377039229,1.0,0.8734177051176027
2024-05-20,3.23649928375581,2.8126013452680443,4.957734753448393,-0.000510745189898909,0.0,1.0,0.8570407574096542
2024-05-21,3.2513593304420114,2.8255151090714627,4.969894605285924,0.0,0.0,1.0,0.8610914454735852
2024-05-22,3.2349996574864117,2.811298131365332,4.9555831379889765,-0.005031641013168331,-0.002879631950690742,1.0,0.850179223093822
2024-05-23,3.2265245144929158,2.8039330135343206,4.919388510300163,-0.007638287074753891,-0.010162407655897376,1.0,0.8588399468634812
2024-05-24,3.2483885666046564,2.8229334386823,4.951936530861575,-0.0009136990210648621,-0.0036133712785878513,1.0,0.8704839763863219
2024-05-28,3.2321030145874303,2.8087808739831575,4.9553961174626675,-0.005922543126589241,-0.0029172626332629736,1.0,0.8419195438085135
2024-05-29,3.2083638253550424,2.7881509063184944,4.9206958951705975,-0.013223855230152015,-0.00989934677145854,1.0,0.8777173753820771
2024-05-30,3.2095090678080824,2.7891461515454115,4.888054657481653,-0.012871620261129202,-0.016467139507792994,1.0,0.9242718560706061
2024-05-31,3.230183382173461,2.807112663909066,4.932574923083045,-0.006512952312063169,-0.007509149623250666,1.0,0.928159067246579
2024-06-03,3.233632165821646,2.8101097458417295,4.936596157534308,-0.005452231764846438,-0.006700030965686832,1.0,0.8813096953940782
2024-06-04,3.2302830000052336,2.80719923437397,4.942115315009768,-0.006482313486375735,-0.005589512953978915,1.0,0.8858107993949322
2024-06-05,3.243320609191418,2.8185292529901296,5.000852658238089,-0.002472418589765879,0.0,1.0,0.8844085953486202
2024-06-06,3.2480088123453124,2.822603422437259,5.000759441110556,-0.0010304976338137983,-1.864024675468645e-05,1.0,0.8686382416187015
2024-06-07,3.2544861630160646,2.82823240721775,4.994680980869896,0.0,-0.0012341250162661854,1.0,0.8651994520635997
2024-06-10,3.252777218237628,2.8267472901324644,5.010112226239728,-0.000525104330710402,0.0,1.0,0.8480222157805636
2024-06-11,3.2534302902027927,2.8273148265125894,5.022178860949726,-0.00032443610462096206,0.0,1.0,0.8726027169266083
2024-06-12,3.267623433389122,2.839649033975514,5.063424215391365,0.0,0.0,1.0,0.886818509522198
2024-06-13,3.267688497943858,2.839705576751562,5.073621231109517,0.0,0.0,1.0,0.8526912250412724
2024-06-14,3.245942910644017,2.8208081005802708,5.076708535471719,-0.006654730802377218,0.0,1.0,0.8426252601067603
2024-06-17,3.2506558938667793,2.8249038045463117,5.117112590680589,-0.005212431995214928,0.0,1.0,0.8530997216864766
2024-06-18,3.2554088132176746,2.8290342140376326,5.130113155479647,-0.0037579116656651923,0.0,1.0,0.862068967740725
2024-06-20,3.2323619042194065,2.809005855749978,5.116177488049044,-0.010810881681861728,-0.0027164444541963872,1.0,0.8373043125491404
2024-06-21,3.243763752936347,2.818914356332927,5.109317528242335,-0.007321611292681385,-0.004053639092755468,1.0,0.8617780747240038
2024-06-24,3.2473024469613967,2.8219895727018294,5.0927102227603545,-0.006238676359539452,-0.00729085920440975,1.0,0.8701384267378843
2024-06-25,3.2619371470288834,2.8347075044820094,5.112320995816882,-0.0017600670683859398,-0.003468180744465754,1.0,0.8752462508638174
2024-06-26,3.2685897326912565,2.8404887729894406,5.118701972018593,0.0,-0.0022243531702346164,1.0,0.8640646229241619
2024-06-27,3.274110575462496,2.8452865277373984,5.126770823127023,0.0,-0.0006515124035916253,1.0,0.853161112675356
2024-06-28,3.2637393360688005,2.8362736532352435,5.106597229677842,-0.0031676509252380747,-0.004583900021130405,1.0,0.8488210773398122
2024-07-01,3.2896415320017263,2.858783329505526,5.117106727968165,0.0,-0.002535310063792595,1.0,0.8567492842845249
2024-07-02,3.297904466633423,2.865964032797387,5.151543128201179,0.0,0.0,1.0,0.8611698633799335
2024-07-03,3.294760325850468,2.863231693371194,5.174533168698598,-0.0009533753372075182,0.0,1.0,0.8586723628455026
2024-07-05,3.292910550333111,2.8616241907418334,5.2043714435778785,-0.001514269546264213,0.0,1.0,0.8623394868225613
2024-07-08,3.3037582892316513,2.87105115560238,5.2103772061844875,0.0,0.0,1.0,0.8696863880307297
2024-07-09,3.3038227625466314,2.871107184575832,5.215444348532098,0.0,0.0,1.0,0.8656403102184435
2024-07-10,3.305181267086561,2.8722877600561776,5.267052633453473,0.0,0.0,1.0,0.8693536971182136
2024-07-11,3.3032949365212536,2.870648490147411,5.221636545393774,-0.0005707192474107003,-0.008622675948070313,1.0,0.8862068965517241
2024-07-12,3.314345617717083,2.880251817098082,5.2545732637888625,0.0,-0.0023693269335014477,1.0,0.8807089252084009
2024-07-15,3.3011891686728787,2.8688185235804826,5.269023091099004,-0.003969546499277499,0.0,1.0,0.8670842101064659
2024-07-16,3.2986707164190374,2.8666299236222814,5.300269003231162,-0.004729410600467943,0.0,1.0,0.8823133894399968
2024-07-17,3.276245617279056,2.8471419341376407,5.225952674279938,-0.011495482014416525,-0.014021237206247261,1.0,0.8846411894691839
2024-07-18,3.256559899614091,2.8300345378020557,5.185792507907885,-0.01743503085317788,-0.021598242514387467,1.0,0.9170361010121691
2024-07-19,3.228037779807805,2.8052480801193083,5.151355521403629,-0.026040687322382183,-0.028095457369569754,1.0,0.9619565527620908
2024-07-22,3.2630778082422913,2.835698768493538,5.204465833247899,-0.015468456035706124,-0.01807515239789892,1.0,0.9627039712643921
2024-07-23,3.2691701179820623,2.8409931427749946,5.196302006198208,-0.013630292355007234,-0.019615418947523833,1.0,0.9266625145184911
2024-07-24,3.1781603713644597,2.761903325868832,5.0785406331040575,-0.04108963338785032,-0.041833418264607736,1.0,0.919425346006261
2024-07-25,3.173004311639897,2.757422576996007,5.05207986685194,-0.042645312945528535,-0.04682576228261626,1.0,0.9788388334933311
2024-07-26,3.2091363663156556,2.788822264336708,5.108662076993393,-0.03174359693781592,-0.03615041540739938,1.0,0.9876939257632176
2024-07-29,3.219145173852724,2.7975201762085193,5.111664372025455,-0.02872375269358096,-0.03558397339658226,1.0,0.9506960683060941
2024-07-30,3.1994507553831,2.7804052186492965,5.08576583989475,-0.03466592672767854,-0.040470240888839104,1.0,0.9673659759678517
2024-07-31,3.216888265047262,2.795558864252033,5.168433016421973,-0.029404704249567648,-0.024873452032117327,1.0,0.9822320807987185
2024-08-01,3.159003469911721,2.7452554844595745,5.095243500798541,-0.04686962849467757,-0.03868209374045595,1.0,0.9640542523254874
2024-08-02,3.0075103088101574,2.6136040205300946,5.000378364803033,-0.09257794578414347,-0.05658026757610024,1.0,0.9712643987885445
2024-08-05,3.0069088067483953,2.3883459041646207,4.854748295068267,-0.09275943019498667,-0.08405624467197714,0.0,1.0021422385212182
2024-08-06,3.0069088067483953,2.4862671186371874,4.8995077593365375,-0.09275943019498667,-0.07561149135078082,0.0,1.1441709002527365
2024-08-07,3.0069088067483953,2.5012779328429993,4.866758647739,-0.09275943019498667,-0.08179025540550577,0.0,1.03550073852738
2024-08-08,3.0069088067483953,2.5414490824492395,4.979264978552369,-0.09275943019498667,-0.06056372317765424,0.0,1.031099584005925
2024-08-09,3.0863744227541363,2.6091219688211025,5.0012231816632555,-0.06878316906490067,-0.05642087625846948,1.0,0.9859096903194504
2024-08-12,3.0886981483436524,2.6110863719215236,5.003849676828973,-0.06808205763672182,-0.055925336284155636,1.0,0.9617563600800403
2024-08-13,3.1370220409337146,2.6519378411555037,5.08614046721861,-0.0535018363309705,-0.040399560075538576,1.0,0.9574665188875581
2024-08-14,3.1792244820092,2.6876144315705024,5.102186711121664,-0.040768571323878455,-0.037372120544965304,1.0,0.912386678908528
2024-08-15,3.2027242537313545,2.7074803850369777,5.189640792342656,-0.03367825111208933,-0.020872187962736377,1.0,0.8775067387813273
2024-08-16,3.203353675167244,2.70801247773575,5.201275345147044,-0.033488342904410384,-0.018677100732768293,1.0,0.8517897491527073
2024-08-19,3.217683159725348,2.720126164489631,5.25100580327918,-0.029164869672920868,-0.00929447164322228,1.0,0.8309938486130598
2024-08-20,3.189523786893277,2.696321133660345,5.242467935176872,-0.03766107860223189,-0.010905308394546176,1.0,0.8328595720816211
2024-08-21,3.1828816371294804,2.6907060732382666,5.260484050454214,-0.03966513929170579,-0.007506213883237689,1.0,0.868708938922588
2024-08-22,3.154270003979479,2.6665187160384543,5.219197070754369,-0.04829780360922775,-0.015295814689286535,1.0,0.8756727700112233
2024-08-23,3.1924033326646493,2.6987554093194883,5.2746530538392715,-0.0367922658399239,-0.00483295270037698,1.0,0.9065082358838472
2024-08-26,3.191333714866904,2.6978511887318097,5.262078708233401,-0.037114989514856145,-0.007205350327404103,1.0,0.8719076159621273
2024-08-27,3.20596803812335,2.710222576346262,5.269303915024093,-0.032699540752295864,-0.0058421729516355825,1.0,0.884931506849315
2024-08-28,3.169043506138744,2.679007761034417,5.2387140404121215,-0.04384036197118846,-0.01161355447836998,1.0,0.8702763902076095
2024-08-29,3.1917274229181603,2.698184016893637,5.239183057406,-0.03699620043952512,-0.011525065197242501,1.0,0.9052910235630222
2024-08-30,3.2103536500658536,2.713930032052722,5.2891972708194315,-0.031376319685953336,-0.0020889000926144208,1.0,0.8694444444444445
2024-09-03,3.0800880559775585,2.603807675927826,5.180350151965175,-0.07067988337947717,-0.0226250500102696,1.0,0.8605851828669102
2024-09-04,3.0670882846009406,2.5928180860587786,5.169746850276077,-0.07460215729898834,-0.02462557143335853,1.0,0.9548386761067236
2024-09-05,3.0934437220458677,2.615098127757053,5.157173090941448,-0.06665022938174214,-0.026997858448784218,1.0,0.9660172313006372
2024-09-06,3.049422049591932,2.5778836174704765,5.070377978596855,-0.07993239048727507,-0.04337346359102923,1.0,0.9507883282294519
2024-09-09,3.0872977511673017,2.609902521053997,5.127146036722131,-0.06850458363065093,-0.03266305283816573,1.0,0.9841688753411776
2024-09-10,3.0992173045807005,2.6199789292953803,5.149478867156878,-0.06490823165405502,-0.02844952510568033,1.0,0.9315134474021646
2024-09-11,3.125996164747838,2.6426169189854707,5.202307182533578,-0.056828549190044986,-0.018482424314287593,1.0,0.9284671877549512
2024-09-12,3.1301453500343457,2.6461245071782464,5.246128026542849,-0.05557666246334758,-0.010214760166947556,1.0,0.9030117336504004
2024-09-13,3.132775884699852,2.6483482768333206,5.273526826782722,-0.05478298100434553,-0.005045437586684298,1.0,0.8762833881483933
2024-09-16,3.128663404796223,2.64487171819423,5.28131544023731,-0.05602379303120408,-0.003575962461961346,1.0,0.8589211312357709
2024-09-17,3.1127143562876487,2.631388904009818,5.283472918409149,-0.06083591896741225,-0.0031689117687749846,1.0,0.8652196093930905
2024-09-18,3.120251284849542,2.637760381735687,5.26780247437244,-0.05856188679599239,-0.006125449262844973,1.0,0.874813747350865
2024-09-19,3.143606296403111,2.6575039595975434,5.357695443961598,-0.051515243431847324,0.0,1.0,0.8958230790304971
2024-09-20,3.147892948675559,2.661127757972195,5.34843353087499,-0.05022188034697972,-0.001728712126973564,1.0,0.8563188390837845
2024-09-23,3.1457919521001108,2.6593516428382027,5.36179934265803,-0.05085579027001774,0.0,1.0,0.8526926897894916
2024-09-24,3.145300331969134,2.6589360429438447,5.377140888527783,-0.051004121249245915,0.0,1.0,0.8497325856526998
2024-09-25,3.138409823421675,2.6531110279699703,5.365281207566333,-0.053083116424228693,-0.002205573781180248,1.0,0.833243127890777
2024-09-26,3.13792535251072,2.6527014717969704,5.386552300781188,-0.0532292903501963,0.0,1.0,0.8298330777191685
2024-09-27,3.108522056170828,2.627844867922023,5.378740236476907,-0.06210081424399727,-0.0014502902539623719,1.0,0.8330622961747375
2024-09-30,3.121470333982315,2.6387909267823098,5.400293912430575,-0.05819407689522138,0.0,1.0,0.8679631118401248
2024-10-01,3.072529739336162,2.597418117405377,5.3519159820545354,-0.07296036873411038,-0.00895838840635721,1.0,0.8704474816695553
2024-10-02,3.0823280368851718,2.6057012839595357,5.354174885151301,-0.07000403928656207,-0.008540095784993373,1.0,0.9219722624570231
2024-10-03,3.0553070905416067,2.5828586423786675,5.344386500489066,-0.0781567636732774,-0.010352660956623017,1.0,0.9179213142271162
2024-10-04,3.076937612628338,2.6011443921430137,5.392952037662657,-0.07163043100262778,-0.0013595324415617283,1.0,0.9472954597781779
2024-10-07,3.023322857924816,2.555820197735945,5.344198307420273,-0.08780700426551269,-0.010387509628166591,1.0,0.9302663610105789
2024-10-08,3.022718193353231,2.576306394162066,5.394741337494302,-0.0879894428646596,-0.0010281986547977517,0.0,1.0022133619776175
2024-10-09,3.0371847656200406,2.5891517240243824,5.432107335125326,-0.08362460771002833,0.0,1.0,0.995353138678601
2024-10-10,3.0290084997155358,2.5821815873364984,5.4226015332019015,-0.08609153990345975,-0.0017499289570288568,1.0,0.997608806897323
2024-10-11,3.035324930263086,2.587566243952386,5.455072752230566,-0.08418575478745227,0.0,1.0,0.9957183417790826
2024-10-14,3.0566972528606864,2.605785809165004,5.4996862349594915,-0.07773732572702075,0.0,1.0,0.9850746051549655
2024-10-15,3.0377455299963727,2.589629766739527,5.4569564417322285,-0.08345541462004569,-0.0077694965497568935,1.0,0.9791252076682616
2024-10-16,3.043266157449097,2.5943360138696714,5.480672872298916,-0.08178973816698853,-0.003457172254612395,1.0,0.9923077287053229
2024-10-17,3.053463300170697,2.603028915913898,5.481144234377764,-0.0787130696786178,-0.0033714651690242015,1.0,0.9635826916369143
2024-10-18,3.0676355544985268,2.6151105374015264,5.5022277207950685,-0.07443703574538185,0.0,1.0,0.9646643369604411
2024-10-21,3.0671921018537596,2.614732501072384,5.4931921084080075,-0.07457083369403172,-0.001642173469649677,1.0,0.9395518237741112
2024-10-22,3.0686858367460634,2.616005886318953,5.490274822706086,-0.07412014596722405,-0.0021723742991967,1.0,0.9547817161399269
2024-10-23,3.038563813563867,2.5903273404707994,5.440107006227159,-0.08320852317845306,-0.011290102431262827,1.0,0.9494001005512008
2024-10-24,3.048683016350324,2.598953799959496,5.451872883789832,-0.08015537062478939,-0.009151718096822026,1.0,0.9600797964581184
2024-10-25,3.020614290873692,2.575025657759641,5.449990366830654,-0.08862422955325733,-0.009493855328267964,1.0,0.9612090495379267
2024-10-28,3.0481023177774094,2.5984587636587015,5.466838629793239,-0.08033057823434298,-0.006431775055052769,1.0,0.9708691251910194
2024-10-29,3.051419563074923,2.6012866625334397,5.475685462840264,-0.07932970334676903,-0.00482391120499992,1.0,0.981655920927397
2024-10-30,3.0372942641601592,2.589245069788899,5.459120368887732,-0.08359156995454098,-0.00783452704882004,1.0,0.9689379201948477
2024-10-31,2.9886420266652287,2.5477698108538616,5.35210476139457,-0.09827085905307564,-0.027284032398936287,1.0,0.9802504708881731
2024-11-01,2.988044298259896,2.556699943037126,5.374692619819739,-0.09845120488126502,-0.02317881182803916,0.0,1.02296822545805
2024-11-04,3.0138254974693917,2.5792707921798423,5.363116107868343,-0.09067253536904496,-0.025282779991269377,1.0,0.9986307691638048
2024-11-05,3.013222732369898,2.6065431351201087,5.427965328798138,-0.09085440086197116,-0.013496786350056578,0.0,1.0190078957337287
2024-11-06,3.013222732369898,2.658972848652226,5.562935521668919,-0.09085440086197116,0.0,0.0,1.014858814165771
2024-11-07,3.03107444344912,2.6752576157957106,5.605949070177478,-0.08546820607775962,0.0,1.0,0.9207696621251188
2024-11-08,3.0337070521803233,2.677581183457595,5.630231838764273,-0.08467389883438392,0.0,1.0,0.8967551218778842
2024-11-11,3.0351182566666717,2.6788267271154576,5.635597393174239,-0.08424811207309846,0.0,1.0,0.8877005387834923
2024-11-12,3.036395679788856,2.6799541939593032,5.618090747606496,-0.08386268964902899,-0.003106440071277361,1.0,0.8910714690377131
2024-11-13,3.051053229683118,2.6928910989133463,5.620820426510867,-0.07944023297585989,-0.0026220763536567437,1.0,0.8803112391351892
2024-11-14,3.0516601653063034,2.693426786564217,5.584677976962621,-0.07925710915801143,-0.009035318291773398,1.0,0.849182301976838
2024-11-15,3.009089766736534,2.655853713020157,5.513145850141305,-0.0921013938162577,-0.021728227637631714,1.0,0.8579136533684372
2024-11-18,3.031012884982919,2.6752032836575226,5.535734294837715,-0.08548677941720617,-0.017720055456317163,1.0,0.9062324808523503
2024-11-19,3.009081581238485,2.6558464884150204,5.555971205581069,-0.09210386353396172,-0.014129147637411354,1.0,0.9063408677115623
2024-11-20,2.989123374362912,2.6382311688517217,5.557852549997763,-0.09812562745890807,-0.013795315341482484,1.0,0.9242509613565142
2024-11-21,2.9935784759910895,2.6421632875714334,5.587689066063318,-0.09678144005601252,-0.008501020170274542,1.0,0.9397590243650727
2024-11-22,3.018188924506289,2.66388472366507,5.605007518562266,-0.08935600790323928,-0.005427973731591096,1.0,0.9279427787026588
2024-11-25,3.039377891662355,2.6825863249660946,5.624020294951599,-0.08296290060543698,-0.002054280569556255,1.0,0.8809248943405987
2024-11-26,3.045703319502214,2.6881692129213284,5.65338662148079,-0.08105440083822923,0.0,1.0,0.8654415692763799
2024-11-27,3.048429650402893,2.6905755007381726,5.636256948321877,-0.08023181586516404,-0.0030299843803051063,1.0,0.8529945199210613
2024-11-29,3.0602714713593784,2.7010272142443172,5.671269066914877,-0.0766589172232166,0.0,1.0,0.8493975708422012
2024-12-02,3.060890485454604,2.701573562479385,5.681434423985942,-0.0764721491046726,0.0,1.0,0.8308732970374043
2024-12-03,3.0680686939175006,2.707909123422019,5.684069126949051,-0.07430634948965209,0.0,1.0,0.8164014611644445
2024-12-04,3.064400035093274,2.7046711272452906,5.7193650008233465,-0.07541325240424723,0.0,1.0,0.8189655287836413
2024-12-05,3.06325862025672,2.703663702719353,5.7099524160274555,-0.07575763858728513,-0.0016457394823614635,1.0,0.8206223612488188
2024-12-06,3.073542990475277,2.7127407941152177,5.720777328246161,-0.0726546519332738,0.0,1.0,0.8166465658808919
2024-12-09,3.0602472346244864,2.701005822651728,5.691316612046951,-0.07666622989898664,-0.005149775023360559,1.0,0.7824755048279763
2024-12-10,3.061155202017822,2.701807204052691,5.673622945952901,-0.07639227917143365,-0.00824265298011806,1.0,0.8303101154654611
2024-12-11,3.068190568055454,2.7080166907951773,5.71748307013541,-0.07426957778506527,-0.0005758409953287025,1.0,0.8351001402990875
2024-12-12,3.0611071625511737,2.7017648039231634,5.688023526478685,-0.07640677357611836,-0.005725411056598073,1.0,0.8045024096661902
2024-12-13,3.06347361292864,2.703853457472535,5.686893195523439,-0.07569277128112051,-0.005922994512549962,1.0,0.8023054578642511
2024-12-16,3.0510209067903706,2.692862570394301,5.711175964110234,-0.07944998539654113,-0.0016783320840894067,1.0,0.8052478313223131
2024-12-17,3.037146597621444,2.680616961795576,5.687646554069856,-0.08363612370835771,-0.005791306368930549,1.0,0.836084249012673
2024-12-18,2.9341916558589283,2.589747866637176,5.518133845871197,-0.11469955330729942,-0.035422368455842235,1.0,0.8753447730070915
2024-12-19,2.9336048175277565,2.5455098239643417,5.516439521980812,-0.11487661339663802,-0.035718538677678824,0.0,1.1394389546533368
2024-12-20,3.0207770153453297,2.621658863726958,5.5826975527059695,-0.08857513253972682,-0.0241365408260914,1.0,0.997928774195832
2024-12-23,3.0589169102723477,2.6547595504340835,5.616127911487115,-0.0770676136125702,-0.018292866642849903,1.0,0.9134328184852255
2024-12-24,3.0936223035054757,2.684879516696591,5.678551728287317,-0.06659634801865999,-0.007381094829605805,1.0,0.8997319218884982
2024-12-26,3.0899291299292666,2.681674301219856,5.678929873238631,-0.06771064749197586,-0.007314994555182142,1.0,0.8296511259899083
2024-12-27,3.0603641758927154,2.6560155970480936,5.6191513122839,-0.07663094653336422,-0.017764371890597097,1.0,0.8485022743153982
2024-12-30,3.0475286846293272,2.6448759865207325,5.555026722609646,-0.08050365407321014,-0.02897344121717982,1.0,0.8826784875136744
2024-12-31,3.043605451428515,2.6414711078940982,5.534817952885924,-0.08168736683383482,-0.03250596285963936,1.0,0.9186905759961087
2025-01-02,3.0309132326032846,2.6304558400294082,5.521218805148429,-0.08551684640210411,-0.03488311319379933,1.0,0.9141201484958376
2025-01-03,3.0634840194573587,2.658723233359261,5.590252243934859,-0.0756896314369645,-0.02281597007225533,1.0,0.9275737232678871
2025-01-06,3.068160381478651,2.6627817341624778,5.622456123277013,-0.07427868563931006,-0.017186686236447257,1.0,0.8891951787608415
2025-01-07,3.030329050866893,2.629948842915931,5.558899044165352,-0.08569310494716009,-0.028296553910871602,1.0,0.889628363235756
2025-01-08,3.034324856522091,2.6334167054097413,5.567020659685594,-0.08448749572106184,-0.026876883985922473,1.0,0.928608624495544
2025-01-10,2.992578908075385,2.597186412602947,5.48202598632625,-0.0970830283726809,-0.04173407357442205,1.0,0.9152016473811433
2025-01-13,3.004653431838013,2.6076655979538583,5.490526333069048,-0.09343991894616754,-0.040248200894003605,1.0,0.9318073743357819
2025-01-14,3.0165212983341507,2.617965430492001,5.498081024297939,-0.08985916187825738,-0.038927630140167535,1.0,0.9393049296792406
2025-01-15,3.0669727902474735,2.661751052631903,5.598090690445047,-0.07463700410339213,-0.021445798492339962,1.0,0.935967994708658
2025-01-16,3.065858030550766,2.660783579817805,5.587324991621818,-0.0749733479326985,-0.023327657933027046,1.0,0.884256741896907
2025-01-17,3.0624562404596376,2.6578312489772165,5.643421769174606,-0.07599973156418927,-0.013521861564094517,1.0,0.9046321337825738
2025-01-21,3.087447318009979,2.679520397047767,5.695077542066611,-0.0684594565196226,-0.0044923591157198794,1.0,0.8779548945091534
2025-01-22,3.0788153083340273,2.672028885902199,5.727092642068729,-0.07106389512427758,0.0,1.0,0.8605714285714287
2025-01-23,3.0902812663860515,2.681979911881776,5.758351452168219,-0.06760440134344436,0.0,1.0,0.8478383185173786
2025-01-24,3.0921132160688494,2.683569816432629,5.741541883107628,-0.06705166789494543,-0.0029191634446454895,1.0,0.857305913673316
2025-01-27,3.052486557812537,2.649178804011057,5.660325727905215,-0.0790077710980891,-0.017023227060254165,1.0,0.84615388293813
2025-01-28,3.0717783705608355,2.6659216988463963,5.708961617627888,-0.07318707073263153,-0.008577078865468324,1.0,0.9435951843919553
2025-01-29,3.075871140730161,2.6694737144824736,5.683367360271961,-0.07195220550088044,-0.013021798429483367,1.0,0.905129661313571
2025-01-30,3.0782418906545352,2.6715312306517713,5.713871053011307,-0.07123690595224519,-0.0077245023209140395,1.0,0.9123967133912795
2025-01-31,3.0561917384929265,2.6523944401613284,5.6834629224844635,-0.07788984885709438,-0.013005203017880551,1.0,0.884422118087778
2025-02-03,3.0443714501356727,2.6421358995321516,5.645215759176191,-0.08145625071152607,-0.019647236527987277,1.0,0.8914812657591703
2025-02-04,3.061185597261409,2.656728488665433,5.683085363804391,-0.07638310835852136,-0.013070770165563128,1.0,0.9524297046877851
2025-02-05,3.0748732524825027,2.6686076715550437,5.706127582442379,-0.07225328703031542,-0.009069239722451328,1.0,0.9232832920347318
2025-02-06,3.0784133198074723,2.671680009842031,5.725959379757271,-0.07118518257372342,-0.005625233659322881,1.0,0.8780624055618119
2025-02-07,3.057500706494075,2.653530461636966,5.67354790323388,-0.07749490875363885,-0.014727053330933382,1.0,0.8639910556621514
2025-02-10,3.0730817446549716,2.667052865506261,5.712077649280965,-0.07279381841544141,-0.00803594627240578,1.0,0.8878153915772585
2025-02-11,3.0707766122710694,2.665052297203595,5.716421332915519,-0.07348931992608054,-0.007281618637034026,1.0,0.8672518045527357
2025-02-12,3.0742923744004202,2.6681035416027497,5.69800655319338,-0.07242854880113903,-0.010479544271671082,1.0,0.8763675819609483
2025-02-13,3.084553042120556,2.677008525432937,5.758162672828184,-0.06933271363377247,-3.278357384106645e-05,1.0,0.8678318112218564
2025-02-14,3.086822129795236,2.6789778114095846,5.757879503818129,-0.06864808748538576,-8.195893460294368e-05,1.0,0.8464125488143326
2025-02-18,3.0895502361364624,2.6813454685171214,5.7747840488199795,-0.06782496682873385,0.0,1.0,0.8293094016226279
2025-02-19,3.0971095177692165,2.6879059850978706,5.788383196557475,-0.06554419031817771,0.0,1.0,0.8613917094767614
2025-02-20,3.093620311893852,2.6848777882253283,5.764301519006804,-0.06659694892509926,-0.00416034611616467,1.0,0.8516452727327657
2025-02-21,3.050610968894819,2.6475510260301394,5.665707697909966,-0.07957367131914395,-0.021193396235492434,1.0,0.8695169239857508
2025-02-24,3.0467162035820543,2.644170853990801,5.639927006298972,-0.08074879478603425,-0.025647263703410972,1.0,0.9348049500985497
2025-02-25,3.042294564818736,2.6403334213047187,5.611878617522578,-0.08208288581736256,-0.030492898110109468,1.0,0.9556897994306767
2025-02-26,3.0555376564890784,2.651826778306686,5.6147120664368435,-0.07808719761889871,-0.030003392004855245,1.0,0.9700448993471307
2025-02-27,3.0205871574833516,2.6214940907085684,5.5250899541616505,-0.08863241620409879,-0.04548649138371019,1.0,0.9670886075949368
2025-02-28,3.032509560133387,2.631841253847591,5.611312865773712,-0.08503520455957292,-0.030590637276583843,1.0,0.9957587504115585
2025-03-03,2.9826290610517843,2.588551182491742,5.513002213686927,-0.10008508312835063,-0.04757476717061948,1.0,0.9727452776581615
2025-03-04,2.982032535239574,2.5752058841431342,5.4477461205149424,-0.10026506611172503,-0.05884839763979677,0.0,1.0270513835242918
2025-03-05,2.982032535239574,2.5988327746929065,5.506296443216955,-0.10026506611172503,-0.04873325482464341,0.0,1.0320456229741226
2025-03-06,2.982032535239574,2.541136810924816,5.408553887964006,-0.10026506611172503,-0.06561924041576317,0.0,1.0096685402064627
2025-03-07,2.982032535239574,2.5641935350392155,5.438868215092072,-0.10026506611172503,-0.06038214292261601,0.0,1.0493670548268554
2025-03-10,2.982032535239574,2.5082705643585483,5.294001177379222,-0.10026506611172503,-0.08540934530254951,0.0,1.0345285454689452
2025-03-11,2.982032535239574,2.508387084120073,5.249992140301157,-0.10026506611172503,-0.09301233832903721,0.0,1.0832037614221228
2025-03-12,2.982032535239574,2.5341146972675,5.2778511634662735,-0.10026506611172503,-0.08819941868997716,0.0,1.062352006231174
2025-03-13,2.982032535239574,2.511983543270667,5.207495683028349,-0.10026506611172503,-0.10035401835085778,0.0,1.0236586363287303
2025-03-14,2.982032535239574,2.555909031720651,5.315060626675591,-0.10026506611172503,-0.08177111877516718,0.0,1.0249376786107969
2025-03-17,3.003815087865649,2.5750901047280466,5.35604626295687,-0.09369286298672952,-0.07469044790568269,1.0,0.9819575969816229
2025-03-18,2.9872253064331438,2.560868130086858,5.29815608167374,-0.09869831001790919,-0.08469154481259766,1.0,0.9629108326123317
2025-03-19,3.007614799547837,2.5783474956350796,5.355857483616834,-0.09254641897622062,-0.07472306138921081,1.0,0.9877105452074196
2025-03-20,3.017632822136908,2.586935677691382,5.340369956207737,-0.08952379437861713,-0.07739868373195902,1.0,0.9553528599561996
2025-03-21,3.0172817084384453,2.5866346773354683,5.342131701290991,-0.08962973194185309,-0.07709432498039925,1.0,0.9560599167213422
2025-03-24,3.0561296834997886,2.619938004352268,5.4378017877022415,-0.07790857200799517,-0.06056637871931747,1.0,0.9474201296603393
2025-03-25,3.0511900968252923,2.6157034291887284,5.450872118779139,-0.07939893760176164,-0.05830835076348506,1.0,0.9180671827460289
2025-03-26,3.0326210259052604,2.5997846627595527,5.385798942234767,-0.08500157325350821,-0.06955038059023744,1.0,0.9002625032464977
2025-03-27,3.028695259175873,2.5964192082416786,5.371496269006455,-0.08618605042704197,-0.07202130774599635,1.0,0.9238911219266835
2025-03-28,2.9744032228311434,2.549876101736348,5.263322775809657,-0.10256697221579791,-0.09070934022821553,1.0,0.9396682037972829
2025-03-31,2.9770238521487036,2.552122696958228,5.298654412229736,-0.10177627938534861,-0.08460545331881197,1.0,0.9836437880446071
2025-04-01,2.976428447378274,2.551437664509468,5.313620158233142,-0.10195592412947152,-0.08201997383426307,0.0,1.0141101818995994
2025-04-02,2.9921669071264185,2.5654391881640226,5.347246917880473,-0.09720733675704618,-0.07621062111771704,1.0,0.9977085382436518
2025-04-03,2.9915684737449935,2.4395324272622765,5.083730306141315,-0.09738789528969471,-0.12173570174746517,0.0,1.0027971671294396
2025-04-04,2.9915684737449935,2.342019109753161,4.786113520726629,-0.09738789528969471,-0.1731519220128559,0.0,1.0964207786761482
2025-04-07,2.9915684737449935,2.3394776837507387,4.7775888437272735,-0.09738789528969471,-0.17462464361919772,0.0,1.2342686224463817
2025-04-08,2.9915684737449935,2.2801802409929093,4.702758061760889,-0.09738789528969471,-0.18755239553632863,0.0,1.273861134473143
2025-04-09,2.9915684737449935,2.375503721900734,5.196639112162554,-0.09738789528969471,-0.10222959750606153,0.0,1.2609638554216867
2025-04-10,2.9915684737449935,2.2854056858336493,4.968926671464806,-0.09738789528969471,-0.14156915623347532,0.0,1.1236630987390142
2025-04-11,2.9915684737449935,2.2984386129851817,5.057586126360064,-0.09738789528969471,-0.12625236536379236,0.0,1.1402968648550253
2025-04-14,2.9915684737449935,2.351176475581017,5.10665233917462,-0.09738789528969471,-0.11777569560154555,0.0,1.1076378699207352
2025-04-15,2.9915684737449935,2.354706284953178,5.092349665946308,-0.09738789528969471,-0.12024662275730436,0.0,1.0425244979723718
2025-04-16,2.9915684737449935,2.315379849843911,4.9791565183725295,-0.09738789528969471,-0.1398018497922212,0.0,1.0386206896551724
2025-04-17,2.9915684737449935,2.3288211014484017,4.9862603670160555,-0.09738789528969471,-0.13857459022727903,0.0,1.054945036735571
2025-04-21,2.9915684737449935,2.301250436501811,4.867574444172722,-0.09738789528969471,-0.15907874809193445,0.0,1.0102214519465451
2025-04-22,2.9915684737449935,2.3293156360580105,4.994217826588439,-0.09738789528969471,-0.13719986099768744,0.0,1.0625196381107074
2025-04-23,2.9915684737449935,2.345857908385271,5.071605630578323,-0.09738789528969471,-0.1238303584333258,0.0,1.0380305333801545
2025-04-24,2.9915684737449935,2.3617332123949684,5.17835800228367,-0.09738789528969471,-0.10538783863456114,0.0,1.015346164711328
2025-04-25,2.9915684737449935,2.3830767739787335,5.215772074156567,-0.09738789528969471,-0.09892419056524393,0.0,1.0011346242562944
2025-04-28,2.98684090374713,2.3797874176173064,5.217761292481852,-0.09881429149067988,-0.09858053357887364,1.0,0.9791091516869885
2025-04-29,2.9928058989905106,2.384540071368812,5.250630003412828,-0.09701454097235906,-0.09290214121699203,1.0,0.9774582373666876
2025-04-30,2.9790493535281852,2.373579442779572,5.252713611408132,-0.10116514777352925,-0.09254217748885762,1.0,0.9583664019848528
2025-05-01,2.987939798884107,2.3806629703851083,5.2899389039409925,-0.09848273429546672,-0.08611114290306865,1.0,0.9671103803674237
2025-05-02,3.0132087930321747,2.4007962269820613,5.3684640741410306,-0.09085860662061285,-0.07254514916465493,1.0,0.96508435546843
2025-05-05,3.0008836288438037,2.3909760619311693,5.337680143747843,-0.09457733894668219,-0.0778633752301815,1.0,0.945
2025-05-06,2.977587193883536,2.3724144563484173,5.29306490220519,-0.10160630865814946,-0.08557109602675672,1.0,0.9629328201490607
2025-05-07,2.9926890827986785,2.384446997210377,5.315325035005886,-0.09704978660009556,-0.08172543964140644,1.0,0.9744195257254868
2025-05-08,3.0160314597914017,2.4030452074447664,5.3523615481987115,-0.09000695531902914,-0.07532701853914547,1.0,0.953441266096439
2025-05-09,3.0204433558295265,2.406560418002581,5.345542041107724,-0.08867580384993046,-0.07650515531057467,1.0,0.9461279370138258
2025-05-12,3.098774946917467,2.468971688264469,5.522198464394388,-0.06504169922631697,-0.04598602461588841,1.0,0.9366980661295252
2025-05-13,3.1060778179735773,2.474790304391632,5.558666880753378,-0.06283828657765644,-0.039685747816543215,1.0,0.9094955798467386
2025-05-14,3.0909638502320846,2.462748139636102,5.565770729396903,-0.06739845304330805,-0.03845848825160114,1.0,0.9069188582187737
2025-05-15,3.1013820173955073,2.4710488908073622,5.59295554063332,-0.0642550973510918,-0.033762045339427615,1.0,0.904761908116028
2025-05-16,3.0961652863864906,2.466892422077884,5.628382152994659,-0.06582908256890685,-0.027641750404149734,1.0,0.8804938271604937
2025-05-19,3.0961994209207364,2.466919619018639,5.6345385873105505,-0.06581878354213566,-0.026578165961510747,1.0,0.8585657403139126
2025-05-20,3.101780355480414,2.471366269600866,5.615593818385331,-0.06413491130809812,-0.029851060702910437,1.0,0.8767520315013968
2025-05-21,3.0588024146047776,2.4371232796904803,5.520966708514216,-0.0771021590947788,-0.046198822531704486,1.0,0.8730695270023778
2025-05-22,3.0635574542587096,2.4409118924433395,5.523146464993264,-0.075667474785299,-0.045822248209475,1.0,0.9210061844896025
2025-05-23,3.0233234920799767,2.408855187704323,5.485445706482859,-0.08780681292905179,-0.052335424208746484,1.0,0.9086021629607247
2025-05-27,3.0837812990652993,2.457025389264073,5.599491292443011,-0.06956556293323335,-0.0326329300774012,1.0,0.9365546518711972
2025-05-28,3.077605962068867,2.452105144176623,5.5670962886758515,-0.07142877748859577,-0.03822948487813127,1.0,0.8905589095664147
2025-05-29,3.076813436317304,2.4514736934658266,5.5890720799240095,-0.0716678973158481,-0.03443295128629387,1.0,0.8910936747584193
2025-05-30,3.0714288518539257,2.4471834862643083,5.582820083395615,-0.07329252705711431,-0.03551304503891772,1.0,0.8871415011785949
2025-06-02,3.0804166083914577,2.4543445472681915,5.614268845377625,-0.07058075297734201,-0.030079962792269987,1.0,0.8685687899406893
2025-06-03,3.093350106197916,2.4646494065953073,5.646283945379743,-0.06667847503224145,-0.024549040095037666,1.0,0.8705547589930719
2025-06-04,3.091560440123136,2.463223477011594,5.644768434218274,-0.06721845072615007,-0.024810859520256523,1.0,0.8537645070576044
2025-06-05,3.080199202706929,2.4541713276929835,5.617488060769356,-0.0706463483344969,-0.029523811742414696,1.0,0.852371739112372
2025-06-06,3.1065027555365226,2.475128876514539,5.67517480593139,-0.0627100749751387,-0.01955786042178631,1.0,0.875414470188982
2025-06-09,3.1148904004032274,2.481811794139038,5.680288849978389,-0.06017936579928562,-0.018674359127324625,1.0,0.8376623185089221
2025-06-10,3.117080173029532,2.483556511555016,5.71249448813427,-0.059518670482961666,-0.013110519094232997,1.0,0.8541562901775059
2025-06-11,3.114310245300108,2.4813495513014843,5.69620201030943,-0.06035440943384751,-0.015925204520472525,1.0,0.8500501276842655
2025-06-12,3.104198121240762,2.473292642220178,5.718840874332683,-0.06340542620327883,-0.012014118599845136,1.0,0.8502463373737181
2025-06-13,3.056333499809754,2.435156153702284,5.65490389145598,-0.07784707681905778,-0.023059859820766304,1.0,0.8726392413019589
2025-06-16,3.101752529845173,2.471344099321708,5.70870600336622,-0.06414330682216063,-0.013765017015224812,1.0,0.9204243690340022
2025-06-17,3.064130272152426,2.441368289305436,5.6599247183754455,-0.07549464492390667,-0.022192462699848092,1.0,0.9001413288766839
2025-06-18,3.07864733643623,2.4529348668489526,5.65907169371783,-0.0711145753843263,-0.022339831080387063,1.0,0.942819735655298
2025-06-20,3.0717493625594106,2.447438855521897,5.645781510925052,-0.07319582298866356,-0.02463584057759549,1.0,0.916704625828453
2025-06-23,3.0806060188897666,2.4544954614732553,5.701546458954671,-0.07052360429094784,-0.01500189857064893,1.0,0.9172598051551698
2025-06-24,3.124450231788078,2.489428659977346,5.764533096147528,-0.05729498604910277,-0.0041203388925824536,1.0,0.9087992794382919
2025-06-25,3.129189997672269,2.4932051032420337,5.767763450692864,-0.05586491012133765,-0.00356226344463062,1.0,0.8718204820521817
2025-06-26,3.1318625608102426,2.4953344875425363,5.812889334487601,-0.05505854788690823,0.0,1.0,0.852058969750537
2025-06-27,3.132692505843411,2.4959957523406615,5.841770228428129,-0.05480813796323225,0.0,1.0,0.8529562647427257
2025-06-30,3.1360470110650027,2.4986684790026876,5.869700190413569,-0.053796021060378174,0.0,1.0,0.8390745172152672
2025-07-01,3.137017239000969,2.499441515233488,5.867801257859605,-0.05350328516380187,-0.0003235144031829007,1.0,0.8605966841765322
2025-07-02,3.1389265598347076,2.5009627806248336,5.8944015566674,-0.052927207393417164,0.0,1.0,0.8626345362664594
2025-07-03,3.144067343391431,2.5050587376641373,5.940857689911025,-0.051376136941004846,0.0,1.0,0.8599483034602458
2025-07-07,3.136350506813239,2.4989102914681744,5.896586003316387,-0.05370445072244667,-0.007452069870285016,1.0,0.8526809360048262
2025-07-08,3.1505580305463856,2.5102302403054977,5.893356235042294,-0.049417775350632964,-0.007995723403608768,1.0,0.8802573382434271
2025-07-09,3.1725797114987446,2.5277761762739854,5.928696665531008,-0.0427734227415868,-0.0020470149286135886,1.0,0.8585291146833796
2025-07-10,3.1774904806074087,2.531688867613173,5.945417121362761,-0.041291751945875865,0.0,1.0,0.8380651743619457
2025-07-11,3.174479681974062,2.5292899916986142,5.924516551573069,-0.042200166149045315,-0.0035154084840562927,1.0,0.8340380516050712
2025-07-14,3.1648514910745122,2.5216186599151165,5.935821619939257,-0.045105171242081354,-0.001613932416789643,1.0,0.8466700717318636
2025-07-15,3.1695503166635355,2.525362483699071,5.910456594639088,-0.043687447766320275,-0.005880247930469706,1.0,0.8669354772034347
2025-07-16,3.163726431051101,2.5207222600819623,5.9302168668624144,-0.045444622872411355,-0.002556633822331733,1.0,0.8664008206733778
2025-07-17,3.1665819303461267,2.522997400108601,5.966507643034973,-0.04458306538131529,0.0,1.0,0.8541562901775059
2025-07-18,3.1759735949773775,2.5304802778514004,5.962137577194514,-0.041749424682817504,-0.0007324327901533367,1.0,0.839004548091581
2025-07-21,3.179761419697909,2.533498255005373,5.973442645560702,-0.04060656719074329,0.0,1.0,0.8381001054107233
2025-07-22,3.1819772857183186,2.5352637625246657,5.974298015303288,-0.039937999009873826,0.0,1.0,0.8534084984454278
2025-07-23,3.2079927522711262,2.555991776490239,6.02512421438737,-0.03208864666299127,0.0,1.0,0.8448540409567213
2025-07-24,3.2104835752712346,2.5579763580016723,6.027118709153836,-0.031337118823892784,0.0,1.0,0.8281250238290128
2025-07-25,3.216376611028713,2.5626716775045026,6.052579296666507,-0.02955907982700101,0.0,1.0,0.8292026100669165
2025-07-28,3.234021579711071,2.576730435840726,6.051059681606342,-0.024235263086816894,-0.0002510690047468067,1.0,0.8149563454533264
2025-07-29,3.2188773050374726,2.5646641238145462,6.035099619575913,-0.02880457372015688,-0.002887971595881611,1.0,0.8276431787603704
2025-07-30,3.2157722643436593,2.5621901598464434,6.027498612918877,-0.02974142251384182,-0.004143800934825137,1.0,0.8513585301160892
2025-07-31,3.2119047434638053,2.55910868419245,6.004888476186499,-0.030908325826272454,-0.007879421010852927,1.0,0.8435967127080868
2025-08-01,3.16124975588949,2.5187489509647163,5.906465846292426,-0.04619188204428892,-0.02414069163117838,1.0,0.873563246247685
2025-08-04,3.2040319913718323,2.552836011166246,5.996242734175599,-0.03328368223143696,-0.009307860290560077,1.0,0.959510368155108
2025-08-05,3.197455074262683,2.5475958041758333,5.965842811446149,-0.035268061010159335,-0.014330499605040958,1.0,0.8934216958030939
2025-08-06,3.217183526454907,2.5633145932942023,6.011538550888448,-0.029315618366047458,-0.006780703525960052,1.0,0.8911632245674876
2025-08-07,3.2121720583706286,2.559321669306924,6.006503653459166,-0.030827671924218758,-0.007612563330267719,1.0,0.8613251459386256
2025-08-08,3.234332045670106,2.5769778018728386,6.053339104196589,-0.024141589706051958,0.0,1.0,0.8563307324721318
2025-08-11,3.23127155310465,2.5745393319530496,6.041369204241579,-0.025064997497048713,-0.0019774044951013092,1.0,0.8101603947538327
2025-08-12,3.2587728337754136,2.5964511792250415,6.105686090883322,-0.016767347268975552,0.0,1.0,0.8441558441558441
2025-08-13,3.262550351319187,2.5994609440602634,6.126586074401771,-0.015627599644714385,0.0,1.0,0.8031624796863213
2025-08-14,3.260694404526577,2.5979822048280266,6.127155930049333,-0.0161875734696193,0.0,1.0,0.7905073682657352
2025-08-15,3.2636312593463424,2.600322165466264,6.112810459020329,-0.015301469496615927,-0.002341293610408912,1.0,0.8020551748824154
2025-08-18,3.2784318528827594,2.612114647023298,6.111480795842684,-0.010835853883899182,-0.0025583050905841898,1.0,0.8095493827312087
2025-08-19,3.265375192310133,2.601711656858052,6.0783248120029585,-0.01477529233679653,-0.007969622220138417,1.0,0.8124660910643666
2025-08-20,3.2695448851436604,2.605033890234496,6.0621736255475245,-0.013517218099988404,-0.010605622778933399,1.0,0.8238095404369524
2025-08-21,3.2594828817548116,2.597016915165364,6.037853921872461,-0.016553112526647373,-0.014574789542878941,1.0,0.8214659521798747
2025-08-22,3.3106637354802286,2.637795636109575,6.1305762364771885,-0.001110892665258767,0.0,1.0,0.855229269989574
2025-08-25,3.311825163331819,2.6387210122768217,6.10359544763311,-0.0007604681816497649,-0.0044010200352035955,1.0,0.8006756653569754
2025-08-26,3.3154369216427604,2.641598707226382,6.129151011087041,0.0,-0.00023247821006899816,1.0,0.820754696131427
2025-08-27,3.3126199702023196,2.639354280485878,6.143116578351003,-0.0008496471225412083,0.0,1.0,0.8167597939424097
2025-08-28,3.322836438080794,2.6474943262711035,6.164871931612037,0.0,0.0,1.0,0.8277591726827708
2025-08-29,3.3091957170886683,2.636625981678807,6.128106275733177,-0.004105143676588652,-0.005963733924517545,1.0,0.8143341173340216
2025-09-02,3.288743123495443,2.620330227582988,6.082694877843416,-0.010260304778962448,-0.013329888224804187,1.0,0.8370572033072489
2025-09-03,3.3041360591554887,2.6325946620756366,6.115660909800622,-0.005627836119464935,-0.007982488907688823,1.0,0.885964950646614
2025-09-04,3.323502687134942,2.6480251650961883,6.166772036708485,0.0,0.0,1.0,0.8637083854420031
2025-09-05,3.3229515160942014,2.6475860155231183,6.148910697039123,-0.00016584040773426345,-0.0028963839692857096,1.0,0.8319739264707225
2025-09-08,3.334720544673161,2.6569630754444047,6.164017734411936,0.0,-0.0004466359839724321,1.0,0.8241042311143234
2025-09-09,3.338092190502706,2.6596494590116535,6.178267643228437,0.0,0.0,1.0,0.8261344583734999
2025-09-10,3.3406925208926723,2.661721291339892,6.196127224084071,0.0,0.0,1.0,0.8232074232712395
2025-09-11,3.357613263716184,2.6752030174062567,6.247618841028219,0.0,0.0,1.0,0.8324294769758512
2025-09-12,3.3586666267699568,2.6760422921524962,6.245527611506764,0.0,-0.00033472424849623206,1.0,0.815862420398876
2025-09-15,3.350463056072197,2.669506036973464,6.2787791575589935,-0.002442508176421554,0.0,1.0,0.8172757716762099
2025-09-16,3.3403502139567776,2.66144855577571,6.2701340018193354,-0.0054534774803756125,-0.0013768848246955567,1.0,0.8467349929084307
2025-09-17,3.3644212063114147,2.680627295648752,6.262343629551021,0.0,-0.0026176311661139096,1.0,0.8651507208890282
2025-09-18,3.3669401456897154,2.6826342790909234,6.291604427256589,0.0,0.0,1.0,0.8524945523166373
2025-09-19,3.365086209963366,2.681157142190494,6.322765916329848,-0.0005506292497425846,0.0,1.0,0.847732160471869
2025-09-22,3.3538616693136376,2.672213907024119,6.35267923392815,-0.0038843804196581067,0.0,1.0,0.8360389817482832
2025-09-23,3.3463310439272336,2.6662138259622616,6.318098610969519,-0.006121018156163283,-0.005443470649980853,1.0,0.8496041874302611
2025-09-24,3.354801819395533,2.672962978503875,6.297996542611904,-0.003605150602312257,-0.008607815584989464,1.0,0.8559670546740882
2025-09-25,3.3458263059889113,2.6658116723044265,6.268940939841157,-0.006270928138664367,-0.01318157127149866,1.0,0.8453500792038005
2025-09-26,3.3715673507730535,2.6863210387111787,6.304856502418613,0.0,-0.0075279625727247,1.0,0.8602261453011592
2025-09-29,3.3629424512303516,2.6794490866818004,6.322575378176085,-0.0025581276140678177,-0.004738765274230672,1.0,0.8305268944447771
2025-09-30,3.3650431002836263,2.6811227942366758,6.346391474853971,-0.0019350793890952067,-0.0009897806646048668,1.0,0.8592750428212981
2025-10-01,3.369232303953284,2.6844605730150435,6.368017262170448,-0.0006925701244656635,0.0,1.0,0.8673414812446766
2025-10-02,3.3614831440159816,2.678286372945411,6.375351515412216,-0.0029909551576241533,0.0,1.0,0.8683368763994382
2025-10-03,3.3662670644257546,2.682097996652512,6.375257125742198,-0.0015720541207885352,-1.4805406382656372e-05,1.0,0.8803600072699367
2025-10-06,3.3679629310608714,2.6834491908440556,6.398120531651271,-0.0010690635354965172,0.0,1.0,0.8726415129233366
2025-10-07,3.35477871559229,2.6729445703790273,6.374399410914645,-0.004979474954553198,-0.0037075138893177817,1.0,0.8561715105372528
2025-10-08,3.3650244112377248,2.681107903602151,6.412410306912252,-0.0019406225219936735,0.0,1.0,0.8746829427090893
2025-10-09,3.3633825796812187,2.6797997622561827,6.393833716327226,-0.0024275864131730884,-0.00289697472493311,1.0,0.8463135932655343
2025-10-10,3.279978525586767,2.6133469698549394,6.221022059847877,-0.027165058756808302,-0.02984653787017766,1.0,0.8477812544626596
2025-10-13,3.327911997111177,2.6515383151902068,6.316478157255672,-0.012948088861955198,-0.014960388538015068,1.0,0.949583538234648
2025-10-14,3.2998766838191345,2.6292009735066704,6.3087616551638925,-0.021263305606954996,-0.016163758522537264,1.0,0.909221200311883
2025-10-15,3.292758196705029,2.6235292666389336,6.336770177495806,-0.023374634366996938,-0.011795896674751005,1.0,0.9446209419600669
2025-10-16,3.2291153099328262,2.5728213293760813,6.293614751346599,-0.04225098478532985,-0.01852588182599557,1.0,0.9407474702637488
2025-10-17,3.2284694868708397,2.6153297747417024,6.329339189499049,-0.04244253458837277,-0.012954741421280502,0.0,1.0176919640498157
2025-10-20,3.2769440833583117,2.6551213101766433,6.395167483403565,-0.02806506813308829,-0.0026889769499153227,1.0,0.940697141532866
2025-10-21,3.280340166171546,2.6578729628198285,6.3950713349198205,-0.027057796896921005,-0.002703971075235234,1.0,0.8975874189740718
2025-10-22,3.2725645351968238,2.6515728115276844,6.36182447903753,-0.02936403318579106,-0.007888738470180678,1.0,0.8939469837222725
2025-10-23,3.2849830805487503,2.6616348521260407,6.399549860940113,-0.02568071796176652,-0.002005555689141625,1.0,0.915805046237945
2025-10-24,3.2926563043053876,2.667852028677043,6.451850532198701,-0.02340485544492321,0.0,1.0,0.8804071417734693
2025-10-27,3.3143184727746955,2.68540365106193,6.527967300135176,-0.016979900456454367,0.0,1.0,0.8526041327872224
2025-10-28,3.295599261186694,2.670236539163557,6.545305685856364,-0.022531980436025,0.0,1.0,0.8314902680522916
2025-10-29,3.2830597494501257,2.6600764863875415,6.548449272257831,-0.026251174043026126,0.0,1.0,0.8398977309867579
2025-10-30,3.277848738102676,2.655854300434949,6.476428781491641,-0.027796749380933794,-0.010998098598900552,1.0,0.8532526507865866
2025-10-31,3.2754786549114554,2.653933956899074,6.497672906229349,-0.028499711221716018,-0.00775395271726298,1.0,0.8463463657370681
2025-11-03,3.282635562475745,2.659732791821346,6.509867348070179,-0.026376987034507193,-0.005891764994057858,1.0,0.8511469104349473
2025-11-04,3.257913130113514,2.639701611754004,6.432702327152387,-0.03370961005227435,-0.017675474038685857,1.0,0.8424926745362116
2025-11-05,3.282894949321269,2.659942958221385,6.454994118600169,-0.026300053425138636,-0.014271341163713425,1.0,0.8924377258313226
2025-11-06,3.2544870764450327,2.636925675432359,6.385736137927919,-0.034725770582982984,-0.024847582620703412,1.0,0.8742718284704741
2025-11-07,3.2606277564922412,2.641901119027848,6.392023310730854,-0.03290445740476622,-0.02388748160418186,1.0,0.9133489298166292
2025-11-10,3.2946791125063,2.669490995050598,6.491766809733937,-0.02280489465800639,-0.00865586036743482,1.0,0.9004247059519266
2025-11-11,3.296559026915368,2.671014182716257,6.506627613184964,-0.02224731587832207,-0.006386498136290442,1.0,0.8695652272246881
2025-11-12,3.2926448743578853,2.667842767641025,6.51024783810646,-0.023408245544041195,-0.005833661155963954,1.0,0.8558692195600062
2025-11-13,3.2488251278517866,2.632338120690917,6.402216808821552,-0.03640509298831707,-0.02233085381844302,1.0,0.8608652836107367
2025-11-14,3.2596786842343968,2.6411321397860306,6.401169728382719,-0.03318595030083027,-0.02249075128352207,1.0,0.9153317917999374
2025-11-17,3.2264752406429915,2.614229278947331,6.341533045068636,-0.043034023952330136,-0.031597744532554484,1.0,0.9189063980587114
2025-11-18,3.1999610552508626,2.5927463433628857,6.288280269312477,-0.05089807726452322,-0.03972986460283767,1.0,0.9654874765037361
2025-11-19,3.1993210630398123,2.6058726042153424,6.312573004510392,-0.0510878976490704,-0.03602017179039885,0.0,1.0061124319020602
2025-11-20,3.156139342077984,2.5712219215077075,6.216354754487545,-0.06389550801815502,-0.05071345962427887,1.0,0.9862442778546645
2025-11-21,3.1555081142095687,2.597459475372262,6.278277309375541,-0.06408272891655131,-0.041257395705401545,0.0,1.0256211088996101
2025-11-24,3.1999367989350813,2.6345504809322655,6.370683623780643,-0.05090527163831371,-0.027146220591535042,1.0,0.9778798370315412
2025-11-25,3.2170510920098545,2.6486409058012708,6.430605821189748,-0.04582920721656958,-0.017995627081868193,1.0,0.9391304183867357
2025-11-26,3.2351217511213397,2.663518719534583,6.475000038474036,-0.040469486578824765,-0.011216278958586234,1.0,0.8953208108946137
2025-11-28,3.249555024902877,2.675401825599437,6.510343400318962,-0.036188607011573004,-0.005819068050248677,1.0,0.8586413390082512
2025-12-01,3.249157877494767,2.6750748488618386,6.480620620874423,-0.03630640012284492,-0.010357971569049274,1.0,0.8324847509220148
2025-12-02,3.2606376814919313,2.684526324013411,6.49262452456149,-0.03290151367009986,-0.00852488052901923,1.0,0.8526211961151589
2025-12-03,3.2642748792731355,2.6875208772704964,6.515106854163036,-0.031822728226181596,-0.0050916509708717195,1.0,0.836189509697964
2025-12-04,3.270078979093354,2.6922994697657683,6.519869721735867,-0.03010124405684178,-0.004364323419750571,1.0,0.8158295660534893
2025-12-05,3.2781111386248036,2.6989124534233038,6.532254115459219,-0.027718921921230932,-0.0024731285416261795,1.0,0.8096459818016039
2025-12-08,3.27129945455287,2.6933043034268276,6.512629858164118,-0.029739253524682985,-0.005469907852147515,1.0,0.799688616187421
2025-12-09,3.2674012074548333,2.6900948247988925,6.507008103221247,-0.030895465663569266,-0.006328394298196316,1.0,0.8367654509131228
2025-12-10,3.2937166366524973,2.711760667284193,6.550164701912938,-0.02309036303329548,0.0,1.0,0.8431274932433029
2025-12-11,3.3030167528740746,2.719417576530787,6.565406581671491,-0.02033196752936317,0.0,1.0,0.814987064036543
2025-12-12,3.3014173175655603,2.7181007401911854,6.4948148339229,-0.02080635677985454,-0.010752075575282682,1.0,0.7795275902746642
2025-12-15,3.3021231850305135,2.7186818902532384,6.485002412139728,-0.02059699792935099,-0.012246639797788839,1.0,0.8176623376623376
2025-12-16,3.3048989629490637,2.7209672250925734,6.467283536382256,-0.019773707859848555,-0.014945463631020672,1.0,0.8384146211451302
2025-12-17,3.2935658001070784,2.7116364815523344,6.396120174172377,-0.023135100845038892,-0.025784603800731443,1.0,0.8378240943609098
2025-12-18,3.3150901028122064,2.7293577259414104,6.444418957930699,-0.01675103656105148,-0.01842804740814541,1.0,0.8774900431746603
2025-12-19,3.3400781725989663,2.749930735788413,6.502827989263307,-0.00933962602493088,-0.009531563906930551,1.0,0.8611536431137511
2025-12-22,3.3630344157518235,2.768830915772869,6.543339918380768,-0.002530851124558864,-0.003361050533005172,1.0,0.816986301369863
2025-12-23,3.3604736689310557,2.7667226188932417,6.573245614452919,-0.003290363409010344,0.0,1.0,0.7914558333558485
2025-12-24,3.361260084934742,2.7673700856374017,6.596368152251109,-0.003057114026195573,0.0,1.0,0.7847533565165998
2025-12-26,3.362559041347622,2.768439533710064,6.59569921676359,-0.0026718462033291646,-0.00010140966545213459,1.0,0.7580191138439161
2025-12-29,3.3697721392703612,2.774378173063094,6.57219443011539,-0.0005324560704031978,-0.0036647017840368834,1.0,0.7653348142744809
2025-12-30,3.379941386054601,2.782750649049199,6.5641689630788935,0.0,-0.004881351135810452,1.0,0.7968574771706848
2025-12-31,3.3754420653948256,2.7790462985720192,6.515535418441191,-0.0013311830430963179,-0.012254127111194113,1.0,0.8064152859230376
2026-01-02,3.3867675666602355,2.788370734234472,6.527478349919053,0.0,-0.010443595739656475,1.0,0.8223322194193686
2026-01-05,3.3771005245055536,2.780411729992174,6.570952121352854,-0.002854356540391345,-0.003853034019876689,1.0,0.8052164057381344
2026-01-06,3.3852960615881997,2.7871592245582444,6.610031203554017,-0.0004344865843529666,0.0,1.0,0.8133187908408951
2026-01-07,3.3740417112866874,2.7778933684296807,6.588724347793378,-0.0037575225116783795,-0.003223412281198157,1.0,0.8126721933889719
2026-01-08,3.3829819553347713,2.785253990134575,6.5880554123058594,-0.00111776531780039,-0.0033246123310798348,1.0,0.8273265128434639
2026-01-09,3.3925993250991064,2.7931720984379536,6.631624745952164,0.0,0.0,1.0,0.8401305335929844
2026-01-12,3.391257597744864,2.792067436481012,6.642039268301226,-0.0003954865357416182,0.0,1.0,0.8104027226016237
2026-01-13,3.3749976557525523,2.7786804102091085,6.628758465848326,-0.005188254686114502,-0.0019995067653818532,1.0,0.8294021053028059
2026-01-14,3.3584038098881175,2.765018476443038,6.5961770278261,-0.010079444088196277,-0.006904843320334142,1.0,0.8477453409342609
2026-01-15,3.378348904983714,2.7814395382258303,6.614139792420388,-0.004200443008393284,-0.004200438262084272,1.0,0.8647392500919948
2026-01-16,3.375180929741952,2.7788313021195603,6.608597770366475,-0.005134232984216447,-0.005034823882229755,1.0,0.8380952550110036
2026-01-20,3.2996950399981535,2.716682766187754,6.4740678671986975,-0.027384396504953945,-0.025289130990863495,1.0,0.8351764187023019
2026-01-21,3.3603937705373523,2.7666568374841756,6.548785791950929,-0.009492884798829926,-0.014039886333605978,1.0,0.9440789169056604
2026-01-22,3.3765190857529666,2.7799330237421724,6.5829917875857005,-0.0047397991348919755,-0.008889962604907597,1.0,0.8729338567770379
2026-01-23,3.364205857573495,2.7697953793884307,6.585379670355782,-0.008369236919771539,-0.008530452118199472,1.0,0.8341333333333334
2026-01-26,3.3655322338910656,2.7708874026329258,6.618821168290531,-0.00797827524393857,-0.0034956282359699387,1.0,0.8402088940216322
2026-01-27,3.353454901869851,2.7609439747203934,6.645192235042569,-0.011538180456400315,0.0,1.0,0.8468799296511401
2026-01-28,3.3534729802919974,2.7609588589255365,6.6445232995550505,-0.011532851674421085,-0.0001006645803248718,1.0,0.8506764091630143
2026-01-29,3.348858018389271,2.7571592994766254,6.631338059314652,-0.012893154339278734,-0.0020848419786652084,1.0,0.8471502925556674
2026-01-30,3.3376443181384636,2.747926911074884,6.611559612682814,-0.016198496107122096,-0.0050611963010488425,1.0,0.8581596306318056
2026-02-02,3.373357812403708,2.7773303053930416,6.6444283236137895,-0.0056716136659717975,-0.00011495700978392254,1.0,0.8689586579564095
2026-02-03,3.3442515206370467,2.7533667086752778,6.588246536730861,-0.014250962117563715,-0.008569458383974493,1.0,0.8435724982986983
2026-02-04,3.3346199661858824,2.7454369219307755,6.556334034196155,-0.017089951791324554,-0.013371802907044872,1.0,0.8845208679401507
2026-02-05,3.292951749644754,2.711130925648426,6.474450116048708,-0.029372043647223678,-0.025694082722464318,1.0,0.9039766848376612
2026-02-06,3.3325486264689386,2.7437315604219905,6.598661059079924,-0.017700498312872126,-0.0070022317363926945,1.0,0.9697104347514321
2026-02-09,3.354998106671293,2.762214515736444,6.63047858567337,-0.01108330658136747,-0.0022141796427811444,1.0,0.8718703617229885
2026-02-10,3.341221186116821,2.7508717940037433,6.612993045870353,-0.015144181218860742,-0.004845486486066974,1.0,0.8641114916947262
2026-02-11,3.343773688159297,2.752973302847863,6.6114646367415535,-0.014391807655736888,-0.005075488730507671,1.0,0.8707782542466748
2026-02-12,3.3014346268698493,2.7181149911713773,6.5093250471709965,-0.026871637200067466,-0.02044593791509819,1.0,0.8664702637618662
2026-02-13,3.2917376819366524,2.7101313675742396,6.513910860828639,-0.02972990132264075,-0.01975584295690269,1.0,0.9391068979860997
2026-02-17,3.3152150056023073,2.729460560067959,6.524420945390204,-0.022809743232657942,-0.01817423565498888,1.0,0.9291835782187154
2026-02-18,3.3135312535354644,2.7280743046209928,6.557289070049937,-0.023306044712878782,-0.013228084588597144,1.0,0.9393518352623015
2026-02-19,3.2970649485445467,2.7145173769505972,6.539994654671926,-0.028159640263964558,-0.015830630123218614,1.0,0.9172510780666494
2026-02-20,3.312345154342088,2.727097773396569,6.587291500877075,-0.023655658410140723,-0.008713176702422776,1.0,0.9245887009115958
2026-02-23,3.286462134647004,2.7057879393997366,6.520026256157566,-0.03128491763435748,-0.018835569304520128,1.0,0.9051683196719903
2026-02-24,3.3070030450770607,2.722699543863394,6.567416905761491,-0.02523029447915881,-0.01170399990401172,1.0,0.9489611824390217
2026-02-25,3.331931597854162,2.7432235525656017,6.622834781215641,-0.01788237319866004,-0.0033644555396048492,1.0,0.9161199559611616
2026-02-26,3.3251621371467768,2.737650165626138,6.586048605843298,-0.019877734294591276,-0.00890021343361369,1.0,0.8806483036588866
2026-02-27,3.2991028977793975,2.7161952476318496,6.554422789946099,-0.027558935895554915,-0.013659415993687696,1.0,0.8952426947674762
2026-03-02,3.2905855313327956,2.7091827866746083,6.558149716233704,-0.030069508359443775,-0.013098570474734839,1.0,0.9211503011107298
2026-03-03,3.260016959831189,2.6840152756232114,6.500343958009473,-0.03907987727494,-0.02179745474769834,1.0,0.9554366974038215
2026-03-04,3.2593649564392226,2.7021867971354325,6.546205612213356,-0.03927206129948513,-0.014895975816503815,0.0,1.0012743875660968
2026-03-05,3.2170967094024157,2.667684610975431,6.5097072960210065,-0.05173101768849875,-0.020388415297769802,1.0,0.9488559502600462
2026-03-06,3.13009012368918,2.5955369105092463,6.424383724494706,-0.07737701280190468,-0.033228310444272435,1.0,0.9953897482171966
2026-03-09,3.129464105664442,2.644916668183588,6.480661073590136,-0.07756153739934424,-0.02475942841574985,0.0,1.0700290483112178
2026-03-10,3.129464105664442,2.619274755096025,6.4702459649698305,-0.07756153739934424,-0.026326743288204946,0.0,1.0063141218014464
2026-03-11,3.1573583089697297,2.643145285408749,6.462124935720832,-0.0693394632219072,-0.027548834231815866,1.0,0.9772638093422997
2026-03-12,3.1142007323556786,2.6070164289425604,6.363997786532902,-0.08206055772156207,-0.04231547238420341,1.0,0.9703644640086664
2026-03-13,3.1135778922092077,2.598257723847274,6.327976695131824,-0.0822441456100177,-0.04773609681868196,0.0,1.0126159268065067
2026-03-16,3.1597858154424445,2.63733754558856,6.392375659747495,-0.06862393325797789,-0.03804503562167516,1.0,0.9967008546781465
2026-03-17,3.1688699219273513,2.6449196592190733,6.409191091520508,-0.06594630893090192,-0.035514569808460794,1.0,0.9434189377216231
2026-03-18,3.1132021210394103,2.598456136076269,6.319759517399079,-0.08235490763458608,-0.0489726566414983,1.0,0.9194410222008954
2026-03-19,3.1306234976645095,2.6129970111079457,6.3041858081173565,-0.07721979589409489,-0.05131626217326857,1.0,0.9446536334525403
2026-03-20,3.0860981911246617,2.5758336495622083,6.213810337295747,-0.09034404142773067,-0.06491639105216318,1.0,0.9420516498639763
2026-03-23,3.1183770242177724,2.602775405559783,6.279055291314127,-0.08082955710466144,-0.05509802136312414,1.0,0.9763033066735646
2026-03-24,3.1177533488129288,2.591782070236511,6.257977667609246,-0.08101339119324047,-0.0582698820045261,0.0,1.001915694168563
2026-03-25,3.1177533488129288,2.6014357591562205,6.29285142618905,-0.08101339119324047,-0.05302191364690623,0.0,1.014683755342605
2026-03-26,3.074287198645453,2.5656881364679167,6.180469091743438,-0.09382544059910602,-0.06993373959123006,1.0,0.9882949991966512
2026-03-27,3.073672341205724,2.5260387973898957,6.075080386947791,-0.09400667551098618,-0.0857931310231127,0.0,1.010309284026545
2026-03-30,3.073672341205724,2.5306726806992197,6.054769019756659,-0.09400667551098618,-0.08884968175523789,0.0,1.0608131026442877
2026-03-31,3.073672341205724,2.577796339376691,6.230768232980651,-0.09400667551098618,-0.06236448659476035,0.0,1.0508067587323078
2026-04-01,3.0870169285597204,2.5895036017973267,6.2777139027116355,-0.09007323507925868,-0.0552998798730131,1.0,0.988258346535471
2026-04-02,3.0877688554257117,2.5901343457721193,6.283366730030351,-0.08985159768741324,-0.0544492156455878,1.0,0.9871278920959351
2026-04-06,3.1028710700016795,2.602802640097875,6.31306723116768,-0.08540008039085578,-0.049979743569113166,1.0,0.9656149135532016
2026-04-07,3.0810445584424704,2.584493757573019,6.315844984313923,-0.0918336463583228,-0.0495617341198763,1.0,0.9757771317450415
2026-04-08,3.080428349530782,2.6355868398079676,6.476707260331743,-0.0920152796290511,-0.025354416960632453,0.0,1.008212761348538
2026-04-09,3.102216115171357,2.654755373847694,6.514071499149041,-0.08559313437912874,-0.019731669341645275,1.0,0.9276895818735276
2026-04-10,3.0948380211916007,2.6484414892199526,6.509760646704058,-0.08776789575609767,-0.02038038683430854,1.0,0.8936267985900136
2026-04-13,3.1183375783980467,2.6685514923469937,6.5733769392111965,-0.08084118412452013,-0.01080710584302802,1.0,0.879688904989959
2026-04-14,3.1294553720712686,2.6780656658937603,6.653472730069484,-0.07756411170663391,0.0,1.0,0.8959700029655965
2026-04-15,3.124568690391406,2.673883834593725,6.705975078635438,-0.07900450628659805,0.0,1.0,0.8818443933293733
2026-04-16,3.125467285068169,2.674652816817556,6.722453990715345,-0.07873963720226052,0.0,1.0,0.874398431164497
2026-04-17,3.133429627872431,2.6814666787676167,6.803699459479875,-0.0763926630855839,0.0,1.0,0.8637457681564067
2026-04-20,3.123113580116279,2.672638608059203,6.790093862758714,-0.0794334134859721,-0.0019997351150196074,1.0,0.8522671772272805
2026-04-21,3.1116761795050687,2.6628509273792638,6.745639845807707,-0.08280469300212201,-0.00853353591203554,1.0,0.8884180886696217
2026-04-22,3.119648478399043,2.6696733093619995,6.813950998423564,-0.0804547842360046,0.0,1.0,0.9065550810091124
2026-04-23,3.120320619483938,2.6702485014475488,6.787507820308718,-0.08025666444038881,-0.0038807408683985134,1.0,0.8907721376592074
2026-04-24,3.1146396711465414,2.66538696776732,6.840106317358417,-0.08193117645699144,0.0,1.0,0.8989758105921074
2026-04-27,3.135417456609249,2.683167784952821,6.851890369329604,-0.0758067321971021,0.0,1.0,0.8784037873318735
2026-04-28,3.1448935134645524,2.6912770242596746,6.818549123777296,-0.07301357687657917,-0.004865992267119479,1.0,0.8675974772674719
2026-04-29,3.13065583859434,2.6790929782520663,6.8174955943547975,-0.07721026310618462,-0.005019749750924896,1.0,0.8701805856109579
2026-04-30,3.148311081446372,2.694201645442852,6.885327177094416,-0.07200621713429078,0.0,1.0,0.8876828469054371
2026-05-01,3.1434644474850932,2.690054085416053,6.904393304166803,-0.07343480727914586,0.0,1.0,0.8411354613632243
2026-05-04,3.136827205002665,2.6843741925608824,6.8790998039582,-0.07539119583152365,-0.0036633921467564834,1.0,0.8340696759951335
2026-05-05,3.137296433181095,2.684775739707181,6.93428551600038,-0.07525288649008188,0.0,1.0,0.8688836419432594
2026-05-06,3.151114722914597,2.696600892296646,7.030667921971084,-0.07117981790480232,0.0,1.0,0.8347742677595047
2026-05-07,3.156708625662814,2.701387935761795,7.0091113146612045,-0.06953096337994513,-0.0030660824190705815,1.0,0.8454059435098406
2026-05-08,3.1520175829619173,2.6973735246579875,7.066979217637124,-0.07091369156307936,0.0,1.0,0.8393120235787651
2026-05-11,3.14363518691803,2.6902001975534056,7.083074708324535,-0.07338448025358946,0.0,1.0,0.8385365853658537
2026-05-12,3.1583152401918024,2.7027628137187736,7.0723441857758464,-0.06905739890178753,-0.0015149526145865622,1.0,0.8653484085716823
2026-05-13,3.1451029897637204,2.6914562858940236,7.11191280446437,-0.07295183180175746,0.0,1.0,0.8550379856078585
2026-05-14,3.160062474586858,2.704258028664296,7.168056483716545,-0.0685423854187247,0.0,1.0,0.843720478872377
2026-05-15,3.1541505356185504,2.6991988222249965,7.081829468205787,-0.07028498405823103,-0.012029343756796207,1.0,0.8278177306576786
2026-05-18,3.1689074849493646,2.7118272430322983,7.076847335188317,-0.06593523688306668,-0.01272439031910877,1.0,0.8628276907009256
2026-05-19,3.1612036515284707,2.7052346033147345,7.029709954761086,-0.06820601297026907,-0.019300423939143996,1.0,0.8518164404881244
2026-05-20,3.1754532037375927,2.717428813485034,7.101757414004425,-0.06400582578526881,-0.009249239296973966,1.0,0.8551136023844746
2026-05-21,3.1932666150160305,2.732672835036827,7.115840821788099,-0.05875515820815447,-0.007284493648600954,1.0,0.8400770620289798
2026-05-22,3.18974419277543,2.7296584836747595,7.143817099201684,-0.05979342471211235,-0.003381583916076125,1.0,0.8380000000000001
2026-05-26,3.2095559377618725,2.746612601155757,7.191242338808908,-0.05395372980918889,0.0,1.0,0.833749347354456
2026-05-27,3.2228436142439527,2.7579836756512566,7.18999651241892,-0.05003706438283706,-0.0001732421647460125,1.0,0.8552036461525834
2026-05-28,3.234333723821947,2.7678164626060737,7.229660693319947,-0.04665024841167642,0.0,1.0,0.8375321008233273
2026-05-29,3.2455285053047658,2.7773965193130263,7.2476727046985925,-0.04335048312551448,0.0,1.0,0.8236525116317323
